Date,Store,Product,Category,Region,Season,Promo,Epidemic,Actual,Predicted,Error
2023-09-07,S001,P0001,Electronics,North,Autumn,0,0,103,86.6,16.4
2023-09-08,S001,P0001,Electronics,North,Autumn,0,0,96,85.0,11.0
2023-09-09,S001,P0001,Electronics,North,Autumn,0,0,80,84.9,-4.9
2023-09-10,S001,P0001,Electronics,North,Autumn,0,0,164,87.9,76.1
2023-09-11,S001,P0001,Electronics,North,Autumn,1,0,108,126.7,-18.7
2023-09-12,S001,P0001,Electronics,North,Autumn,0,0,83,91.4,-8.3
2023-09-13,S001,P0001,Electronics,North,Autumn,1,0,108,106.6,1.3
2023-09-14,S001,P0001,Electronics,North,Autumn,1,0,133,131.0,2.0
2023-09-15,S001,P0001,Electronics,North,Autumn,1,0,49,109.5,-60.5
2023-09-16,S001,P0001,Electronics,North,Autumn,0,0,72,86.6,-14.6
2023-09-17,S001,P0001,Electronics,North,Autumn,0,0,96,93.2,2.8
2023-09-18,S001,P0001,Electronics,North,Autumn,1,0,120,115.1,4.9
2023-09-19,S001,P0001,Electronics,North,Autumn,1,0,103,109.6,-6.6
2023-09-20,S001,P0001,Electronics,North,Autumn,0,0,103,102.0,1.0
2023-09-21,S001,P0001,Electronics,North,Autumn,0,0,59,84.5,-25.5
2023-09-22,S001,P0001,Electronics,North,Autumn,0,0,84,90.6,-6.6
2023-09-23,S001,P0001,Electronics,North,Autumn,0,0,88,102.7,-14.7
2023-09-24,S001,P0001,Electronics,North,Autumn,1,0,120,116.1,3.9
2023-09-25,S001,P0001,Electronics,North,Autumn,0,0,135,90.3,44.7
2023-09-26,S001,P0001,Electronics,North,Autumn,0,0,91,93.2,-2.2
2023-09-27,S001,P0001,Electronics,North,Autumn,0,0,97,91.2,5.8
2023-09-28,S001,P0001,Electronics,North,Autumn,1,0,47,108.1,-61.1
2023-09-29,S001,P0001,Electronics,North,Autumn,0,0,107,102.8,4.2
2023-09-30,S001,P0001,Electronics,North,Autumn,0,0,92,87.6,4.4
2023-10-01,S001,P0001,Electronics,North,Autumn,1,0,98,102.8,-4.8
2023-10-02,S001,P0001,Electronics,North,Autumn,1,0,169,133.8,35.2
2023-10-03,S001,P0001,Electronics,North,Autumn,0,0,72,92.2,-20.2
2023-10-04,S001,P0001,Electronics,North,Autumn,0,0,90,92.5,-2.5
2023-10-05,S001,P0001,Electronics,North,Autumn,0,0,78,87.0,-9.0
2023-10-06,S001,P0001,Electronics,North,Autumn,0,0,80,89.0,-9.0
2023-10-07,S001,P0001,Electronics,North,Autumn,0,1,58,59.3,-1.3
2023-10-08,S001,P0001,Electronics,North,Autumn,0,1,23,49.2,-26.2
2023-10-09,S001,P0001,Electronics,North,Autumn,1,1,44,56.0,-12.0
2023-10-10,S001,P0001,Electronics,North,Autumn,0,1,43,47.9,-4.9
2023-10-11,S001,P0001,Electronics,North,Autumn,0,1,82,51.4,30.6
2023-10-12,S001,P0001,Electronics,North,Autumn,1,1,49,60.7,-11.7
2023-10-13,S001,P0001,Electronics,North,Autumn,0,1,38,41.9,-3.9
2023-10-14,S001,P0001,Electronics,North,Autumn,0,1,34,41.7,-7.7
2023-10-15,S001,P0001,Electronics,North,Autumn,0,1,28,43.0,-15.0
2023-10-16,S001,P0001,Electronics,North,Autumn,0,1,46,45.7,0.3
2023-10-17,S001,P0001,Electronics,North,Autumn,1,1,66,63.5,2.5
2023-10-18,S001,P0001,Electronics,North,Autumn,0,1,20,40.7,-20.7
2023-10-19,S001,P0001,Electronics,North,Autumn,1,1,53,74.5,-21.5
2023-10-20,S001,P0001,Electronics,North,Autumn,1,1,77,65.6,11.4
2023-10-21,S001,P0001,Electronics,North,Autumn,0,1,36,41.6,-5.6
2023-10-22,S001,P0001,Electronics,North,Autumn,0,1,47,44.7,2.3
2023-10-23,S001,P0001,Electronics,North,Autumn,1,1,101,62.8,38.2
2023-10-24,S001,P0001,Electronics,North,Autumn,0,1,53,50.8,2.2
2023-10-25,S001,P0001,Electronics,North,Autumn,1,0,152,116.1,35.9
2023-10-26,S001,P0001,Electronics,North,Autumn,1,0,106,114.1,-8.1
2023-10-27,S001,P0001,Electronics,North,Autumn,0,0,143,101.6,41.4
2023-10-28,S001,P0001,Electronics,North,Autumn,0,0,114,103.2,10.8
2023-10-29,S001,P0001,Electronics,North,Autumn,0,0,162,105.1,56.9
2023-10-30,S001,P0001,Electronics,North,Autumn,0,0,109,88.4,20.7
2023-10-31,S001,P0001,Electronics,North,Autumn,0,0,66,84.6,-18.6
2023-11-01,S001,P0001,Electronics,North,Autumn,1,0,99,114.4,-15.5
2023-11-02,S001,P0001,Electronics,North,Autumn,0,0,128,105.0,23.0
2023-11-03,S001,P0001,Electronics,North,Autumn,1,0,137,116.4,20.6
2023-11-04,S001,P0001,Electronics,North,Autumn,0,0,120,92.5,27.5
2023-11-05,S001,P0001,Electronics,North,Autumn,0,0,105,90.9,14.1
2023-11-06,S001,P0001,Electronics,North,Autumn,0,0,97,91.0,6.0
2023-11-07,S001,P0001,Electronics,North,Autumn,1,0,99,103.8,-4.8
2023-11-08,S001,P0001,Electronics,North,Autumn,1,0,144,128.9,15.1
2023-11-09,S001,P0001,Electronics,North,Autumn,0,0,117,88.3,28.7
2023-11-10,S001,P0001,Electronics,North,Autumn,0,0,77,87.0,-10.0
2023-11-11,S001,P0001,Electronics,North,Autumn,0,0,91,87.3,3.7
2023-11-12,S001,P0001,Electronics,North,Autumn,1,0,95,108.8,-13.8
2023-11-13,S001,P0001,Electronics,North,Autumn,1,0,35,108.4,-73.4
2023-11-14,S001,P0001,Electronics,North,Autumn,0,0,122,88.2,33.8
2023-11-15,S001,P0001,Electronics,North,Autumn,0,0,90,86.9,3.1
2023-11-16,S001,P0001,Electronics,North,Autumn,1,0,164,112.9,51.1
2023-11-17,S001,P0001,Electronics,North,Autumn,0,0,102,89.7,12.3
2023-11-18,S001,P0001,Electronics,North,Autumn,1,0,106,104.1,1.9
2023-11-19,S001,P0001,Electronics,North,Autumn,0,0,127,106.3,20.7
2023-11-20,S001,P0001,Electronics,North,Autumn,1,0,132,118.5,13.5
2023-11-21,S001,P0001,Electronics,North,Autumn,0,0,56,97.2,-41.2
2023-11-22,S001,P0001,Electronics,North,Autumn,0,0,100,91.2,8.8
2023-11-23,S001,P0001,Electronics,North,Autumn,0,0,71,84.8,-13.8
2023-11-24,S001,P0001,Electronics,North,Autumn,0,0,56,89.5,-33.5
2023-11-25,S001,P0001,Electronics,North,Autumn,0,0,107,90.4,16.6
2023-11-26,S001,P0001,Electronics,North,Autumn,1,0,148,143.6,4.4
2023-11-27,S001,P0001,Electronics,North,Autumn,0,0,88,102.2,-14.2
2023-11-28,S001,P0001,Electronics,North,Autumn,0,0,139,90.1,48.9
2023-11-29,S001,P0001,Electronics,North,Autumn,0,0,148,105.0,43.0
2023-11-30,S001,P0001,Electronics,North,Autumn,0,0,99,93.3,5.7
2023-12-01,S001,P0001,Electronics,North,Winter,0,0,109,104.5,4.5
2023-12-02,S001,P0001,Electronics,North,Winter,1,0,160,117.8,42.2
2023-12-03,S001,P0001,Electronics,North,Winter,0,0,119,77.2,41.8
2023-12-04,S001,P0001,Electronics,North,Winter,1,0,73,110.2,-37.2
2023-12-05,S001,P0001,Electronics,North,Winter,0,0,24,89.5,-65.5
2023-12-06,S001,P0001,Electronics,North,Winter,0,0,142,104.8,37.2
2023-12-07,S001,P0001,Electronics,North,Winter,0,0,131,94.0,37.0
2023-12-08,S001,P0001,Electronics,North,Winter,1,0,147,123.6,23.4
2023-12-09,S001,P0001,Electronics,North,Winter,0,0,99,88.2,10.8
2023-12-10,S001,P0001,Electronics,North,Winter,1,0,127,108.6,18.4
2023-12-11,S001,P0001,Electronics,North,Winter,0,0,67,89.0,-22.0
2023-12-12,S001,P0001,Electronics,North,Winter,1,0,161,140.3,20.7
2023-12-13,S001,P0001,Electronics,North,Winter,0,0,40,99.5,-59.5
2023-12-14,S001,P0001,Electronics,North,Winter,0,0,75,100.8,-25.8
2023-12-15,S001,P0001,Electronics,North,Winter,1,0,69,104.3,-35.3
2023-12-16,S001,P0001,Electronics,North,Winter,0,0,70,84.5,-14.5
2023-12-17,S001,P0001,Electronics,North,Winter,0,0,36,83.5,-47.5
2023-12-18,S001,P0001,Electronics,North,Winter,0,0,109,90.7,18.3
2023-12-19,S001,P0001,Electronics,North,Winter,0,0,118,104.7,13.3
2023-12-20,S001,P0001,Electronics,North,Winter,0,0,104,89.3,14.7
2023-12-21,S001,P0001,Electronics,North,Winter,0,0,136,100.1,35.9
2023-12-22,S001,P0001,Electronics,North,Winter,0,0,64,100.0,-36.0
2023-12-23,S001,P0001,Electronics,North,Winter,0,0,89,91.4,-2.5
2023-12-24,S001,P0001,Electronics,North,Winter,1,0,147,135.8,11.2
2023-12-25,S001,P0001,Electronics,North,Winter,1,0,72,104.1,-32.1
2023-12-26,S001,P0001,Electronics,North,Winter,1,0,132,108.4,23.6
2023-12-27,S001,P0001,Electronics,North,Winter,1,1,51,100.8,-49.8
2023-12-28,S001,P0001,Electronics,North,Winter,0,1,73,72.2,0.8
2023-12-29,S001,P0001,Electronics,North,Winter,0,1,90,53.1,36.9
2023-12-30,S001,P0001,Electronics,North,Winter,0,1,54,51.5,2.5
2023-12-31,S001,P0001,Electronics,North,Winter,0,1,60,48.0,12.0
2024-01-01,S001,P0001,Electronics,North,Winter,0,1,62,51.9,10.1
2024-01-02,S001,P0001,Electronics,North,Winter,0,1,31,48.8,-17.8
2024-01-03,S001,P0001,Electronics,North,Winter,1,1,52,66.0,-14.0
2024-01-04,S001,P0001,Electronics,North,Winter,1,1,47,61.0,-14.0
2024-01-05,S001,P0001,Electronics,North,Winter,0,1,71,49.9,21.1
2024-01-06,S001,P0001,Electronics,North,Winter,1,1,52,55.0,-3.0
2024-01-07,S001,P0001,Electronics,North,Winter,0,1,71,49.3,21.7
2024-01-08,S001,P0001,Electronics,North,Winter,1,1,28,62.7,-34.7
2024-01-09,S001,P0001,Electronics,North,Winter,0,0,75,93.9,-18.9
2024-01-10,S001,P0001,Electronics,North,Winter,0,0,98,100.9,-2.9
2024-01-11,S001,P0001,Electronics,North,Winter,1,0,141,118.6,22.4
2024-01-12,S001,P0001,Electronics,North,Winter,0,0,83,95.9,-12.9
2024-01-13,S001,P0001,Electronics,North,Winter,1,0,111,124.2,-13.2
2024-01-14,S001,P0001,Electronics,North,Winter,0,0,74,88.7,-14.7
2024-01-15,S001,P0001,Electronics,North,Winter,0,0,114,95.3,18.7
2024-01-16,S001,P0001,Electronics,North,Winter,0,0,31,87.0,-56.0
2024-01-17,S001,P0001,Electronics,North,Winter,0,0,88,90.1,-2.1
2024-01-18,S001,P0001,Electronics,North,Winter,0,0,86,99.0,-13.0
2024-01-19,S001,P0001,Electronics,North,Winter,1,0,90,117.6,-27.7
2024-01-20,S001,P0001,Electronics,North,Winter,0,0,141,101.7,39.3
2024-01-21,S001,P0001,Electronics,North,Winter,1,0,109,123.2,-14.2
2024-01-22,S001,P0001,Electronics,North,Winter,1,0,218,132.1,85.9
2024-01-23,S001,P0001,Electronics,North,Winter,0,0,68,102.7,-34.7
2024-01-24,S001,P0001,Electronics,North,Winter,1,0,98,110.8,-12.8
2024-01-25,S001,P0001,Electronics,North,Winter,0,0,137,104.8,32.2
2024-01-26,S001,P0001,Electronics,North,Winter,0,0,72,85.1,-13.1
2024-01-27,S001,P0001,Electronics,North,Winter,0,0,99,88.3,10.7
2024-01-28,S001,P0001,Electronics,North,Winter,0,0,139,94.9,44.1
2024-01-29,S001,P0001,Electronics,North,Winter,0,0,112,92.0,20.0
2024-01-30,S001,P0001,Electronics,North,Winter,0,0,111,89.8,21.2
2023-09-07,S001,P0002,Clothing,North,Autumn,0,0,67,89.0,-22.0
2023-09-08,S001,P0002,Clothing,North,Autumn,0,0,112,102.3,9.7
2023-09-09,S001,P0002,Clothing,North,Autumn,0,0,145,94.5,50.5
2023-09-10,S001,P0002,Clothing,North,Autumn,1,0,92,118.6,-26.6
2023-09-11,S001,P0002,Clothing,North,Autumn,0,0,90,112.3,-22.3
2023-09-12,S001,P0002,Clothing,North,Autumn,0,0,107,98.2,8.8
2023-09-13,S001,P0002,Clothing,North,Autumn,0,0,110,103.6,6.3
2023-09-14,S001,P0002,Clothing,North,Autumn,0,0,123,109.7,13.3
2023-09-15,S001,P0002,Clothing,North,Autumn,1,0,118,129.6,-11.6
2023-09-16,S001,P0002,Clothing,North,Autumn,0,0,73,86.7,-13.7
2023-09-17,S001,P0002,Clothing,North,Autumn,1,0,163,137.1,25.9
2023-09-18,S001,P0002,Clothing,North,Autumn,0,0,77,86.4,-9.4
2023-09-19,S001,P0002,Clothing,North,Autumn,0,0,126,102.7,23.3
2023-09-20,S001,P0002,Clothing,North,Autumn,1,0,128,133.0,-4.9
2023-09-21,S001,P0002,Clothing,North,Autumn,0,0,105,94.1,10.9
2023-09-22,S001,P0002,Clothing,North,Autumn,0,0,89,97.6,-8.6
2023-09-23,S001,P0002,Clothing,North,Autumn,0,0,134,114.8,19.2
2023-09-24,S001,P0002,Clothing,North,Autumn,1,0,187,145.9,41.1
2023-09-25,S001,P0002,Clothing,North,Autumn,0,0,40,93.7,-53.7
2023-09-26,S001,P0002,Clothing,North,Autumn,0,0,119,102.4,16.6
2023-09-27,S001,P0002,Clothing,North,Autumn,1,0,124,130.4,-6.4
2023-09-28,S001,P0002,Clothing,North,Autumn,0,0,89,99.1,-10.1
2023-09-29,S001,P0002,Clothing,North,Autumn,0,0,151,120.7,30.3
2023-09-30,S001,P0002,Clothing,North,Autumn,0,0,50,91.9,-41.9
2023-10-01,S001,P0002,Clothing,North,Autumn,0,0,116,89.2,26.8
2023-10-02,S001,P0002,Clothing,North,Autumn,0,0,123,110.4,12.6
2023-10-03,S001,P0002,Clothing,North,Autumn,1,0,64,115.8,-51.8
2023-10-04,S001,P0002,Clothing,North,Autumn,1,0,242,144.7,97.3
2023-10-05,S001,P0002,Clothing,North,Autumn,1,0,185,128.9,56.1
2023-10-06,S001,P0002,Clothing,North,Autumn,0,0,97,110.3,-13.3
2023-10-07,S001,P0002,Clothing,North,Autumn,0,1,67,91.9,-24.9
2023-10-08,S001,P0002,Clothing,North,Autumn,1,1,191,150.4,40.6
2023-10-09,S001,P0002,Clothing,North,Autumn,0,1,128,124.9,3.1
2023-10-10,S001,P0002,Clothing,North,Autumn,0,1,161,140.0,21.0
2023-10-11,S001,P0002,Clothing,North,Autumn,0,1,110,116.8,-6.8
2023-10-12,S001,P0002,Clothing,North,Autumn,0,1,141,128.3,12.7
2023-10-13,S001,P0002,Clothing,North,Autumn,0,1,95,106.8,-11.8
2023-10-14,S001,P0002,Clothing,North,Autumn,1,1,184,147.2,36.8
2023-10-15,S001,P0002,Clothing,North,Autumn,0,1,114,130.1,-16.1
2023-10-16,S001,P0002,Clothing,North,Autumn,0,1,54,84.0,-30.0
2023-10-17,S001,P0002,Clothing,North,Autumn,1,1,80,133.7,-53.7
2023-10-18,S001,P0002,Clothing,North,Autumn,1,1,156,127.9,28.1
2023-10-19,S001,P0002,Clothing,North,Autumn,0,1,43,96.1,-53.1
2023-10-20,S001,P0002,Clothing,North,Autumn,0,1,154,113.4,40.6
2023-10-21,S001,P0002,Clothing,North,Autumn,0,1,90,102.2,-12.2
2023-10-22,S001,P0002,Clothing,North,Autumn,0,1,106,106.2,-0.2
2023-10-23,S001,P0002,Clothing,North,Autumn,1,1,153,125.3,27.7
2023-10-24,S001,P0002,Clothing,North,Autumn,0,1,89,100.2,-11.2
2023-10-25,S001,P0002,Clothing,North,Autumn,1,0,185,151.3,33.7
2023-10-26,S001,P0002,Clothing,North,Autumn,1,0,144,135.7,8.3
2023-10-27,S001,P0002,Clothing,North,Autumn,0,0,66,114.1,-48.1
2023-10-28,S001,P0002,Clothing,North,Autumn,0,0,192,129.6,62.4
2023-10-29,S001,P0002,Clothing,North,Autumn,0,0,92,129.7,-37.7
2023-10-30,S001,P0002,Clothing,North,Autumn,0,0,91,98.2,-7.2
2023-10-31,S001,P0002,Clothing,North,Autumn,0,0,61,88.2,-27.2
2023-11-01,S001,P0002,Clothing,North,Autumn,0,0,87,92.3,-5.3
2023-11-02,S001,P0002,Clothing,North,Autumn,0,0,61,103.0,-42.0
2023-11-03,S001,P0002,Clothing,North,Autumn,1,0,95,109.9,-14.9
2023-11-04,S001,P0002,Clothing,North,Autumn,0,0,85,96.9,-11.9
2023-11-05,S001,P0002,Clothing,North,Autumn,0,0,94,85.2,8.8
2023-11-06,S001,P0002,Clothing,North,Autumn,0,0,97,89.3,7.7
2023-11-07,S001,P0002,Clothing,North,Autumn,1,0,153,105.5,47.5
2023-11-08,S001,P0002,Clothing,North,Autumn,1,0,19,135.2,-116.2
2023-11-09,S001,P0002,Clothing,North,Autumn,0,0,99,84.1,14.9
2023-11-10,S001,P0002,Clothing,North,Autumn,1,0,111,109.4,1.6
2023-11-11,S001,P0002,Clothing,North,Autumn,1,0,115,109.9,5.1
2023-11-12,S001,P0002,Clothing,North,Autumn,1,0,157,129.5,27.5
2023-11-13,S001,P0002,Clothing,North,Autumn,0,0,147,97.6,49.4
2023-11-14,S001,P0002,Clothing,North,Autumn,0,0,113,90.4,22.6
2023-11-15,S001,P0002,Clothing,North,Autumn,1,0,104,109.5,-5.5
2023-11-16,S001,P0002,Clothing,North,Autumn,0,0,66,96.5,-30.5
2023-11-17,S001,P0002,Clothing,North,Autumn,0,0,139,94.6,44.4
2023-11-18,S001,P0002,Clothing,North,Autumn,1,0,119,113.8,5.2
2023-11-19,S001,P0002,Clothing,North,Autumn,0,0,92,107.4,-15.4
2023-11-20,S001,P0002,Clothing,North,Autumn,1,0,21,102.2,-81.2
2023-11-21,S001,P0002,Clothing,North,Autumn,0,0,180,106.7,73.3
2023-11-22,S001,P0002,Clothing,North,Autumn,0,0,116,96.8,19.2
2023-11-23,S001,P0002,Clothing,North,Autumn,0,0,54,85.3,-31.3
2023-11-24,S001,P0002,Clothing,North,Autumn,0,0,68,94.4,-26.4
2023-11-25,S001,P0002,Clothing,North,Autumn,1,0,75,111.1,-36.1
2023-11-26,S001,P0002,Clothing,North,Autumn,0,0,131,110.0,21.0
2023-11-27,S001,P0002,Clothing,North,Autumn,0,0,121,108.6,12.3
2023-11-28,S001,P0002,Clothing,North,Autumn,0,0,58,84.3,-26.3
2023-11-29,S001,P0002,Clothing,North,Autumn,0,0,62,108.2,-46.2
2023-11-30,S001,P0002,Clothing,North,Autumn,0,0,165,95.7,69.3
2023-12-01,S001,P0002,Clothing,North,Winter,1,0,156,139.7,16.3
2023-12-02,S001,P0002,Clothing,North,Winter,0,0,83,94.6,-11.5
2023-12-03,S001,P0002,Clothing,North,Winter,0,0,78,94.6,-16.6
2023-12-04,S001,P0002,Clothing,North,Winter,1,0,191,141.6,49.4
2023-12-05,S001,P0002,Clothing,North,Winter,0,0,127,97.2,29.8
2023-12-06,S001,P0002,Clothing,North,Winter,0,0,114,118.6,-4.6
2023-12-07,S001,P0002,Clothing,North,Winter,0,0,154,131.1,22.9
2023-12-08,S001,P0002,Clothing,North,Winter,0,0,129,123.7,5.3
2023-12-09,S001,P0002,Clothing,North,Winter,0,0,95,98.4,-3.4
2023-12-10,S001,P0002,Clothing,North,Winter,0,0,143,118.5,24.5
2023-12-11,S001,P0002,Clothing,North,Winter,0,0,43,91.2,-48.2
2023-12-12,S001,P0002,Clothing,North,Winter,1,0,130,157.9,-27.9
2023-12-13,S001,P0002,Clothing,North,Winter,0,0,177,114.9,62.1
2023-12-14,S001,P0002,Clothing,North,Winter,0,0,111,115.2,-4.2
2023-12-15,S001,P0002,Clothing,North,Winter,0,0,188,99.2,88.8
2023-12-16,S001,P0002,Clothing,North,Winter,0,0,66,102.4,-36.4
2023-12-17,S001,P0002,Clothing,North,Winter,0,0,107,102.2,4.8
2023-12-18,S001,P0002,Clothing,North,Winter,0,0,170,102.5,67.5
2023-12-19,S001,P0002,Clothing,North,Winter,0,0,133,135.9,-2.9
2023-12-20,S001,P0002,Clothing,North,Winter,1,0,206,157.4,48.7
2023-12-21,S001,P0002,Clothing,North,Winter,1,0,184,187.6,-3.6
2023-12-22,S001,P0002,Clothing,North,Winter,1,0,148,179.3,-31.3
2023-12-23,S001,P0002,Clothing,North,Winter,1,0,131,144.7,-13.7
2023-12-24,S001,P0002,Clothing,North,Winter,1,0,127,176.7,-49.7
2023-12-25,S001,P0002,Clothing,North,Winter,0,0,64,100.7,-36.7
2023-12-26,S001,P0002,Clothing,North,Winter,0,0,154,128.3,25.7
2023-12-27,S001,P0002,Clothing,North,Winter,1,1,96,132.4,-36.4
2023-12-28,S001,P0002,Clothing,North,Winter,1,1,150,157.6,-7.7
2023-12-29,S001,P0002,Clothing,North,Winter,0,1,253,141.8,111.2
2023-12-30,S001,P0002,Clothing,North,Winter,0,1,97,101.4,-4.4
2023-12-31,S001,P0002,Clothing,North,Winter,0,1,141,133.3,7.7
2024-01-01,S001,P0002,Clothing,North,Winter,1,1,105,132.6,-27.6
2024-01-02,S001,P0002,Clothing,North,Winter,0,1,172,141.2,30.8
2024-01-03,S001,P0002,Clothing,North,Winter,1,1,156,157.2,-1.2
2024-01-04,S001,P0002,Clothing,North,Winter,0,1,115,117.0,-2.0
2024-01-05,S001,P0002,Clothing,North,Winter,0,1,62,93.2,-31.2
2024-01-06,S001,P0002,Clothing,North,Winter,0,1,157,118.6,38.4
2024-01-07,S001,P0002,Clothing,North,Winter,1,1,132,138.7,-6.7
2024-01-08,S001,P0002,Clothing,North,Winter,0,1,172,128.5,43.5
2024-01-09,S001,P0002,Clothing,North,Winter,0,0,73,92.2,-19.2
2024-01-10,S001,P0002,Clothing,North,Winter,0,0,147,127.6,19.4
2024-01-11,S001,P0002,Clothing,North,Winter,0,0,111,108.6,2.4
2024-01-12,S001,P0002,Clothing,North,Winter,0,0,131,116.1,14.9
2024-01-13,S001,P0002,Clothing,North,Winter,0,0,103,133.1,-30.1
2024-01-14,S001,P0002,Clothing,North,Winter,0,0,119,110.1,8.9
2024-01-15,S001,P0002,Clothing,North,Winter,1,0,123,130.6,-7.6
2024-01-16,S001,P0002,Clothing,North,Winter,1,0,153,142.7,10.3
2024-01-17,S001,P0002,Clothing,North,Winter,0,0,115,112.2,2.8
2024-01-18,S001,P0002,Clothing,North,Winter,0,0,134,132.4,1.6
2024-01-19,S001,P0002,Clothing,North,Winter,0,0,39,87.0,-48.0
2024-01-20,S001,P0002,Clothing,North,Winter,1,0,120,148.1,-28.1
2024-01-21,S001,P0002,Clothing,North,Winter,0,0,121,105.6,15.4
2024-01-22,S001,P0002,Clothing,North,Winter,0,0,147,128.8,18.2
2024-01-23,S001,P0002,Clothing,North,Winter,0,0,71,97.2,-26.2
2024-01-24,S001,P0002,Clothing,North,Winter,1,0,150,140.1,9.9
2024-01-25,S001,P0002,Clothing,North,Winter,1,0,91,149.8,-58.8
2024-01-26,S001,P0002,Clothing,North,Winter,1,0,144,150.3,-6.3
2024-01-27,S001,P0002,Clothing,North,Winter,1,0,125,127.9,-2.9
2024-01-28,S001,P0002,Clothing,North,Winter,0,0,114,113.2,0.8
2024-01-29,S001,P0002,Clothing,North,Winter,0,0,64,100.8,-36.8
2024-01-30,S001,P0002,Clothing,North,Winter,0,0,119,103.5,15.5
2023-09-07,S001,P0003,Clothing,North,Autumn,1,0,133,108.8,24.2
2023-09-08,S001,P0003,Clothing,North,Autumn,0,0,105,89.6,15.3
2023-09-09,S001,P0003,Clothing,North,Autumn,1,0,126,113.6,12.5
2023-09-10,S001,P0003,Clothing,North,Autumn,1,0,57,118.7,-61.7
2023-09-11,S001,P0003,Clothing,North,Autumn,1,0,164,148.2,15.8
2023-09-12,S001,P0003,Clothing,North,Autumn,0,0,98,98.6,-0.6
2023-09-13,S001,P0003,Clothing,North,Autumn,1,0,152,129.5,22.5
2023-09-14,S001,P0003,Clothing,North,Autumn,0,0,101,101.3,-0.3
2023-09-15,S001,P0003,Clothing,North,Autumn,0,0,72,99.2,-27.2
2023-09-16,S001,P0003,Clothing,North,Autumn,0,0,65,87.1,-22.1
2023-09-17,S001,P0003,Clothing,North,Autumn,0,0,59,98.9,-39.9
2023-09-18,S001,P0003,Clothing,North,Autumn,1,0,143,117.6,25.4
2023-09-19,S001,P0003,Clothing,North,Autumn,0,0,92,98.3,-6.3
2023-09-20,S001,P0003,Clothing,North,Autumn,0,0,165,115.0,50.0
2023-09-21,S001,P0003,Clothing,North,Autumn,0,0,71,87.8,-16.8
2023-09-22,S001,P0003,Clothing,North,Autumn,0,0,91,95.8,-4.8
2023-09-23,S001,P0003,Clothing,North,Autumn,1,0,173,151.6,21.3
2023-09-24,S001,P0003,Clothing,North,Autumn,0,0,110,99.5,10.5
2023-09-25,S001,P0003,Clothing,North,Autumn,0,0,96,99.2,-3.2
2023-09-26,S001,P0003,Clothing,North,Autumn,0,0,146,100.8,45.2
2023-09-27,S001,P0003,Clothing,North,Autumn,0,0,87,99.2,-12.2
2023-09-28,S001,P0003,Clothing,North,Autumn,0,0,133,101.1,31.9
2023-09-29,S001,P0003,Clothing,North,Autumn,0,0,91,102.6,-11.7
2023-09-30,S001,P0003,Clothing,North,Autumn,0,0,110,95.0,15.0
2023-10-01,S001,P0003,Clothing,North,Autumn,0,0,88,89.4,-1.4
2023-10-02,S001,P0003,Clothing,North,Autumn,1,0,179,135.5,43.5
2023-10-03,S001,P0003,Clothing,North,Autumn,0,0,86,100.1,-14.1
2023-10-04,S001,P0003,Clothing,North,Autumn,0,0,99,99.1,-0.1
2023-10-05,S001,P0003,Clothing,North,Autumn,1,0,148,109.1,38.9
2023-10-06,S001,P0003,Clothing,North,Autumn,1,0,174,131.8,42.2
2023-10-07,S001,P0003,Clothing,North,Autumn,0,1,67,76.3,-9.3
2023-10-08,S001,P0003,Clothing,North,Autumn,0,1,114,96.3,17.7
2023-10-09,S001,P0003,Clothing,North,Autumn,1,1,87,116.2,-29.2
2023-10-10,S001,P0003,Clothing,North,Autumn,0,1,145,94.7,50.3
2023-10-11,S001,P0003,Clothing,North,Autumn,1,1,191,160.5,30.5
2023-10-12,S001,P0003,Clothing,North,Autumn,0,1,76,79.1,-3.1
2023-10-13,S001,P0003,Clothing,North,Autumn,0,1,57,82.5,-25.5
2023-10-14,S001,P0003,Clothing,North,Autumn,0,1,67,77.9,-10.9
2023-10-15,S001,P0003,Clothing,North,Autumn,0,1,80,82.3,-2.3
2023-10-16,S001,P0003,Clothing,North,Autumn,0,1,76,81.5,-5.5
2023-10-17,S001,P0003,Clothing,North,Autumn,1,1,230,141.4,88.6
2023-10-18,S001,P0003,Clothing,North,Autumn,1,1,108,107.2,0.8
2023-10-19,S001,P0003,Clothing,North,Autumn,1,1,114,125.6,-11.6
2023-10-20,S001,P0003,Clothing,North,Autumn,0,1,150,108.2,41.8
2023-10-21,S001,P0003,Clothing,North,Autumn,0,1,140,106.8,33.2
2023-10-22,S001,P0003,Clothing,North,Autumn,0,1,105,95.4,9.5
2023-10-23,S001,P0003,Clothing,North,Autumn,1,1,167,133.6,33.4
2023-10-24,S001,P0003,Clothing,North,Autumn,0,1,80,80.6,-0.6
2023-10-25,S001,P0003,Clothing,North,Autumn,1,0,150,132.1,17.9
2023-10-26,S001,P0003,Clothing,North,Autumn,0,0,87,94.4,-7.4
2023-10-27,S001,P0003,Clothing,North,Autumn,0,0,82,109.2,-27.2
2023-10-28,S001,P0003,Clothing,North,Autumn,0,0,131,109.1,21.9
2023-10-29,S001,P0003,Clothing,North,Autumn,0,0,174,120.7,53.3
2023-10-30,S001,P0003,Clothing,North,Autumn,0,0,86,90.5,-4.5
2023-10-31,S001,P0003,Clothing,North,Autumn,0,0,106,91.4,14.6
2023-11-01,S001,P0003,Clothing,North,Autumn,0,0,119,90.4,28.6
2023-11-02,S001,P0003,Clothing,North,Autumn,0,0,113,108.6,4.3
2023-11-03,S001,P0003,Clothing,North,Autumn,0,0,70,89.6,-19.6
2023-11-04,S001,P0003,Clothing,North,Autumn,0,0,86,95.4,-9.3
2023-11-05,S001,P0003,Clothing,North,Autumn,0,0,102,96.2,5.8
2023-11-06,S001,P0003,Clothing,North,Autumn,1,0,140,109.4,30.7
2023-11-07,S001,P0003,Clothing,North,Autumn,0,0,105,98.4,6.6
2023-11-08,S001,P0003,Clothing,North,Autumn,1,0,214,154.6,59.4
2023-11-09,S001,P0003,Clothing,North,Autumn,0,0,96,88.3,7.7
2023-11-10,S001,P0003,Clothing,North,Autumn,0,0,115,95.4,19.6
2023-11-11,S001,P0003,Clothing,North,Autumn,1,0,128,119.1,8.9
2023-11-12,S001,P0003,Clothing,North,Autumn,1,0,138,119.0,19.0
2023-11-13,S001,P0003,Clothing,North,Autumn,0,0,159,119.0,40.0
2023-11-14,S001,P0003,Clothing,North,Autumn,1,0,130,117.6,12.4
2023-11-15,S001,P0003,Clothing,North,Autumn,1,0,149,138.5,10.5
2023-11-16,S001,P0003,Clothing,North,Autumn,0,0,120,104.4,15.7
2023-11-17,S001,P0003,Clothing,North,Autumn,0,0,107,84.8,22.2
2023-11-18,S001,P0003,Clothing,North,Autumn,1,0,154,133.2,20.8
2023-11-19,S001,P0003,Clothing,North,Autumn,1,0,130,146.8,-16.8
2023-11-20,S001,P0003,Clothing,North,Autumn,0,0,125,103.4,21.6
2023-11-21,S001,P0003,Clothing,North,Autumn,0,0,107,113.4,-6.4
2023-11-22,S001,P0003,Clothing,North,Autumn,0,0,139,116.2,22.8
2023-11-23,S001,P0003,Clothing,North,Autumn,1,0,125,122.4,2.6
2023-11-24,S001,P0003,Clothing,North,Autumn,0,0,102,95.2,6.8
2023-11-25,S001,P0003,Clothing,North,Autumn,0,0,90,85.6,4.4
2023-11-26,S001,P0003,Clothing,North,Autumn,0,0,178,117.1,60.9
2023-11-27,S001,P0003,Clothing,North,Autumn,1,0,144,137.6,6.4
2023-11-28,S001,P0003,Clothing,North,Autumn,0,0,41,97.2,-56.2
2023-11-29,S001,P0003,Clothing,North,Autumn,0,0,103,103.5,-0.5
2023-11-30,S001,P0003,Clothing,North,Autumn,0,0,135,104.8,30.2
2023-12-01,S001,P0003,Clothing,North,Winter,1,0,227,164.1,62.9
2023-12-02,S001,P0003,Clothing,North,Winter,1,0,209,150.6,58.4
2023-12-03,S001,P0003,Clothing,North,Winter,0,0,181,120.9,60.1
2023-12-04,S001,P0003,Clothing,North,Winter,0,0,134,120.4,13.6
2023-12-05,S001,P0003,Clothing,North,Winter,0,0,133,98.2,34.8
2023-12-06,S001,P0003,Clothing,North,Winter,1,0,183,164.8,18.2
2023-12-07,S001,P0003,Clothing,North,Winter,0,0,123,112.7,10.3
2023-12-08,S001,P0003,Clothing,North,Winter,0,0,92,96.2,-4.2
2023-12-09,S001,P0003,Clothing,North,Winter,1,0,162,131.9,30.1
2023-12-10,S001,P0003,Clothing,North,Winter,1,0,201,132.9,68.1
2023-12-11,S001,P0003,Clothing,North,Winter,0,0,203,121.2,81.8
2023-12-12,S001,P0003,Clothing,North,Winter,1,0,181,149.8,31.2
2023-12-13,S001,P0003,Clothing,North,Winter,0,0,130,128.7,1.3
2023-12-14,S001,P0003,Clothing,North,Winter,0,0,133,129.8,3.2
2023-12-15,S001,P0003,Clothing,North,Winter,0,0,71,85.6,-14.6
2023-12-16,S001,P0003,Clothing,North,Winter,1,0,187,141.6,45.4
2023-12-17,S001,P0003,Clothing,North,Winter,0,0,114,97.3,16.7
2023-12-18,S001,P0003,Clothing,North,Winter,1,0,176,133.9,42.1
2023-12-19,S001,P0003,Clothing,North,Winter,1,0,129,152.8,-23.8
2023-12-20,S001,P0003,Clothing,North,Winter,0,0,179,121.7,57.3
2023-12-21,S001,P0003,Clothing,North,Winter,0,0,192,130.7,61.3
2023-12-22,S001,P0003,Clothing,North,Winter,0,0,162,137.0,25.0
2023-12-23,S001,P0003,Clothing,North,Winter,0,0,134,106.2,27.8
2023-12-24,S001,P0003,Clothing,North,Winter,0,0,135,122.2,12.8
2023-12-25,S001,P0003,Clothing,North,Winter,0,0,100,95.7,4.3
2023-12-26,S001,P0003,Clothing,North,Winter,0,0,91,83.8,7.2
2023-12-27,S001,P0003,Clothing,North,Winter,1,1,128,116.7,11.3
2023-12-28,S001,P0003,Clothing,North,Winter,0,1,183,134.0,49.0
2023-12-29,S001,P0003,Clothing,North,Winter,0,1,153,118.4,34.7
2023-12-30,S001,P0003,Clothing,North,Winter,0,1,80,79.0,1.0
2023-12-31,S001,P0003,Clothing,North,Winter,0,1,4,81.6,-77.6
2024-01-01,S001,P0003,Clothing,North,Winter,0,1,104,106.0,-2.0
2024-01-02,S001,P0003,Clothing,North,Winter,0,1,126,104.0,22.0
2024-01-03,S001,P0003,Clothing,North,Winter,0,1,175,115.4,59.6
2024-01-04,S001,P0003,Clothing,North,Winter,0,1,78,94.6,-16.6
2024-01-05,S001,P0003,Clothing,North,Winter,1,1,161,138.4,22.6
2024-01-06,S001,P0003,Clothing,North,Winter,1,1,188,130.8,57.2
2024-01-07,S001,P0003,Clothing,North,Winter,0,1,108,106.8,1.2
2024-01-08,S001,P0003,Clothing,North,Winter,1,1,108,127.3,-19.3
2024-01-09,S001,P0003,Clothing,North,Winter,0,0,54,91.3,-37.3
2024-01-10,S001,P0003,Clothing,North,Winter,1,0,124,118.0,6.0
2024-01-11,S001,P0003,Clothing,North,Winter,1,0,168,134.6,33.4
2024-01-12,S001,P0003,Clothing,North,Winter,0,0,105,104.7,0.3
2024-01-13,S001,P0003,Clothing,North,Winter,0,0,125,123.1,1.9
2024-01-14,S001,P0003,Clothing,North,Winter,0,0,66,96.7,-30.7
2024-01-15,S001,P0003,Clothing,North,Winter,0,0,107,99.0,8.0
2024-01-16,S001,P0003,Clothing,North,Winter,1,0,145,133.0,12.0
2024-01-17,S001,P0003,Clothing,North,Winter,0,0,88,96.4,-8.4
2024-01-18,S001,P0003,Clothing,North,Winter,0,0,110,109.0,1.0
2024-01-19,S001,P0003,Clothing,North,Winter,1,0,136,124.9,11.1
2024-01-20,S001,P0003,Clothing,North,Winter,0,0,109,101.6,7.4
2024-01-21,S001,P0003,Clothing,North,Winter,0,0,96,99.7,-3.7
2024-01-22,S001,P0003,Clothing,North,Winter,1,0,182,140.1,41.9
2024-01-23,S001,P0003,Clothing,North,Winter,0,0,101,101.0,0.0
2024-01-24,S001,P0003,Clothing,North,Winter,1,0,238,154.3,83.7
2024-01-25,S001,P0003,Clothing,North,Winter,0,0,215,141.9,73.1
2024-01-26,S001,P0003,Clothing,North,Winter,0,0,95,95.1,-0.1
2024-01-27,S001,P0003,Clothing,North,Winter,0,0,69,82.2,-13.2
2024-01-28,S001,P0003,Clothing,North,Winter,1,0,192,150.3,41.7
2024-01-29,S001,P0003,Clothing,North,Winter,0,0,198,123.0,75.0
2024-01-30,S001,P0003,Clothing,North,Winter,0,0,137,106.8,30.2
2023-09-07,S001,P0004,Electronics,North,Autumn,1,0,103,110.1,-7.1
2023-09-08,S001,P0004,Electronics,North,Autumn,0,0,85,91.5,-6.5
2023-09-09,S001,P0004,Electronics,North,Autumn,0,0,71,88.6,-17.6
2023-09-10,S001,P0004,Electronics,North,Autumn,0,0,100,87.5,12.5
2023-09-11,S001,P0004,Electronics,North,Autumn,0,0,85,108.0,-23.0
2023-09-12,S001,P0004,Electronics,North,Autumn,0,0,102,100.6,1.4
2023-09-13,S001,P0004,Electronics,North,Autumn,1,0,114,114.9,-0.9
2023-09-14,S001,P0004,Electronics,North,Autumn,0,0,71,109.6,-38.6
2023-09-15,S001,P0004,Electronics,North,Autumn,1,0,114,122.2,-8.2
2023-09-16,S001,P0004,Electronics,North,Autumn,1,0,121,114.2,6.8
2023-09-17,S001,P0004,Electronics,North,Autumn,0,0,115,105.9,9.1
2023-09-18,S001,P0004,Electronics,North,Autumn,1,0,129,112.7,16.3
2023-09-19,S001,P0004,Electronics,North,Autumn,1,0,183,159.4,23.6
2023-09-20,S001,P0004,Electronics,North,Autumn,0,0,88,112.2,-24.2
2023-09-21,S001,P0004,Electronics,North,Autumn,0,0,41,83.4,-42.4
2023-09-22,S001,P0004,Electronics,North,Autumn,1,0,132,142.4,-10.4
2023-09-23,S001,P0004,Electronics,North,Autumn,1,0,153,162.9,-9.9
2023-09-24,S001,P0004,Electronics,North,Autumn,0,0,56,92.1,-36.1
2023-09-25,S001,P0004,Electronics,North,Autumn,0,0,77,89.6,-12.6
2023-09-26,S001,P0004,Electronics,North,Autumn,0,0,72,94.1,-22.1
2023-09-27,S001,P0004,Electronics,North,Autumn,0,0,107,95.8,11.2
2023-09-28,S001,P0004,Electronics,North,Autumn,1,0,135,135.0,-0.1
2023-09-29,S001,P0004,Electronics,North,Autumn,0,0,99,111.3,-12.3
2023-09-30,S001,P0004,Electronics,North,Autumn,0,0,89,93.1,-4.1
2023-10-01,S001,P0004,Electronics,North,Autumn,0,0,89,88.2,0.8
2023-10-02,S001,P0004,Electronics,North,Autumn,1,0,124,139.5,-15.5
2023-10-03,S001,P0004,Electronics,North,Autumn,0,0,68,94.8,-26.8
2023-10-04,S001,P0004,Electronics,North,Autumn,1,0,100,125.7,-25.7
2023-10-05,S001,P0004,Electronics,North,Autumn,0,0,44,88.0,-44.0
2023-10-06,S001,P0004,Electronics,North,Autumn,0,0,146,98.6,47.4
2023-10-07,S001,P0004,Electronics,North,Autumn,1,1,75,96.6,-21.6
2023-10-08,S001,P0004,Electronics,North,Autumn,0,1,90,56.0,34.0
2023-10-09,S001,P0004,Electronics,North,Autumn,0,1,47,55.1,-8.1
2023-10-10,S001,P0004,Electronics,North,Autumn,0,1,38,53.5,-15.5
2023-10-11,S001,P0004,Electronics,North,Autumn,1,1,72,78.1,-6.1
2023-10-12,S001,P0004,Electronics,North,Autumn,0,1,57,50.4,6.6
2023-10-13,S001,P0004,Electronics,North,Autumn,1,1,44,65.8,-21.8
2023-10-14,S001,P0004,Electronics,North,Autumn,0,1,50,49.8,0.2
2023-10-15,S001,P0004,Electronics,North,Autumn,0,1,48,48.3,-0.3
2023-10-16,S001,P0004,Electronics,North,Autumn,0,1,49,47.8,1.2
2023-10-17,S001,P0004,Electronics,North,Autumn,1,1,69,65.3,3.7
2023-10-18,S001,P0004,Electronics,North,Autumn,1,1,71,63.1,7.9
2023-10-19,S001,P0004,Electronics,North,Autumn,1,1,113,89.0,24.0
2023-10-20,S001,P0004,Electronics,North,Autumn,1,1,99,97.0,2.0
2023-10-21,S001,P0004,Electronics,North,Autumn,0,1,66,54.3,11.7
2023-10-22,S001,P0004,Electronics,North,Autumn,0,1,37,52.8,-15.8
2023-10-23,S001,P0004,Electronics,North,Autumn,0,1,45,54.8,-9.8
2023-10-24,S001,P0004,Electronics,North,Autumn,0,1,42,52.0,-10.0
2023-10-25,S001,P0004,Electronics,North,Autumn,0,0,96,94.8,1.2
2023-10-26,S001,P0004,Electronics,North,Autumn,0,0,62,91.6,-29.6
2023-10-27,S001,P0004,Electronics,North,Autumn,0,0,131,112.2,18.8
2023-10-28,S001,P0004,Electronics,North,Autumn,1,0,133,131.8,1.2
2023-10-29,S001,P0004,Electronics,North,Autumn,0,0,90,99.1,-9.1
2023-10-30,S001,P0004,Electronics,North,Autumn,0,0,56,88.5,-32.5
2023-10-31,S001,P0004,Electronics,North,Autumn,0,0,88,92.2,-4.2
2023-11-01,S001,P0004,Electronics,North,Autumn,1,0,114,113.4,0.7
2023-11-02,S001,P0004,Electronics,North,Autumn,0,0,66,104.3,-38.3
2023-11-03,S001,P0004,Electronics,North,Autumn,0,0,94,88.1,5.9
2023-11-04,S001,P0004,Electronics,North,Autumn,1,0,104,116.9,-12.9
2023-11-05,S001,P0004,Electronics,North,Autumn,1,0,115,116.9,-1.9
2023-11-06,S001,P0004,Electronics,North,Autumn,0,0,94,94.9,-0.9
2023-11-07,S001,P0004,Electronics,North,Autumn,0,0,92,91.0,1.0
2023-11-08,S001,P0004,Electronics,North,Autumn,1,0,118,135.5,-17.5
2023-11-09,S001,P0004,Electronics,North,Autumn,0,0,141,98.3,42.7
2023-11-10,S001,P0004,Electronics,North,Autumn,0,0,88,88.8,-0.8
2023-11-11,S001,P0004,Electronics,North,Autumn,1,0,132,148.4,-16.4
2023-11-12,S001,P0004,Electronics,North,Autumn,0,0,108,89.8,18.2
2023-11-13,S001,P0004,Electronics,North,Autumn,0,0,112,108.0,4.0
2023-11-14,S001,P0004,Electronics,North,Autumn,0,0,95,90.1,4.9
2023-11-15,S001,P0004,Electronics,North,Autumn,0,0,110,109.3,0.7
2023-11-16,S001,P0004,Electronics,North,Autumn,0,0,48,92.0,-44.0
2023-11-17,S001,P0004,Electronics,North,Autumn,0,0,49,88.1,-39.1
2023-11-18,S001,P0004,Electronics,North,Autumn,1,0,103,120.6,-17.6
2023-11-19,S001,P0004,Electronics,North,Autumn,1,0,212,168.8,43.2
2023-11-20,S001,P0004,Electronics,North,Autumn,0,0,63,86.1,-23.1
2023-11-21,S001,P0004,Electronics,North,Autumn,0,0,98,107.4,-9.4
2023-11-22,S001,P0004,Electronics,North,Autumn,0,0,109,103.1,5.9
2023-11-23,S001,P0004,Electronics,North,Autumn,1,0,81,101.4,-20.3
2023-11-24,S001,P0004,Electronics,North,Autumn,1,0,94,112.3,-18.3
2023-11-25,S001,P0004,Electronics,North,Autumn,0,0,84,90.7,-6.7
2023-11-26,S001,P0004,Electronics,North,Autumn,0,0,116,125.1,-9.1
2023-11-27,S001,P0004,Electronics,North,Autumn,0,0,126,110.1,15.9
2023-11-28,S001,P0004,Electronics,North,Autumn,1,0,98,111.2,-13.2
2023-11-29,S001,P0004,Electronics,North,Autumn,0,0,122,112.0,10.0
2023-11-30,S001,P0004,Electronics,North,Autumn,0,0,125,101.6,23.4
2023-12-01,S001,P0004,Electronics,North,Winter,1,0,90,134.4,-44.3
2023-12-02,S001,P0004,Electronics,North,Winter,0,0,114,103.2,10.8
2023-12-03,S001,P0004,Electronics,North,Winter,0,0,20,90.3,-70.3
2023-12-04,S001,P0004,Electronics,North,Winter,0,0,82,93.9,-11.9
2023-12-05,S001,P0004,Electronics,North,Winter,1,0,133,128.9,4.1
2023-12-06,S001,P0004,Electronics,North,Winter,1,0,152,158.7,-6.7
2023-12-07,S001,P0004,Electronics,North,Winter,0,0,87,95.3,-8.3
2023-12-08,S001,P0004,Electronics,North,Winter,0,0,99,96.9,2.1
2023-12-09,S001,P0004,Electronics,North,Winter,0,0,78,90.4,-12.4
2023-12-10,S001,P0004,Electronics,North,Winter,0,0,93,91.8,1.2
2023-12-11,S001,P0004,Electronics,North,Winter,1,0,101,111.2,-10.2
2023-12-12,S001,P0004,Electronics,North,Winter,1,0,151,159.4,-8.4
2023-12-13,S001,P0004,Electronics,North,Winter,0,0,90,112.7,-22.7
2023-12-14,S001,P0004,Electronics,North,Winter,0,0,85,111.0,-26.0
2023-12-15,S001,P0004,Electronics,North,Winter,0,0,104,92.8,11.2
2023-12-16,S001,P0004,Electronics,North,Winter,1,0,109,112.3,-3.3
2023-12-17,S001,P0004,Electronics,North,Winter,0,0,85,95.5,-10.5
2023-12-18,S001,P0004,Electronics,North,Winter,0,0,155,131.6,23.4
2023-12-19,S001,P0004,Electronics,North,Winter,0,0,110,114.8,-4.8
2023-12-20,S001,P0004,Electronics,North,Winter,0,0,64,89.6,-25.6
2023-12-21,S001,P0004,Electronics,North,Winter,0,0,152,121.3,30.7
2023-12-22,S001,P0004,Electronics,North,Winter,1,0,99,134.4,-35.4
2023-12-23,S001,P0004,Electronics,North,Winter,0,0,55,88.5,-33.5
2023-12-24,S001,P0004,Electronics,North,Winter,1,0,213,176.1,36.9
2023-12-25,S001,P0004,Electronics,North,Winter,1,0,119,139.3,-20.3
2023-12-26,S001,P0004,Electronics,North,Winter,0,0,107,93.7,13.3
2023-12-27,S001,P0004,Electronics,North,Winter,0,1,36,59.5,-23.5
2023-12-28,S001,P0004,Electronics,North,Winter,1,1,63,137.9,-74.9
2023-12-29,S001,P0004,Electronics,North,Winter,0,1,39,76.4,-37.4
2023-12-30,S001,P0004,Electronics,North,Winter,0,1,42,50.6,-8.6
2023-12-31,S001,P0004,Electronics,North,Winter,0,1,48,49.4,-1.4
2024-01-01,S001,P0004,Electronics,North,Winter,0,1,19,53.3,-34.3
2024-01-02,S001,P0004,Electronics,North,Winter,0,1,46,42.1,3.9
2024-01-03,S001,P0004,Electronics,North,Winter,0,1,38,45.8,-7.8
2024-01-04,S001,P0004,Electronics,North,Winter,0,1,13,41.4,-28.4
2024-01-05,S001,P0004,Electronics,North,Winter,0,1,55,46.1,8.9
2024-01-06,S001,P0004,Electronics,North,Winter,0,1,19,41.0,-22.0
2024-01-07,S001,P0004,Electronics,North,Winter,0,1,49,45.4,3.6
2024-01-08,S001,P0004,Electronics,North,Winter,1,1,79,57.5,21.5
2024-01-09,S001,P0004,Electronics,North,Winter,0,0,105,110.2,-5.2
2024-01-10,S001,P0004,Electronics,North,Winter,0,0,100,94.5,5.5
2024-01-11,S001,P0004,Electronics,North,Winter,1,0,149,131.8,17.2
2024-01-12,S001,P0004,Electronics,North,Winter,1,0,140,134.6,5.3
2024-01-13,S001,P0004,Electronics,North,Winter,0,0,151,131.3,19.7
2024-01-14,S001,P0004,Electronics,North,Winter,1,0,128,146.2,-18.2
2024-01-15,S001,P0004,Electronics,North,Winter,0,0,89,96.8,-7.8
2024-01-16,S001,P0004,Electronics,North,Winter,1,0,64,104.2,-40.2
2024-01-17,S001,P0004,Electronics,North,Winter,0,0,84,98.0,-14.0
2024-01-18,S001,P0004,Electronics,North,Winter,1,0,157,155.9,1.1
2024-01-19,S001,P0004,Electronics,North,Winter,0,0,101,92.9,8.1
2024-01-20,S001,P0004,Electronics,North,Winter,1,0,135,145.1,-10.1
2024-01-21,S001,P0004,Electronics,North,Winter,1,0,162,157.8,4.2
2024-01-22,S001,P0004,Electronics,North,Winter,0,0,91,107.7,-16.7
2024-01-23,S001,P0004,Electronics,North,Winter,0,0,35,87.8,-52.8
2024-01-24,S001,P0004,Electronics,North,Winter,0,0,126,117.4,8.6
2024-01-25,S001,P0004,Electronics,North,Winter,0,0,89,109.5,-20.5
2024-01-26,S001,P0004,Electronics,North,Winter,1,0,67,110.3,-43.3
2024-01-27,S001,P0004,Electronics,North,Winter,0,0,114,101.3,12.7
2024-01-28,S001,P0004,Electronics,North,Winter,1,0,108,123.1,-15.1
2024-01-29,S001,P0004,Electronics,North,Winter,0,0,76,89.5,-13.5
2024-01-30,S001,P0004,Electronics,North,Winter,0,0,84,87.3,-3.3
2023-09-07,S001,P0005,Groceries,North,Autumn,0,0,112,99.6,12.4
2023-09-08,S001,P0005,Groceries,North,Autumn,0,0,114,107.4,6.6
2023-09-09,S001,P0005,Groceries,North,Autumn,0,0,72,90.7,-18.7
2023-09-10,S001,P0005,Groceries,North,Autumn,0,0,110,94.3,15.7
2023-09-11,S001,P0005,Groceries,North,Autumn,0,0,125,115.2,9.8
2023-09-12,S001,P0005,Groceries,North,Autumn,0,0,113,104.7,8.3
2023-09-13,S001,P0005,Groceries,North,Autumn,0,0,146,110.8,35.2
2023-09-14,S001,P0005,Groceries,North,Autumn,1,0,128,139.2,-11.2
2023-09-15,S001,P0005,Groceries,North,Autumn,1,0,143,137.4,5.6
2023-09-16,S001,P0005,Groceries,North,Autumn,1,0,156,140.4,15.6
2023-09-17,S001,P0005,Groceries,North,Autumn,0,0,162,130.9,31.1
2023-09-18,S001,P0005,Groceries,North,Autumn,0,0,79,96.6,-17.6
2023-09-19,S001,P0005,Groceries,North,Autumn,0,0,84,96.1,-12.1
2023-09-20,S001,P0005,Groceries,North,Autumn,0,0,93,113.6,-20.6
2023-09-21,S001,P0005,Groceries,North,Autumn,1,0,125,137.5,-12.5
2023-09-22,S001,P0005,Groceries,North,Autumn,1,0,154,131.7,22.3
2023-09-23,S001,P0005,Groceries,North,Autumn,1,0,130,147.4,-17.4
2023-09-24,S001,P0005,Groceries,North,Autumn,1,0,136,130.7,5.3
2023-09-25,S001,P0005,Groceries,North,Autumn,1,0,126,130.1,-4.1
2023-09-26,S001,P0005,Groceries,North,Autumn,0,0,103,113.8,-10.8
2023-09-27,S001,P0005,Groceries,North,Autumn,1,0,176,140.6,35.4
2023-09-28,S001,P0005,Groceries,North,Autumn,0,0,90,93.2,-3.2
2023-09-29,S001,P0005,Groceries,North,Autumn,0,0,168,135.0,33.0
2023-09-30,S001,P0005,Groceries,North,Autumn,0,0,56,83.2,-27.2
2023-10-01,S001,P0005,Groceries,North,Autumn,0,0,82,91.2,-9.2
2023-10-02,S001,P0005,Groceries,North,Autumn,0,0,125,132.0,-7.0
2023-10-03,S001,P0005,Groceries,North,Autumn,1,0,115,136.2,-21.2
2023-10-04,S001,P0005,Groceries,North,Autumn,0,0,113,109.8,3.2
2023-10-05,S001,P0005,Groceries,North,Autumn,0,0,137,110.6,26.4
2023-10-06,S001,P0005,Groceries,North,Autumn,0,0,88,96.0,-8.0
2023-10-07,S001,P0005,Groceries,North,Autumn,0,1,49,72.5,-23.5
2023-10-08,S001,P0005,Groceries,North,Autumn,0,1,66,79.2,-13.2
2023-10-09,S001,P0005,Groceries,North,Autumn,1,1,97,116.6,-19.5
2023-10-10,S001,P0005,Groceries,North,Autumn,1,1,53,106.9,-53.9
2023-10-11,S001,P0005,Groceries,North,Autumn,0,1,54,101.2,-47.2
2023-10-12,S001,P0005,Groceries,North,Autumn,1,1,102,92.2,9.8
2023-10-13,S001,P0005,Groceries,North,Autumn,1,1,79,96.8,-17.8
2023-10-14,S001,P0005,Groceries,North,Autumn,1,1,153,95.1,57.9
2023-10-15,S001,P0005,Groceries,North,Autumn,0,1,50,76.7,-26.7
2023-10-16,S001,P0005,Groceries,North,Autumn,1,1,114,94.5,19.5
2023-10-17,S001,P0005,Groceries,North,Autumn,0,1,56,87.3,-31.3
2023-10-18,S001,P0005,Groceries,North,Autumn,0,1,37,81.8,-44.8
2023-10-19,S001,P0005,Groceries,North,Autumn,0,1,109,101.2,7.8
2023-10-20,S001,P0005,Groceries,North,Autumn,0,1,66,93.4,-27.4
2023-10-21,S001,P0005,Groceries,North,Autumn,0,1,80,97.1,-17.1
2023-10-22,S001,P0005,Groceries,North,Autumn,1,1,128,97.8,30.2
2023-10-23,S001,P0005,Groceries,North,Autumn,1,1,75,95.8,-20.8
2023-10-24,S001,P0005,Groceries,North,Autumn,1,1,44,96.8,-52.8
2023-10-25,S001,P0005,Groceries,North,Autumn,0,0,93,111.8,-18.8
2023-10-26,S001,P0005,Groceries,North,Autumn,0,0,79,102.7,-23.7
2023-10-27,S001,P0005,Groceries,North,Autumn,0,0,168,113.0,55.0
2023-10-28,S001,P0005,Groceries,North,Autumn,0,0,136,134.4,1.6
2023-10-29,S001,P0005,Groceries,North,Autumn,0,0,125,128.4,-3.4
2023-10-30,S001,P0005,Groceries,North,Autumn,0,0,178,116.6,61.4
2023-10-31,S001,P0005,Groceries,North,Autumn,0,0,86,90.8,-4.8
2023-11-01,S001,P0005,Groceries,North,Autumn,1,0,143,133.2,9.8
2023-11-02,S001,P0005,Groceries,North,Autumn,0,0,102,118.5,-16.5
2023-11-03,S001,P0005,Groceries,North,Autumn,1,0,182,135.2,46.8
2023-11-04,S001,P0005,Groceries,North,Autumn,1,0,59,130.4,-71.4
2023-11-05,S001,P0005,Groceries,North,Autumn,1,0,116,133.1,-17.1
2023-11-06,S001,P0005,Groceries,North,Autumn,0,0,101,103.6,-2.6
2023-11-07,S001,P0005,Groceries,North,Autumn,0,0,98,93.0,5.0
2023-11-08,S001,P0005,Groceries,North,Autumn,0,0,149,140.3,8.7
2023-11-09,S001,P0005,Groceries,North,Autumn,0,0,83,92.7,-9.7
2023-11-10,S001,P0005,Groceries,North,Autumn,0,0,139,109.8,29.2
2023-11-11,S001,P0005,Groceries,North,Autumn,0,0,93,92.6,0.4
2023-11-12,S001,P0005,Groceries,North,Autumn,0,0,135,108.1,26.9
2023-11-13,S001,P0005,Groceries,North,Autumn,1,0,180,143.7,36.3
2023-11-14,S001,P0005,Groceries,North,Autumn,1,0,185,136.7,48.3
2023-11-15,S001,P0005,Groceries,North,Autumn,0,0,81,92.2,-11.2
2023-11-16,S001,P0005,Groceries,North,Autumn,0,0,116,117.6,-1.7
2023-11-17,S001,P0005,Groceries,North,Autumn,0,0,54,81.4,-27.4
2023-11-18,S001,P0005,Groceries,North,Autumn,0,0,57,86.9,-29.9
2023-11-19,S001,P0005,Groceries,North,Autumn,1,0,155,159.8,-4.8
2023-11-20,S001,P0005,Groceries,North,Autumn,1,0,180,144.7,35.3
2023-11-21,S001,P0005,Groceries,North,Autumn,0,0,102,136.1,-34.1
2023-11-22,S001,P0005,Groceries,North,Autumn,0,0,184,118.9,65.1
2023-11-23,S001,P0005,Groceries,North,Autumn,1,0,168,138.6,29.4
2023-11-24,S001,P0005,Groceries,North,Autumn,0,0,70,92.2,-22.2
2023-11-25,S001,P0005,Groceries,North,Autumn,1,0,173,135.9,37.1
2023-11-26,S001,P0005,Groceries,North,Autumn,0,0,95,123.2,-28.2
2023-11-27,S001,P0005,Groceries,North,Autumn,0,0,158,134.0,24.0
2023-11-28,S001,P0005,Groceries,North,Autumn,0,0,113,111.4,1.6
2023-11-29,S001,P0005,Groceries,North,Autumn,0,0,78,113.5,-35.5
2023-11-30,S001,P0005,Groceries,North,Autumn,0,0,146,123.6,22.4
2023-12-01,S001,P0005,Groceries,North,Winter,1,0,150,148.5,1.5
2023-12-02,S001,P0005,Groceries,North,Winter,0,0,118,98.0,20.0
2023-12-03,S001,P0005,Groceries,North,Winter,0,0,121,106.2,14.8
2023-12-04,S001,P0005,Groceries,North,Winter,0,0,101,106.2,-5.2
2023-12-05,S001,P0005,Groceries,North,Winter,1,0,132,132.4,-0.4
2023-12-06,S001,P0005,Groceries,North,Winter,0,0,111,117.4,-6.4
2023-12-07,S001,P0005,Groceries,North,Winter,0,0,130,117.2,12.8
2023-12-08,S001,P0005,Groceries,North,Winter,0,0,125,122.0,3.0
2023-12-09,S001,P0005,Groceries,North,Winter,0,0,79,96.5,-17.5
2023-12-10,S001,P0005,Groceries,North,Winter,0,0,100,91.8,8.2
2023-12-11,S001,P0005,Groceries,North,Winter,0,0,99,93.5,5.5
2023-12-12,S001,P0005,Groceries,North,Winter,1,0,198,160.0,38.0
2023-12-13,S001,P0005,Groceries,North,Winter,0,0,69,116.7,-47.7
2023-12-14,S001,P0005,Groceries,North,Winter,1,0,181,151.4,29.6
2023-12-15,S001,P0005,Groceries,North,Winter,1,0,136,135.7,0.3
2023-12-16,S001,P0005,Groceries,North,Winter,1,0,103,137.1,-34.1
2023-12-17,S001,P0005,Groceries,North,Winter,1,0,158,142.3,15.7
2023-12-18,S001,P0005,Groceries,North,Winter,0,0,138,126.8,11.2
2023-12-19,S001,P0005,Groceries,North,Winter,1,0,159,160.6,-1.6
2023-12-20,S001,P0005,Groceries,North,Winter,0,0,80,83.4,-3.4
2023-12-21,S001,P0005,Groceries,North,Winter,0,0,100,121.2,-21.2
2023-12-22,S001,P0005,Groceries,North,Winter,1,0,183,178.0,5.1
2023-12-23,S001,P0005,Groceries,North,Winter,0,0,43,99.2,-56.2
2023-12-24,S001,P0005,Groceries,North,Winter,0,0,113,122.8,-9.8
2023-12-25,S001,P0005,Groceries,North,Winter,0,0,59,91.3,-32.3
2023-12-26,S001,P0005,Groceries,North,Winter,0,0,129,109.0,20.0
2023-12-27,S001,P0005,Groceries,North,Winter,0,1,57,72.5,-15.5
2023-12-28,S001,P0005,Groceries,North,Winter,1,1,93,128.0,-35.0
2023-12-29,S001,P0005,Groceries,North,Winter,0,1,56,81.4,-25.4
2023-12-30,S001,P0005,Groceries,North,Winter,0,1,76,86.0,-10.0
2023-12-31,S001,P0005,Groceries,North,Winter,0,1,38,75.1,-37.1
2024-01-01,S001,P0005,Groceries,North,Winter,0,1,54,68.0,-14.0
2024-01-02,S001,P0005,Groceries,North,Winter,1,1,126,91.6,34.4
2024-01-03,S001,P0005,Groceries,North,Winter,1,1,79,88.5,-9.5
2024-01-04,S001,P0005,Groceries,North,Winter,0,1,56,65.9,-9.9
2024-01-05,S001,P0005,Groceries,North,Winter,1,1,96,106.4,-10.4
2024-01-06,S001,P0005,Groceries,North,Winter,0,1,145,65.3,79.7
2024-01-07,S001,P0005,Groceries,North,Winter,0,1,56,64.8,-8.8
2024-01-08,S001,P0005,Groceries,North,Winter,0,1,74,68.1,5.9
2024-01-09,S001,P0005,Groceries,North,Winter,0,0,143,98.5,44.5
2024-01-10,S001,P0005,Groceries,North,Winter,0,0,135,93.3,41.7
2024-01-11,S001,P0005,Groceries,North,Winter,0,0,90,101.8,-11.8
2024-01-12,S001,P0005,Groceries,North,Winter,0,0,91,95.4,-4.5
2024-01-13,S001,P0005,Groceries,North,Winter,0,0,128,126.5,1.5
2024-01-14,S001,P0005,Groceries,North,Winter,0,0,118,107.8,10.2
2024-01-15,S001,P0005,Groceries,North,Winter,0,0,51,94.6,-43.7
2024-01-16,S001,P0005,Groceries,North,Winter,1,0,132,133.8,-1.8
2024-01-17,S001,P0005,Groceries,North,Winter,0,0,159,118.3,40.7
2024-01-18,S001,P0005,Groceries,North,Winter,0,0,163,136.0,27.0
2024-01-19,S001,P0005,Groceries,North,Winter,1,0,98,132.1,-34.1
2024-01-20,S001,P0005,Groceries,North,Winter,1,0,174,162.7,11.3
2024-01-21,S001,P0005,Groceries,North,Winter,1,0,197,142.2,54.8
2024-01-22,S001,P0005,Groceries,North,Winter,0,0,68,119.9,-51.9
2024-01-23,S001,P0005,Groceries,North,Winter,0,0,81,88.5,-7.5
2024-01-24,S001,P0005,Groceries,North,Winter,1,0,127,140.3,-13.3
2024-01-25,S001,P0005,Groceries,North,Winter,0,0,169,134.3,34.7
2024-01-26,S001,P0005,Groceries,North,Winter,1,0,166,150.1,15.9
2024-01-27,S001,P0005,Groceries,North,Winter,1,0,183,141.5,41.5
2024-01-28,S001,P0005,Groceries,North,Winter,0,0,83,92.4,-9.4
2024-01-29,S001,P0005,Groceries,North,Winter,0,0,123,120.2,2.8
2024-01-30,S001,P0005,Groceries,North,Winter,0,0,29,85.4,-56.4
2023-09-07,S001,P0006,Toys,North,Autumn,1,0,81,117.2,-36.2
2023-09-08,S001,P0006,Toys,North,Autumn,0,0,89,90.2,-1.2
2023-09-09,S001,P0006,Toys,North,Autumn,1,0,119,118.6,0.4
2023-09-10,S001,P0006,Toys,North,Autumn,0,0,98,89.6,8.4
2023-09-11,S001,P0006,Toys,North,Autumn,0,0,107,104.9,2.1
2023-09-12,S001,P0006,Toys,North,Autumn,0,0,73,87.6,-14.7
2023-09-13,S001,P0006,Toys,North,Autumn,0,0,89,91.6,-2.6
2023-09-14,S001,P0006,Toys,North,Autumn,0,0,80,104.3,-24.3
2023-09-15,S001,P0006,Toys,North,Autumn,0,0,100,96.2,3.8
2023-09-16,S001,P0006,Toys,North,Autumn,0,0,73,87.3,-14.3
2023-09-17,S001,P0006,Toys,North,Autumn,0,0,122,100.0,22.0
2023-09-18,S001,P0006,Toys,North,Autumn,0,0,39,84.3,-45.3
2023-09-19,S001,P0006,Toys,North,Autumn,0,0,89,91.2,-2.2
2023-09-20,S001,P0006,Toys,North,Autumn,0,0,95,106.2,-11.2
2023-09-21,S001,P0006,Toys,North,Autumn,0,0,80,88.0,-8.0
2023-09-22,S001,P0006,Toys,North,Autumn,0,0,130,96.7,33.3
2023-09-23,S001,P0006,Toys,North,Autumn,1,0,130,138.5,-8.5
2023-09-24,S001,P0006,Toys,North,Autumn,0,0,62,91.1,-29.1
2023-09-25,S001,P0006,Toys,North,Autumn,1,0,124,123.5,0.5
2023-09-26,S001,P0006,Toys,North,Autumn,1,0,85,117.9,-32.9
2023-09-27,S001,P0006,Toys,North,Autumn,1,0,134,142.1,-8.1
2023-09-28,S001,P0006,Toys,North,Autumn,1,0,74,122.6,-48.6
2023-09-29,S001,P0006,Toys,North,Autumn,0,0,111,123.5,-12.5
2023-09-30,S001,P0006,Toys,North,Autumn,0,0,100,93.2,6.8
2023-10-01,S001,P0006,Toys,North,Autumn,0,0,111,98.7,12.3
2023-10-02,S001,P0006,Toys,North,Autumn,0,0,55,93.8,-38.8
2023-10-03,S001,P0006,Toys,North,Autumn,0,0,99,100.8,-1.8
2023-10-04,S001,P0006,Toys,North,Autumn,1,0,91,127.4,-36.4
2023-10-05,S001,P0006,Toys,North,Autumn,0,0,83,90.4,-7.4
2023-10-06,S001,P0006,Toys,North,Autumn,0,0,87,96.4,-9.4
2023-10-07,S001,P0006,Toys,North,Autumn,0,1,24,44.8,-20.8
2023-10-08,S001,P0006,Toys,North,Autumn,0,1,34,28.5,5.5
2023-10-09,S001,P0006,Toys,North,Autumn,0,1,24,27.7,-3.7
2023-10-10,S001,P0006,Toys,North,Autumn,1,1,15,39.2,-24.2
2023-10-11,S001,P0006,Toys,North,Autumn,1,1,34,43.9,-9.9
2023-10-12,S001,P0006,Toys,North,Autumn,0,1,33,29.6,3.4
2023-10-13,S001,P0006,Toys,North,Autumn,0,1,33,34.1,-1.1
2023-10-14,S001,P0006,Toys,North,Autumn,1,1,35,31.7,3.3
2023-10-15,S001,P0006,Toys,North,Autumn,0,1,30,30.0,-0.0
2023-10-16,S001,P0006,Toys,North,Autumn,1,1,39,39.6,-0.6
2023-10-17,S001,P0006,Toys,North,Autumn,0,1,33,34.5,-1.5
2023-10-18,S001,P0006,Toys,North,Autumn,1,1,32,37.5,-5.5
2023-10-19,S001,P0006,Toys,North,Autumn,1,1,47,40.3,6.7
2023-10-20,S001,P0006,Toys,North,Autumn,0,1,45,41.8,3.2
2023-10-21,S001,P0006,Toys,North,Autumn,0,1,37,37.7,-0.7
2023-10-22,S001,P0006,Toys,North,Autumn,1,1,41,40.0,1.0
2023-10-23,S001,P0006,Toys,North,Autumn,1,1,26,42.1,-16.1
2023-10-24,S001,P0006,Toys,North,Autumn,0,1,37,31.4,5.6
2023-10-25,S001,P0006,Toys,North,Autumn,1,0,140,136.0,4.0
2023-10-26,S001,P0006,Toys,North,Autumn,0,0,49,93.7,-44.7
2023-10-27,S001,P0006,Toys,North,Autumn,0,0,72,98.6,-26.6
2023-10-28,S001,P0006,Toys,North,Autumn,0,0,147,117.7,29.3
2023-10-29,S001,P0006,Toys,North,Autumn,0,0,133,108.4,24.6
2023-10-30,S001,P0006,Toys,North,Autumn,0,0,102,102.9,-0.9
2023-10-31,S001,P0006,Toys,North,Autumn,0,0,77,97.7,-20.7
2023-11-01,S001,P0006,Toys,North,Autumn,0,0,120,110.9,9.1
2023-11-02,S001,P0006,Toys,North,Autumn,0,0,53,91.5,-38.5
2023-11-03,S001,P0006,Toys,North,Autumn,0,0,63,96.3,-33.3
2023-11-04,S001,P0006,Toys,North,Autumn,0,0,62,115.6,-53.6
2023-11-05,S001,P0006,Toys,North,Autumn,0,0,109,96.0,13.0
2023-11-06,S001,P0006,Toys,North,Autumn,0,0,94,97.4,-3.4
2023-11-07,S001,P0006,Toys,North,Autumn,0,0,60,91.8,-31.8
2023-11-08,S001,P0006,Toys,North,Autumn,0,0,61,96.3,-35.3
2023-11-09,S001,P0006,Toys,North,Autumn,1,0,110,116.0,-6.0
2023-11-10,S001,P0006,Toys,North,Autumn,1,0,84,114.7,-30.7
2023-11-11,S001,P0006,Toys,North,Autumn,0,0,64,90.7,-26.7
2023-11-12,S001,P0006,Toys,North,Autumn,1,0,77,112.6,-35.6
2023-11-13,S001,P0006,Toys,North,Autumn,1,0,97,121.5,-24.5
2023-11-14,S001,P0006,Toys,North,Autumn,0,0,69,89.7,-20.7
2023-11-15,S001,P0006,Toys,North,Autumn,1,0,149,126.2,22.8
2023-11-16,S001,P0006,Toys,North,Autumn,0,0,124,103.0,21.0
2023-11-17,S001,P0006,Toys,North,Autumn,1,0,115,112.0,3.0
2023-11-18,S001,P0006,Toys,North,Autumn,1,0,32,95.6,-63.6
2023-11-19,S001,P0006,Toys,North,Autumn,0,0,103,114.2,-11.2
2023-11-20,S001,P0006,Toys,North,Autumn,0,0,94,90.8,3.2
2023-11-21,S001,P0006,Toys,North,Autumn,0,0,126,117.8,8.2
2023-11-22,S001,P0006,Toys,North,Autumn,1,0,168,146.5,21.5
2023-11-23,S001,P0006,Toys,North,Autumn,0,0,66,87.5,-21.5
2023-11-24,S001,P0006,Toys,North,Autumn,0,0,96,97.7,-1.7
2023-11-25,S001,P0006,Toys,North,Autumn,0,0,52,92.3,-40.3
2023-11-26,S001,P0006,Toys,North,Autumn,0,0,103,121.7,-18.7
2023-11-27,S001,P0006,Toys,North,Autumn,1,0,114,128.9,-14.9
2023-11-28,S001,P0006,Toys,North,Autumn,1,0,78,112.6,-34.6
2023-11-29,S001,P0006,Toys,North,Autumn,0,0,98,119.9,-21.9
2023-11-30,S001,P0006,Toys,North,Autumn,0,0,75,90.7,-15.7
2023-12-01,S001,P0006,Toys,North,Winter,0,0,69,102.6,-33.7
2023-12-02,S001,P0006,Toys,North,Winter,0,0,138,96.8,41.2
2023-12-03,S001,P0006,Toys,North,Winter,1,0,134,144.6,-10.6
2023-12-04,S001,P0006,Toys,North,Winter,0,0,99,97.4,1.7
2023-12-05,S001,P0006,Toys,North,Winter,0,0,112,97.9,14.1
2023-12-06,S001,P0006,Toys,North,Winter,1,0,190,170.2,19.8
2023-12-07,S001,P0006,Toys,North,Winter,1,0,85,136.1,-51.1
2023-12-08,S001,P0006,Toys,North,Winter,1,0,195,156.1,38.9
2023-12-09,S001,P0006,Toys,North,Winter,1,0,116,133.2,-17.2
2023-12-10,S001,P0006,Toys,North,Winter,0,0,110,103.7,6.3
2023-12-11,S001,P0006,Toys,North,Winter,0,0,88,97.2,-9.2
2023-12-12,S001,P0006,Toys,North,Winter,1,0,151,158.9,-7.9
2023-12-13,S001,P0006,Toys,North,Winter,0,0,113,127.3,-14.3
2023-12-14,S001,P0006,Toys,North,Winter,0,0,162,126.2,35.8
2023-12-15,S001,P0006,Toys,North,Winter,1,0,157,135.1,21.9
2023-12-16,S001,P0006,Toys,North,Winter,0,0,85,105.3,-20.3
2023-12-17,S001,P0006,Toys,North,Winter,1,0,102,140.9,-38.9
2023-12-18,S001,P0006,Toys,North,Winter,1,0,130,139.5,-9.5
2023-12-19,S001,P0006,Toys,North,Winter,0,0,84,122.5,-38.5
2023-12-20,S001,P0006,Toys,North,Winter,0,0,78,99.0,-21.0
2023-12-21,S001,P0006,Toys,North,Winter,1,0,127,165.3,-38.3
2023-12-22,S001,P0006,Toys,North,Winter,0,0,96,100.6,-4.6
2023-12-23,S001,P0006,Toys,North,Winter,0,0,52,94.0,-42.0
2023-12-24,S001,P0006,Toys,North,Winter,0,0,72,100.6,-28.6
2023-12-25,S001,P0006,Toys,North,Winter,0,0,107,89.2,17.8
2023-12-26,S001,P0006,Toys,North,Winter,0,0,38,83.8,-45.8
2023-12-27,S001,P0006,Toys,North,Winter,0,1,41,40.1,0.9
2023-12-28,S001,P0006,Toys,North,Winter,0,1,35,29.9,5.1
2023-12-29,S001,P0006,Toys,North,Winter,0,1,13,30.9,-17.9
2023-12-30,S001,P0006,Toys,North,Winter,0,1,21,31.8,-10.8
2023-12-31,S001,P0006,Toys,North,Winter,0,1,44,46.0,-2.0
2024-01-01,S001,P0006,Toys,North,Winter,0,1,16,37.6,-21.6
2024-01-02,S001,P0006,Toys,North,Winter,1,1,79,48.9,30.1
2024-01-03,S001,P0006,Toys,North,Winter,1,1,22,46.4,-24.4
2024-01-04,S001,P0006,Toys,North,Winter,1,1,26,42.2,-16.2
2024-01-05,S001,P0006,Toys,North,Winter,0,1,15,34.7,-19.7
2024-01-06,S001,P0006,Toys,North,Winter,0,1,24,29.6,-5.6
2024-01-07,S001,P0006,Toys,North,Winter,0,1,48,39.6,8.5
2024-01-08,S001,P0006,Toys,North,Winter,1,1,26,41.3,-15.3
2024-01-09,S001,P0006,Toys,North,Winter,0,0,83,110.3,-27.3
2024-01-10,S001,P0006,Toys,North,Winter,0,0,53,101.8,-48.8
2024-01-11,S001,P0006,Toys,North,Winter,0,0,85,116.4,-31.4
2024-01-12,S001,P0006,Toys,North,Winter,1,0,110,138.7,-28.7
2024-01-13,S001,P0006,Toys,North,Winter,0,0,81,106.0,-25.0
2024-01-14,S001,P0006,Toys,North,Winter,0,0,72,89.3,-17.3
2024-01-15,S001,P0006,Toys,North,Winter,0,0,75,88.0,-13.0
2024-01-16,S001,P0006,Toys,North,Winter,0,0,60,93.5,-33.5
2024-01-17,S001,P0006,Toys,North,Winter,0,0,58,92.6,-34.6
2024-01-18,S001,P0006,Toys,North,Winter,0,0,51,98.6,-47.6
2024-01-19,S001,P0006,Toys,North,Winter,0,0,44,92.9,-48.9
2024-01-20,S001,P0006,Toys,North,Winter,0,0,103,114.9,-11.9
2024-01-21,S001,P0006,Toys,North,Winter,1,0,75,122.3,-47.3
2024-01-22,S001,P0006,Toys,North,Winter,0,0,116,110.6,5.4
2024-01-23,S001,P0006,Toys,North,Winter,1,0,125,124.1,0.9
2024-01-24,S001,P0006,Toys,North,Winter,1,0,28,117.1,-89.1
2024-01-25,S001,P0006,Toys,North,Winter,1,0,147,143.8,3.2
2024-01-26,S001,P0006,Toys,North,Winter,0,0,67,97.8,-30.8
2024-01-27,S001,P0006,Toys,North,Winter,0,0,80,98.4,-18.4
2024-01-28,S001,P0006,Toys,North,Winter,1,0,127,127.3,-0.3
2024-01-29,S001,P0006,Toys,North,Winter,0,0,113,103.1,9.9
2024-01-30,S001,P0006,Toys,North,Winter,0,0,96,95.0,1.0
2023-09-07,S001,P0007,Groceries,North,Autumn,1,0,157,142.3,14.7
2023-09-08,S001,P0007,Groceries,North,Autumn,1,0,143,143.0,0.0
2023-09-09,S001,P0007,Groceries,North,Autumn,1,0,117,129.5,-12.5
2023-09-10,S001,P0007,Groceries,North,Autumn,0,0,126,109.8,16.2
2023-09-11,S001,P0007,Groceries,North,Autumn,0,0,154,129.8,24.2
2023-09-12,S001,P0007,Groceries,North,Autumn,0,0,131,110.3,20.7
2023-09-13,S001,P0007,Groceries,North,Autumn,0,0,89,101.8,-12.8
2023-09-14,S001,P0007,Groceries,North,Autumn,1,0,125,145.6,-20.6
2023-09-15,S001,P0007,Groceries,North,Autumn,1,0,115,139.7,-24.7
2023-09-16,S001,P0007,Groceries,North,Autumn,0,0,151,111.0,40.0
2023-09-17,S001,P0007,Groceries,North,Autumn,0,0,84,109.7,-25.7
2023-09-18,S001,P0007,Groceries,North,Autumn,1,0,129,134.2,-5.2
2023-09-19,S001,P0007,Groceries,North,Autumn,1,0,154,142.4,11.6
2023-09-20,S001,P0007,Groceries,North,Autumn,0,0,117,124.4,-7.4
2023-09-21,S001,P0007,Groceries,North,Autumn,0,0,127,111.6,15.5
2023-09-22,S001,P0007,Groceries,North,Autumn,0,0,132,110.1,21.9
2023-09-23,S001,P0007,Groceries,North,Autumn,1,0,175,164.1,10.9
2023-09-24,S001,P0007,Groceries,North,Autumn,0,0,103,100.3,2.7
2023-09-25,S001,P0007,Groceries,North,Autumn,0,0,69,99.6,-30.6
2023-09-26,S001,P0007,Groceries,North,Autumn,0,0,108,109.5,-1.5
2023-09-27,S001,P0007,Groceries,North,Autumn,0,0,120,116.1,3.9
2023-09-28,S001,P0007,Groceries,North,Autumn,1,0,88,142.8,-54.8
2023-09-29,S001,P0007,Groceries,North,Autumn,0,0,157,136.1,20.9
2023-09-30,S001,P0007,Groceries,North,Autumn,0,0,116,113.8,2.2
2023-10-01,S001,P0007,Groceries,North,Autumn,1,0,196,136.4,59.6
2023-10-02,S001,P0007,Groceries,North,Autumn,1,0,224,169.5,54.5
2023-10-03,S001,P0007,Groceries,North,Autumn,0,0,188,110.6,77.4
2023-10-04,S001,P0007,Groceries,North,Autumn,0,0,68,109.3,-41.3
2023-10-05,S001,P0007,Groceries,North,Autumn,0,0,151,108.7,42.3
2023-10-06,S001,P0007,Groceries,North,Autumn,1,0,206,144.8,61.2
2023-10-07,S001,P0007,Groceries,North,Autumn,1,1,109,139.6,-30.6
2023-10-08,S001,P0007,Groceries,North,Autumn,0,1,113,81.9,31.1
2023-10-09,S001,P0007,Groceries,North,Autumn,0,1,49,79.3,-30.3
2023-10-10,S001,P0007,Groceries,North,Autumn,1,1,63,97.0,-34.0
2023-10-11,S001,P0007,Groceries,North,Autumn,1,1,133,116.6,16.5
2023-10-12,S001,P0007,Groceries,North,Autumn,0,1,77,74.0,3.0
2023-10-13,S001,P0007,Groceries,North,Autumn,0,1,117,78.4,38.6
2023-10-14,S001,P0007,Groceries,North,Autumn,1,1,118,105.3,12.7
2023-10-15,S001,P0007,Groceries,North,Autumn,0,1,74,76.8,-2.8
2023-10-16,S001,P0007,Groceries,North,Autumn,0,1,80,79.4,0.6
2023-10-17,S001,P0007,Groceries,North,Autumn,0,1,75,94.6,-19.6
2023-10-18,S001,P0007,Groceries,North,Autumn,1,1,75,106.7,-31.7
2023-10-19,S001,P0007,Groceries,North,Autumn,0,1,91,94.8,-3.8
2023-10-20,S001,P0007,Groceries,North,Autumn,0,1,108,95.3,12.7
2023-10-21,S001,P0007,Groceries,North,Autumn,1,1,92,109.0,-17.0
2023-10-22,S001,P0007,Groceries,North,Autumn,0,1,103,82.9,20.1
2023-10-23,S001,P0007,Groceries,North,Autumn,0,1,64,83.3,-19.3
2023-10-24,S001,P0007,Groceries,North,Autumn,0,1,88,82.3,5.7
2023-10-25,S001,P0007,Groceries,North,Autumn,1,0,128,121.8,6.2
2023-10-26,S001,P0007,Groceries,North,Autumn,0,0,84,109.0,-25.0
2023-10-27,S001,P0007,Groceries,North,Autumn,0,0,94,121.4,-27.4
2023-10-28,S001,P0007,Groceries,North,Autumn,0,0,140,122.1,17.9
2023-10-29,S001,P0007,Groceries,North,Autumn,0,0,183,127.8,55.2
2023-10-30,S001,P0007,Groceries,North,Autumn,0,0,89,100.0,-11.0
2023-10-31,S001,P0007,Groceries,North,Autumn,0,0,80,101.8,-21.8
2023-11-01,S001,P0007,Groceries,North,Autumn,0,0,68,99.0,-31.0
2023-11-02,S001,P0007,Groceries,North,Autumn,0,0,177,128.9,48.1
2023-11-03,S001,P0007,Groceries,North,Autumn,0,0,103,106.4,-3.4
2023-11-04,S001,P0007,Groceries,North,Autumn,0,0,99,101.2,-2.2
2023-11-05,S001,P0007,Groceries,North,Autumn,1,0,203,136.9,66.1
2023-11-06,S001,P0007,Groceries,North,Autumn,0,0,173,115.6,57.4
2023-11-07,S001,P0007,Groceries,North,Autumn,1,0,236,134.3,101.7
2023-11-08,S001,P0007,Groceries,North,Autumn,0,0,204,136.7,67.3
2023-11-09,S001,P0007,Groceries,North,Autumn,0,0,116,111.5,4.5
2023-11-10,S001,P0007,Groceries,North,Autumn,0,0,110,108.1,1.9
2023-11-11,S001,P0007,Groceries,North,Autumn,0,0,114,109.0,5.0
2023-11-12,S001,P0007,Groceries,North,Autumn,0,0,92,105.2,-13.2
2023-11-13,S001,P0007,Groceries,North,Autumn,1,0,152,139.7,12.3
2023-11-14,S001,P0007,Groceries,North,Autumn,0,0,55,98.4,-43.4
2023-11-15,S001,P0007,Groceries,North,Autumn,0,0,77,97.5,-20.5
2023-11-16,S001,P0007,Groceries,North,Autumn,1,0,174,143.8,30.2
2023-11-17,S001,P0007,Groceries,North,Autumn,1,0,134,136.2,-2.2
2023-11-18,S001,P0007,Groceries,North,Autumn,1,0,139,134.9,4.1
2023-11-19,S001,P0007,Groceries,North,Autumn,0,0,145,129.4,15.7
2023-11-20,S001,P0007,Groceries,North,Autumn,0,0,90,103.2,-13.2
2023-11-21,S001,P0007,Groceries,North,Autumn,1,0,96,152.6,-56.6
2023-11-22,S001,P0007,Groceries,North,Autumn,1,0,131,143.0,-12.0
2023-11-23,S001,P0007,Groceries,North,Autumn,1,0,141,129.3,11.7
2023-11-24,S001,P0007,Groceries,North,Autumn,0,0,140,115.5,24.5
2023-11-25,S001,P0007,Groceries,North,Autumn,0,0,106,103.2,2.8
2023-11-26,S001,P0007,Groceries,North,Autumn,1,0,86,154.2,-68.2
2023-11-27,S001,P0007,Groceries,North,Autumn,0,0,80,125.8,-45.8
2023-11-28,S001,P0007,Groceries,North,Autumn,0,0,120,116.2,3.8
2023-11-29,S001,P0007,Groceries,North,Autumn,0,0,113,126.4,-13.3
2023-11-30,S001,P0007,Groceries,North,Autumn,0,0,89,109.9,-20.9
2023-12-01,S001,P0007,Groceries,North,Winter,0,0,141,128.7,12.3
2023-12-02,S001,P0007,Groceries,North,Winter,1,0,213,146.0,67.0
2023-12-03,S001,P0007,Groceries,North,Winter,0,0,129,112.8,16.2
2023-12-04,S001,P0007,Groceries,North,Winter,0,0,104,109.9,-5.9
2023-12-05,S001,P0007,Groceries,North,Winter,0,0,66,104.2,-38.2
2023-12-06,S001,P0007,Groceries,North,Winter,1,0,138,161.1,-23.1
2023-12-07,S001,P0007,Groceries,North,Winter,1,0,127,139.9,-12.9
2023-12-08,S001,P0007,Groceries,North,Winter,0,0,141,112.4,28.6
2023-12-09,S001,P0007,Groceries,North,Winter,0,0,113,100.3,12.7
2023-12-10,S001,P0007,Groceries,North,Winter,1,0,82,130.4,-48.4
2023-12-11,S001,P0007,Groceries,North,Winter,1,0,79,128.7,-49.7
2023-12-12,S001,P0007,Groceries,North,Winter,0,0,55,123.4,-68.4
2023-12-13,S001,P0007,Groceries,North,Winter,0,0,168,128.2,39.8
2023-12-14,S001,P0007,Groceries,North,Winter,0,0,68,116.7,-48.7
2023-12-15,S001,P0007,Groceries,North,Winter,1,0,100,130.2,-30.2
2023-12-16,S001,P0007,Groceries,North,Winter,1,0,193,138.1,54.9
2023-12-17,S001,P0007,Groceries,North,Winter,0,0,174,113.3,60.7
2023-12-18,S001,P0007,Groceries,North,Winter,0,0,115,110.8,4.2
2023-12-19,S001,P0007,Groceries,North,Winter,1,0,250,160.0,90.0
2023-12-20,S001,P0007,Groceries,North,Winter,0,0,65,102.7,-37.7
2023-12-21,S001,P0007,Groceries,North,Winter,0,0,163,131.7,31.3
2023-12-22,S001,P0007,Groceries,North,Winter,0,0,135,131.2,3.8
2023-12-23,S001,P0007,Groceries,North,Winter,1,0,92,137.7,-45.7
2023-12-24,S001,P0007,Groceries,North,Winter,1,0,220,181.2,38.8
2023-12-25,S001,P0007,Groceries,North,Winter,0,0,102,105.7,-3.7
2023-12-26,S001,P0007,Groceries,North,Winter,0,0,126,105.0,21.0
2023-12-27,S001,P0007,Groceries,North,Winter,0,1,15,82.4,-67.4
2023-12-28,S001,P0007,Groceries,North,Winter,0,1,90,79.9,10.1
2023-12-29,S001,P0007,Groceries,North,Winter,0,1,91,86.6,4.4
2023-12-30,S001,P0007,Groceries,North,Winter,0,1,69,75.1,-6.1
2023-12-31,S001,P0007,Groceries,North,Winter,0,1,81,76.8,4.2
2024-01-01,S001,P0007,Groceries,North,Winter,1,1,98,93.3,4.7
2024-01-02,S001,P0007,Groceries,North,Winter,0,1,83,69.0,14.0
2024-01-03,S001,P0007,Groceries,North,Winter,1,1,61,104.2,-43.2
2024-01-04,S001,P0007,Groceries,North,Winter,1,1,105,86.4,18.6
2024-01-05,S001,P0007,Groceries,North,Winter,0,1,79,83.7,-4.7
2024-01-06,S001,P0007,Groceries,North,Winter,0,1,55,70.9,-15.9
2024-01-07,S001,P0007,Groceries,North,Winter,0,1,46,71.2,-25.2
2024-01-08,S001,P0007,Groceries,North,Winter,0,1,90,70.1,19.9
2024-01-09,S001,P0007,Groceries,North,Winter,0,0,75,91.3,-16.3
2024-01-10,S001,P0007,Groceries,North,Winter,1,0,131,119.8,11.2
2024-01-11,S001,P0007,Groceries,North,Winter,0,0,81,90.0,-9.0
2024-01-12,S001,P0007,Groceries,North,Winter,0,0,181,97.7,83.3
2024-01-13,S001,P0007,Groceries,North,Winter,1,0,60,153.7,-93.7
2024-01-14,S001,P0007,Groceries,North,Winter,0,0,185,111.3,73.7
2024-01-15,S001,P0007,Groceries,North,Winter,0,0,78,108.3,-30.3
2024-01-16,S001,P0007,Groceries,North,Winter,1,0,184,137.9,46.1
2024-01-17,S001,P0007,Groceries,North,Winter,1,0,122,140.2,-18.2
2024-01-18,S001,P0007,Groceries,North,Winter,0,0,62,102.1,-40.1
2024-01-19,S001,P0007,Groceries,North,Winter,0,0,21,97.2,-76.2
2024-01-20,S001,P0007,Groceries,North,Winter,1,0,29,143.8,-114.8
2024-01-21,S001,P0007,Groceries,North,Winter,0,0,93,111.3,-18.3
2024-01-22,S001,P0007,Groceries,North,Winter,0,0,106,104.9,1.1
2024-01-23,S001,P0007,Groceries,North,Winter,0,0,11,88.9,-77.9
2024-01-24,S001,P0007,Groceries,North,Winter,0,0,86,105.8,-19.8
2024-01-25,S001,P0007,Groceries,North,Winter,1,0,105,145.5,-40.5
2024-01-26,S001,P0007,Groceries,North,Winter,0,0,99,103.2,-4.2
2024-01-27,S001,P0007,Groceries,North,Winter,1,0,157,128.5,28.5
2024-01-28,S001,P0007,Groceries,North,Winter,0,0,92,113.8,-21.8
2024-01-29,S001,P0007,Groceries,North,Winter,0,0,173,117.4,55.6
2024-01-30,S001,P0007,Groceries,North,Winter,0,0,80,101.6,-21.6
2023-09-07,S001,P0008,Electronics,North,Autumn,1,0,85,104.4,-19.4
2023-09-08,S001,P0008,Electronics,North,Autumn,1,0,110,105.3,4.7
2023-09-09,S001,P0008,Electronics,North,Autumn,0,0,72,85.8,-13.8
2023-09-10,S001,P0008,Electronics,North,Autumn,1,0,140,109.2,30.8
2023-09-11,S001,P0008,Electronics,North,Autumn,0,0,106,101.0,5.0
2023-09-12,S001,P0008,Electronics,North,Autumn,1,0,126,115.6,10.4
2023-09-13,S001,P0008,Electronics,North,Autumn,0,0,82,90.4,-8.4
2023-09-14,S001,P0008,Electronics,North,Autumn,0,0,146,106.7,39.3
2023-09-15,S001,P0008,Electronics,North,Autumn,0,0,97,94.0,3.0
2023-09-16,S001,P0008,Electronics,North,Autumn,0,0,57,82.8,-25.8
2023-09-17,S001,P0008,Electronics,North,Autumn,0,0,70,82.0,-12.0
2023-09-18,S001,P0008,Electronics,North,Autumn,0,0,58,83.7,-25.7
2023-09-19,S001,P0008,Electronics,North,Autumn,1,0,128,122.4,5.6
2023-09-20,S001,P0008,Electronics,North,Autumn,0,0,121,105.6,15.4
2023-09-21,S001,P0008,Electronics,North,Autumn,1,0,142,108.3,33.7
2023-09-22,S001,P0008,Electronics,North,Autumn,1,0,103,109.9,-6.9
2023-09-23,S001,P0008,Electronics,North,Autumn,0,0,87,106.7,-19.7
2023-09-24,S001,P0008,Electronics,North,Autumn,0,0,106,90.3,15.7
2023-09-25,S001,P0008,Electronics,North,Autumn,1,0,133,110.5,22.5
2023-09-26,S001,P0008,Electronics,North,Autumn,0,0,57,78.4,-21.4
2023-09-27,S001,P0008,Electronics,North,Autumn,1,0,91,110.2,-19.2
2023-09-28,S001,P0008,Electronics,North,Autumn,0,0,111,94.1,16.9
2023-09-29,S001,P0008,Electronics,North,Autumn,0,0,66,98.2,-32.2
2023-09-30,S001,P0008,Electronics,North,Autumn,0,0,102,87.9,14.1
2023-10-01,S001,P0008,Electronics,North,Autumn,1,0,96,106.1,-10.1
2023-10-02,S001,P0008,Electronics,North,Autumn,1,0,133,134.0,-1.0
2023-10-03,S001,P0008,Electronics,North,Autumn,0,0,47,85.2,-38.2
2023-10-04,S001,P0008,Electronics,North,Autumn,1,0,140,118.8,21.2
2023-10-05,S001,P0008,Electronics,North,Autumn,0,0,121,90.8,30.2
2023-10-06,S001,P0008,Electronics,North,Autumn,0,0,103,94.4,8.6
2023-10-07,S001,P0008,Electronics,North,Autumn,0,1,45,69.6,-24.6
2023-10-08,S001,P0008,Electronics,North,Autumn,1,1,46,83.0,-37.0
2023-10-09,S001,P0008,Electronics,North,Autumn,0,1,25,45.3,-20.3
2023-10-10,S001,P0008,Electronics,North,Autumn,0,1,83,49.0,34.0
2023-10-11,S001,P0008,Electronics,North,Autumn,0,1,63,52.1,10.9
2023-10-12,S001,P0008,Electronics,North,Autumn,1,1,93,59.1,33.9
2023-10-13,S001,P0008,Electronics,North,Autumn,0,1,24,42.1,-18.1
2023-10-14,S001,P0008,Electronics,North,Autumn,0,1,39,45.9,-6.9
2023-10-15,S001,P0008,Electronics,North,Autumn,0,1,65,58.5,6.5
2023-10-16,S001,P0008,Electronics,North,Autumn,0,1,42,52.0,-10.0
2023-10-17,S001,P0008,Electronics,North,Autumn,0,1,47,47.6,-0.6
2023-10-18,S001,P0008,Electronics,North,Autumn,1,1,73,51.3,21.7
2023-10-19,S001,P0008,Electronics,North,Autumn,1,1,101,69.2,31.8
2023-10-20,S001,P0008,Electronics,North,Autumn,0,1,61,56.7,4.3
2023-10-21,S001,P0008,Electronics,North,Autumn,1,1,116,62.6,53.4
2023-10-22,S001,P0008,Electronics,North,Autumn,0,1,67,45.8,21.2
2023-10-23,S001,P0008,Electronics,North,Autumn,1,1,57,58.1,-1.1
2023-10-24,S001,P0008,Electronics,North,Autumn,0,1,43,49.0,-6.0
2023-10-25,S001,P0008,Electronics,North,Autumn,0,0,69,92.4,-23.4
2023-10-26,S001,P0008,Electronics,North,Autumn,0,0,128,91.4,36.6
2023-10-27,S001,P0008,Electronics,North,Autumn,1,0,47,135.7,-88.7
2023-10-28,S001,P0008,Electronics,North,Autumn,0,0,55,99.3,-44.3
2023-10-29,S001,P0008,Electronics,North,Autumn,0,0,137,102.6,34.4
2023-10-30,S001,P0008,Electronics,North,Autumn,0,0,105,85.2,19.8
2023-10-31,S001,P0008,Electronics,North,Autumn,0,0,42,83.6,-41.6
2023-11-01,S001,P0008,Electronics,North,Autumn,0,0,70,87.1,-17.1
2023-11-02,S001,P0008,Electronics,North,Autumn,0,0,128,102.8,25.2
2023-11-03,S001,P0008,Electronics,North,Autumn,1,0,142,118.2,23.8
2023-11-04,S001,P0008,Electronics,North,Autumn,0,0,81,89.7,-8.7
2023-11-05,S001,P0008,Electronics,North,Autumn,1,0,86,108.3,-22.3
2023-11-06,S001,P0008,Electronics,North,Autumn,0,0,113,92.1,20.9
2023-11-07,S001,P0008,Electronics,North,Autumn,0,0,63,90.4,-27.4
2023-11-08,S001,P0008,Electronics,North,Autumn,0,0,133,105.8,27.2
2023-11-09,S001,P0008,Electronics,North,Autumn,1,0,114,106.8,7.2
2023-11-10,S001,P0008,Electronics,North,Autumn,1,0,74,97.6,-23.6
2023-11-11,S001,P0008,Electronics,North,Autumn,0,0,127,87.2,39.8
2023-11-12,S001,P0008,Electronics,North,Autumn,1,0,129,110.2,18.8
2023-11-13,S001,P0008,Electronics,North,Autumn,1,0,139,118.9,20.1
2023-11-14,S001,P0008,Electronics,North,Autumn,0,0,95,86.4,8.6
2023-11-15,S001,P0008,Electronics,North,Autumn,0,0,96,90.5,5.5
2023-11-16,S001,P0008,Electronics,North,Autumn,0,0,114,93.8,20.2
2023-11-17,S001,P0008,Electronics,North,Autumn,1,0,81,95.1,-14.1
2023-11-18,S001,P0008,Electronics,North,Autumn,1,0,40,85.4,-45.4
2023-11-19,S001,P0008,Electronics,North,Autumn,0,0,90,103.0,-13.0
2023-11-20,S001,P0008,Electronics,North,Autumn,1,0,65,104.3,-39.3
2023-11-21,S001,P0008,Electronics,North,Autumn,0,0,57,101.6,-44.6
2023-11-22,S001,P0008,Electronics,North,Autumn,0,0,81,87.6,-6.7
2023-11-23,S001,P0008,Electronics,North,Autumn,0,0,89,80.7,8.3
2023-11-24,S001,P0008,Electronics,North,Autumn,1,0,163,117.3,45.7
2023-11-25,S001,P0008,Electronics,North,Autumn,0,0,52,84.7,-32.7
2023-11-26,S001,P0008,Electronics,North,Autumn,0,0,63,103.2,-40.2
2023-11-27,S001,P0008,Electronics,North,Autumn,0,0,127,102.4,24.6
2023-11-28,S001,P0008,Electronics,North,Autumn,0,0,149,82.9,66.1
2023-11-29,S001,P0008,Electronics,North,Autumn,0,0,97,104.8,-7.8
2023-11-30,S001,P0008,Electronics,North,Autumn,0,0,113,93.8,19.2
2023-12-01,S001,P0008,Electronics,North,Winter,0,0,43,85.6,-42.6
2023-12-02,S001,P0008,Electronics,North,Winter,0,0,89,92.0,-3.0
2023-12-03,S001,P0008,Electronics,North,Winter,0,0,111,94.3,16.7
2023-12-04,S001,P0008,Electronics,North,Winter,1,0,37,65.1,-28.1
2023-12-05,S001,P0008,Electronics,North,Winter,1,0,121,114.4,6.6
2023-12-06,S001,P0008,Electronics,North,Winter,0,0,61,104.1,-43.1
2023-12-07,S001,P0008,Electronics,North,Winter,0,0,108,88.4,19.7
2023-12-08,S001,P0008,Electronics,North,Winter,0,0,103,91.4,11.7
2023-12-09,S001,P0008,Electronics,North,Winter,0,0,120,85.2,34.8
2023-12-10,S001,P0008,Electronics,North,Winter,0,0,74,81.6,-7.6
2023-12-11,S001,P0008,Electronics,North,Winter,0,0,105,88.0,17.0
2023-12-12,S001,P0008,Electronics,North,Winter,1,0,165,129.5,35.5
2023-12-13,S001,P0008,Electronics,North,Winter,0,0,102,103.4,-1.4
2023-12-14,S001,P0008,Electronics,North,Winter,1,0,86,111.0,-25.0
2023-12-15,S001,P0008,Electronics,North,Winter,1,0,152,112.8,39.2
2023-12-16,S001,P0008,Electronics,North,Winter,0,0,99,93.6,5.4
2023-12-17,S001,P0008,Electronics,North,Winter,1,0,106,113.0,-7.0
2023-12-18,S001,P0008,Electronics,North,Winter,0,0,47,91.8,-44.8
2023-12-19,S001,P0008,Electronics,North,Winter,0,0,89,104.1,-15.1
2023-12-20,S001,P0008,Electronics,North,Winter,1,0,141,112.9,28.1
2023-12-21,S001,P0008,Electronics,North,Winter,0,0,59,93.9,-34.9
2023-12-22,S001,P0008,Electronics,North,Winter,1,0,111,122.0,-11.0
2023-12-23,S001,P0008,Electronics,North,Winter,1,0,174,112.5,61.5
2023-12-24,S001,P0008,Electronics,North,Winter,0,0,190,109.0,81.0
2023-12-25,S001,P0008,Electronics,North,Winter,0,0,46,76.3,-30.3
2023-12-26,S001,P0008,Electronics,North,Winter,1,0,142,114.4,27.6
2023-12-27,S001,P0008,Electronics,North,Winter,0,1,56,75.6,-19.6
2023-12-28,S001,P0008,Electronics,North,Winter,0,1,34,74.7,-40.7
2023-12-29,S001,P0008,Electronics,North,Winter,0,1,64,70.5,-6.5
2023-12-30,S001,P0008,Electronics,North,Winter,0,1,26,69.1,-43.1
2023-12-31,S001,P0008,Electronics,North,Winter,0,1,52,45.7,6.3
2024-01-01,S001,P0008,Electronics,North,Winter,0,1,27,42.8,-15.8
2024-01-02,S001,P0008,Electronics,North,Winter,0,1,41,48.2,-7.2
2024-01-03,S001,P0008,Electronics,North,Winter,1,1,69,57.5,11.5
2024-01-04,S001,P0008,Electronics,North,Winter,1,1,91,54.1,36.9
2024-01-05,S001,P0008,Electronics,North,Winter,1,1,69,67.6,1.3
2024-01-06,S001,P0008,Electronics,North,Winter,0,1,34,45.6,-11.5
2024-01-07,S001,P0008,Electronics,North,Winter,0,1,56,57.9,-1.9
2024-01-08,S001,P0008,Electronics,North,Winter,0,1,48,52.9,-4.9
2024-01-09,S001,P0008,Electronics,North,Winter,1,0,134,130.8,3.2
2024-01-10,S001,P0008,Electronics,North,Winter,0,0,87,86.6,0.4
2024-01-11,S001,P0008,Electronics,North,Winter,1,0,165,125.8,39.2
2024-01-12,S001,P0008,Electronics,North,Winter,0,0,143,88.2,54.8
2024-01-13,S001,P0008,Electronics,North,Winter,0,0,80,98.8,-18.8
2024-01-14,S001,P0008,Electronics,North,Winter,0,0,100,90.4,9.7
2024-01-15,S001,P0008,Electronics,North,Winter,0,0,96,92.6,3.4
2024-01-16,S001,P0008,Electronics,North,Winter,1,0,122,110.9,11.1
2024-01-17,S001,P0008,Electronics,North,Winter,1,0,88,113.4,-25.4
2024-01-18,S001,P0008,Electronics,North,Winter,0,0,181,112.8,68.2
2024-01-19,S001,P0008,Electronics,North,Winter,0,0,83,91.0,-8.0
2024-01-20,S001,P0008,Electronics,North,Winter,0,0,126,108.7,17.3
2024-01-21,S001,P0008,Electronics,North,Winter,0,0,141,94.3,46.7
2024-01-22,S001,P0008,Electronics,North,Winter,0,0,97,106.2,-9.2
2024-01-23,S001,P0008,Electronics,North,Winter,1,0,83,111.1,-28.1
2024-01-24,S001,P0008,Electronics,North,Winter,1,0,106,116.9,-10.9
2024-01-25,S001,P0008,Electronics,North,Winter,0,0,110,107.0,3.0
2024-01-26,S001,P0008,Electronics,North,Winter,0,0,112,93.3,18.7
2024-01-27,S001,P0008,Electronics,North,Winter,1,0,102,106.7,-4.7
2024-01-28,S001,P0008,Electronics,North,Winter,0,0,118,94.8,23.2
2024-01-29,S001,P0008,Electronics,North,Winter,0,0,109,93.9,15.1
2024-01-30,S001,P0008,Electronics,North,Winter,0,0,53,76.0,-23.0
2023-09-07,S001,P0009,Clothing,North,Autumn,0,0,103,88.3,14.7
2023-09-08,S001,P0009,Clothing,North,Autumn,0,0,97,89.0,8.0
2023-09-09,S001,P0009,Clothing,North,Autumn,1,0,140,125.0,15.0
2023-09-10,S001,P0009,Clothing,North,Autumn,0,0,89,88.3,0.7
2023-09-11,S001,P0009,Clothing,North,Autumn,1,0,200,159.2,40.8
2023-09-12,S001,P0009,Clothing,North,Autumn,1,0,78,133.4,-55.4
2023-09-13,S001,P0009,Clothing,North,Autumn,1,0,82,124.9,-42.9
2023-09-14,S001,P0009,Clothing,North,Autumn,0,0,136,111.4,24.6
2023-09-15,S001,P0009,Clothing,North,Autumn,1,0,75,127.5,-52.5
2023-09-16,S001,P0009,Clothing,North,Autumn,0,0,114,90.9,23.1
2023-09-17,S001,P0009,Clothing,North,Autumn,1,0,87,127.8,-40.8
2023-09-18,S001,P0009,Clothing,North,Autumn,1,0,196,128.5,67.5
2023-09-19,S001,P0009,Clothing,North,Autumn,0,0,108,102.1,5.9
2023-09-20,S001,P0009,Clothing,North,Autumn,0,0,114,105.6,8.4
2023-09-21,S001,P0009,Clothing,North,Autumn,0,0,101,92.8,8.2
2023-09-22,S001,P0009,Clothing,North,Autumn,0,0,85,96.9,-11.9
2023-09-23,S001,P0009,Clothing,North,Autumn,1,0,75,141.0,-66.0
2023-09-24,S001,P0009,Clothing,North,Autumn,0,0,137,99.3,37.7
2023-09-25,S001,P0009,Clothing,North,Autumn,0,0,178,105.2,72.8
2023-09-26,S001,P0009,Clothing,North,Autumn,0,0,138,107.5,30.5
2023-09-27,S001,P0009,Clothing,North,Autumn,0,0,74,102.1,-28.1
2023-09-28,S001,P0009,Clothing,North,Autumn,0,0,170,106.4,63.6
2023-09-29,S001,P0009,Clothing,North,Autumn,0,0,91,109.2,-18.2
2023-09-30,S001,P0009,Clothing,North,Autumn,0,0,83,100.8,-17.8
2023-10-01,S001,P0009,Clothing,North,Autumn,0,0,92,96.4,-4.4
2023-10-02,S001,P0009,Clothing,North,Autumn,1,0,162,148.6,13.4
2023-10-03,S001,P0009,Clothing,North,Autumn,1,0,79,126.7,-47.7
2023-10-04,S001,P0009,Clothing,North,Autumn,0,0,92,101.0,-9.0
2023-10-05,S001,P0009,Clothing,North,Autumn,0,0,95,99.4,-4.3
2023-10-06,S001,P0009,Clothing,North,Autumn,0,0,112,101.9,10.1
2023-10-07,S001,P0009,Clothing,North,Autumn,0,1,156,105.4,50.7
2023-10-08,S001,P0009,Clothing,North,Autumn,1,1,149,137.0,12.0
2023-10-09,S001,P0009,Clothing,North,Autumn,0,1,99,101.5,-2.5
2023-10-10,S001,P0009,Clothing,North,Autumn,0,1,68,89.6,-21.6
2023-10-11,S001,P0009,Clothing,North,Autumn,0,1,119,116.4,2.6
2023-10-12,S001,P0009,Clothing,North,Autumn,0,1,93,93.7,-0.7
2023-10-13,S001,P0009,Clothing,North,Autumn,0,1,92,98.8,-6.8
2023-10-14,S001,P0009,Clothing,North,Autumn,1,1,124,127.4,-3.4
2023-10-15,S001,P0009,Clothing,North,Autumn,0,1,127,94.0,33.0
2023-10-16,S001,P0009,Clothing,North,Autumn,0,1,91,90.1,0.9
2023-10-17,S001,P0009,Clothing,North,Autumn,0,1,163,116.5,46.5
2023-10-18,S001,P0009,Clothing,North,Autumn,1,1,108,122.9,-14.9
2023-10-19,S001,P0009,Clothing,North,Autumn,0,1,61,103.8,-42.8
2023-10-20,S001,P0009,Clothing,North,Autumn,0,1,129,109.7,19.3
2023-10-21,S001,P0009,Clothing,North,Autumn,1,1,166,151.4,14.6
2023-10-22,S001,P0009,Clothing,North,Autumn,0,1,88,101.0,-13.0
2023-10-23,S001,P0009,Clothing,North,Autumn,1,1,176,153.0,23.0
2023-10-24,S001,P0009,Clothing,North,Autumn,0,1,121,108.2,12.8
2023-10-25,S001,P0009,Clothing,North,Autumn,0,0,118,105.9,12.1
2023-10-26,S001,P0009,Clothing,North,Autumn,1,0,168,156.6,11.4
2023-10-27,S001,P0009,Clothing,North,Autumn,1,0,146,155.5,-9.5
2023-10-28,S001,P0009,Clothing,North,Autumn,1,0,255,183.5,71.5
2023-10-29,S001,P0009,Clothing,North,Autumn,0,0,126,115.4,10.6
2023-10-30,S001,P0009,Clothing,North,Autumn,0,0,120,106.6,13.4
2023-10-31,S001,P0009,Clothing,North,Autumn,0,0,124,106.9,17.1
2023-11-01,S001,P0009,Clothing,North,Autumn,0,0,74,102.2,-28.2
2023-11-02,S001,P0009,Clothing,North,Autumn,1,0,183,181.4,1.6
2023-11-03,S001,P0009,Clothing,North,Autumn,1,0,126,141.5,-15.5
2023-11-04,S001,P0009,Clothing,North,Autumn,1,0,94,140.9,-46.9
2023-11-05,S001,P0009,Clothing,North,Autumn,0,0,69,102.8,-33.8
2023-11-06,S001,P0009,Clothing,North,Autumn,0,0,165,123.3,41.7
2023-11-07,S001,P0009,Clothing,North,Autumn,0,0,104,103.7,0.3
2023-11-08,S001,P0009,Clothing,North,Autumn,1,0,126,154.7,-28.7
2023-11-09,S001,P0009,Clothing,North,Autumn,0,0,95,97.9,-2.9
2023-11-10,S001,P0009,Clothing,North,Autumn,0,0,87,90.1,-3.1
2023-11-11,S001,P0009,Clothing,North,Autumn,0,0,154,110.4,43.6
2023-11-12,S001,P0009,Clothing,North,Autumn,0,0,150,100.0,50.0
2023-11-13,S001,P0009,Clothing,North,Autumn,1,0,139,140.7,-1.7
2023-11-14,S001,P0009,Clothing,North,Autumn,1,0,204,172.0,32.0
2023-11-15,S001,P0009,Clothing,North,Autumn,0,0,48,99.7,-51.7
2023-11-16,S001,P0009,Clothing,North,Autumn,0,0,55,101.7,-46.7
2023-11-17,S001,P0009,Clothing,North,Autumn,0,0,82,100.6,-18.6
2023-11-18,S001,P0009,Clothing,North,Autumn,1,0,137,136.4,0.6
2023-11-19,S001,P0009,Clothing,North,Autumn,0,0,45,112.4,-67.4
2023-11-20,S001,P0009,Clothing,North,Autumn,0,0,110,95.6,14.3
2023-11-21,S001,P0009,Clothing,North,Autumn,1,0,87,150.0,-63.0
2023-11-22,S001,P0009,Clothing,North,Autumn,0,0,142,100.1,41.9
2023-11-23,S001,P0009,Clothing,North,Autumn,0,0,125,94.5,30.5
2023-11-24,S001,P0009,Clothing,North,Autumn,0,0,130,110.0,20.0
2023-11-25,S001,P0009,Clothing,North,Autumn,1,0,180,155.4,24.6
2023-11-26,S001,P0009,Clothing,North,Autumn,0,0,117,114.2,2.8
2023-11-27,S001,P0009,Clothing,North,Autumn,0,0,212,148.4,63.6
2023-11-28,S001,P0009,Clothing,North,Autumn,1,0,180,158.7,21.3
2023-11-29,S001,P0009,Clothing,North,Autumn,0,0,46,109.1,-63.1
2023-11-30,S001,P0009,Clothing,North,Autumn,0,0,154,126.0,28.0
2023-12-01,S001,P0009,Clothing,North,Winter,1,0,152,174.2,-22.2
2023-12-02,S001,P0009,Clothing,North,Winter,0,0,204,149.0,55.0
2023-12-03,S001,P0009,Clothing,North,Winter,1,0,162,163.3,-1.3
2023-12-04,S001,P0009,Clothing,North,Winter,1,0,188,166.5,21.5
2023-12-05,S001,P0009,Clothing,North,Winter,0,0,181,154.2,26.8
2023-12-06,S001,P0009,Clothing,North,Winter,1,0,37,156.7,-119.7
2023-12-07,S001,P0009,Clothing,North,Winter,0,0,188,150.4,37.6
2023-12-08,S001,P0009,Clothing,North,Winter,0,0,330,163.9,166.1
2023-12-09,S001,P0009,Clothing,North,Winter,0,0,125,129.2,-4.2
2023-12-10,S001,P0009,Clothing,North,Winter,0,0,220,161.6,58.4
2023-12-11,S001,P0009,Clothing,North,Winter,0,0,84,115.2,-31.2
2023-12-12,S001,P0009,Clothing,North,Winter,1,0,285,229.6,55.4
2023-12-13,S001,P0009,Clothing,North,Winter,1,0,281,207.0,74.0
2023-12-14,S001,P0009,Clothing,North,Winter,0,0,102,108.2,-6.2
2023-12-15,S001,P0009,Clothing,North,Winter,0,0,214,162.4,51.6
2023-12-16,S001,P0009,Clothing,North,Winter,0,0,177,155.0,22.1
2023-12-17,S001,P0009,Clothing,North,Winter,1,0,92,145.0,-53.0
2023-12-18,S001,P0009,Clothing,North,Winter,1,0,136,172.9,-36.9
2023-12-19,S001,P0009,Clothing,North,Winter,0,0,214,179.3,34.7
2023-12-20,S001,P0009,Clothing,North,Winter,0,0,174,158.7,15.3
2023-12-21,S001,P0009,Clothing,North,Winter,1,0,134,175.5,-41.5
2023-12-22,S001,P0009,Clothing,North,Winter,0,0,143,151.3,-8.3
2023-12-23,S001,P0009,Clothing,North,Winter,0,0,98,111.8,-13.8
2023-12-24,S001,P0009,Clothing,North,Winter,0,0,113,111.6,1.5
2023-12-25,S001,P0009,Clothing,North,Winter,0,0,85,106.1,-21.1
2023-12-26,S001,P0009,Clothing,North,Winter,1,0,189,161.9,27.1
2023-12-27,S001,P0009,Clothing,North,Winter,0,1,99,104.6,-5.7
2023-12-28,S001,P0009,Clothing,North,Winter,0,1,85,130.6,-45.6
2023-12-29,S001,P0009,Clothing,North,Winter,0,1,137,134.5,2.5
2023-12-30,S001,P0009,Clothing,North,Winter,0,1,89,101.2,-12.2
2023-12-31,S001,P0009,Clothing,North,Winter,0,1,146,117.6,28.4
2024-01-01,S001,P0009,Clothing,North,Winter,0,1,76,104.1,-28.1
2024-01-02,S001,P0009,Clothing,North,Winter,1,1,213,172.6,40.4
2024-01-03,S001,P0009,Clothing,North,Winter,0,1,93,108.8,-15.8
2024-01-04,S001,P0009,Clothing,North,Winter,0,1,146,124.6,21.4
2024-01-05,S001,P0009,Clothing,North,Winter,0,1,50,135.0,-84.9
2024-01-06,S001,P0009,Clothing,North,Winter,1,1,132,138.9,-6.9
2024-01-07,S001,P0009,Clothing,North,Winter,0,1,153,120.9,32.1
2024-01-08,S001,P0009,Clothing,North,Winter,0,1,139,130.7,8.3
2024-01-09,S001,P0009,Clothing,North,Winter,1,0,140,132.9,7.1
2024-01-10,S001,P0009,Clothing,North,Winter,0,0,103,108.0,-5.0
2024-01-11,S001,P0009,Clothing,North,Winter,1,0,201,172.2,28.8
2024-01-12,S001,P0009,Clothing,North,Winter,0,0,112,129.3,-17.3
2024-01-13,S001,P0009,Clothing,North,Winter,0,0,145,152.8,-7.8
2024-01-14,S001,P0009,Clothing,North,Winter,0,0,99,105.0,-6.0
2024-01-15,S001,P0009,Clothing,North,Winter,0,0,97,106.2,-9.2
2024-01-16,S001,P0009,Clothing,North,Winter,1,0,248,180.0,68.0
2024-01-17,S001,P0009,Clothing,North,Winter,1,0,184,172.3,11.7
2024-01-18,S001,P0009,Clothing,North,Winter,0,0,141,131.1,9.9
2024-01-19,S001,P0009,Clothing,North,Winter,0,0,100,113.0,-13.0
2024-01-20,S001,P0009,Clothing,North,Winter,1,0,174,176.4,-2.4
2024-01-21,S001,P0009,Clothing,North,Winter,1,0,169,168.3,0.7
2024-01-22,S001,P0009,Clothing,North,Winter,0,0,183,156.9,26.1
2024-01-23,S001,P0009,Clothing,North,Winter,0,0,95,119.5,-24.5
2024-01-24,S001,P0009,Clothing,North,Winter,1,0,153,182.0,-29.1
2024-01-25,S001,P0009,Clothing,North,Winter,0,0,210,172.7,37.3
2024-01-26,S001,P0009,Clothing,North,Winter,0,0,119,116.0,3.0
2024-01-27,S001,P0009,Clothing,North,Winter,1,0,198,180.1,17.9
2024-01-28,S001,P0009,Clothing,North,Winter,0,0,164,152.0,12.0
2024-01-29,S001,P0009,Clothing,North,Winter,0,0,133,124.4,8.6
2024-01-30,S001,P0009,Clothing,North,Winter,0,0,84,108.4,-24.4
2023-09-07,S001,P0010,Furniture,North,Autumn,1,0,31,68.8,-37.8
2023-09-08,S001,P0010,Furniture,North,Autumn,0,0,85,69.7,15.3
2023-09-09,S001,P0010,Furniture,North,Autumn,0,0,58,62.3,-4.3
2023-09-10,S001,P0010,Furniture,North,Autumn,0,0,95,86.2,8.8
2023-09-11,S001,P0010,Furniture,North,Autumn,0,0,72,80.0,-8.0
2023-09-12,S001,P0010,Furniture,North,Autumn,0,0,45,60.0,-15.0
2023-09-13,S001,P0010,Furniture,North,Autumn,1,0,94,102.8,-8.8
2023-09-14,S001,P0010,Furniture,North,Autumn,0,0,62,79.9,-17.9
2023-09-15,S001,P0010,Furniture,North,Autumn,1,0,100,99.3,0.7
2023-09-16,S001,P0010,Furniture,North,Autumn,0,0,47,67.4,-20.3
2023-09-17,S001,P0010,Furniture,North,Autumn,1,0,65,73.4,-8.4
2023-09-18,S001,P0010,Furniture,North,Autumn,0,0,78,73.5,4.5
2023-09-19,S001,P0010,Furniture,North,Autumn,1,0,102,108.1,-6.1
2023-09-20,S001,P0010,Furniture,North,Autumn,0,0,106,96.6,9.3
2023-09-21,S001,P0010,Furniture,North,Autumn,1,0,81,98.1,-17.1
2023-09-22,S001,P0010,Furniture,North,Autumn,0,0,83,83.8,-0.8
2023-09-23,S001,P0010,Furniture,North,Autumn,0,0,104,96.4,7.6
2023-09-24,S001,P0010,Furniture,North,Autumn,0,0,79,72.6,6.5
2023-09-25,S001,P0010,Furniture,North,Autumn,0,0,111,98.4,12.6
2023-09-26,S001,P0010,Furniture,North,Autumn,0,0,58,58.7,-0.7
2023-09-27,S001,P0010,Furniture,North,Autumn,0,0,84,83.3,0.7
2023-09-28,S001,P0010,Furniture,North,Autumn,0,0,85,95.1,-10.1
2023-09-29,S001,P0010,Furniture,North,Autumn,0,0,77,72.5,4.5
2023-09-30,S001,P0010,Furniture,North,Autumn,0,0,82,82.2,-0.2
2023-10-01,S001,P0010,Furniture,North,Autumn,0,0,66,62.7,3.3
2023-10-02,S001,P0010,Furniture,North,Autumn,1,0,98,99.8,-1.8
2023-10-03,S001,P0010,Furniture,North,Autumn,1,0,66,76.0,-10.0
2023-10-04,S001,P0010,Furniture,North,Autumn,1,0,125,112.4,12.6
2023-10-05,S001,P0010,Furniture,North,Autumn,0,0,97,89.3,7.7
2023-10-06,S001,P0010,Furniture,North,Autumn,0,0,84,75.3,8.7
2023-10-07,S001,P0010,Furniture,North,Autumn,1,1,49,52.6,-3.5
2023-10-08,S001,P0010,Furniture,North,Autumn,0,1,15,30.4,-15.4
2023-10-09,S001,P0010,Furniture,North,Autumn,0,1,27,28.7,-1.7
2023-10-10,S001,P0010,Furniture,North,Autumn,0,1,28,28.1,-0.1
2023-10-11,S001,P0010,Furniture,North,Autumn,0,1,50,40.1,9.9
2023-10-12,S001,P0010,Furniture,North,Autumn,1,1,62,38.6,23.4
2023-10-13,S001,P0010,Furniture,North,Autumn,0,1,32,32.3,-0.3
2023-10-14,S001,P0010,Furniture,North,Autumn,1,1,59,38.5,20.5
2023-10-15,S001,P0010,Furniture,North,Autumn,0,1,27,32.0,-5.0
2023-10-16,S001,P0010,Furniture,North,Autumn,0,1,12,29.9,-17.9
2023-10-17,S001,P0010,Furniture,North,Autumn,0,1,16,33.8,-17.8
2023-10-18,S001,P0010,Furniture,North,Autumn,0,1,37,33.8,3.2
2023-10-19,S001,P0010,Furniture,North,Autumn,1,1,42,43.8,-1.8
2023-10-20,S001,P0010,Furniture,North,Autumn,0,1,35,33.6,1.4
2023-10-21,S001,P0010,Furniture,North,Autumn,1,1,60,50.6,9.4
2023-10-22,S001,P0010,Furniture,North,Autumn,1,1,27,43.4,-16.4
2023-10-23,S001,P0010,Furniture,North,Autumn,0,1,29,32.9,-3.9
2023-10-24,S001,P0010,Furniture,North,Autumn,0,1,31,32.5,-1.5
2023-10-25,S001,P0010,Furniture,North,Autumn,0,0,62,74.4,-12.4
2023-10-26,S001,P0010,Furniture,North,Autumn,0,0,64,64.3,-0.3
2023-10-27,S001,P0010,Furniture,North,Autumn,0,0,96,81.6,14.4
2023-10-28,S001,P0010,Furniture,North,Autumn,1,0,95,103.2,-8.2
2023-10-29,S001,P0010,Furniture,North,Autumn,0,0,72,80.6,-8.6
2023-10-30,S001,P0010,Furniture,North,Autumn,0,0,90,86.2,3.8
2023-10-31,S001,P0010,Furniture,North,Autumn,0,0,62,72.0,-10.0
2023-11-01,S001,P0010,Furniture,North,Autumn,0,0,82,89.3,-7.3
2023-11-02,S001,P0010,Furniture,North,Autumn,1,0,107,105.5,1.5
2023-11-03,S001,P0010,Furniture,North,Autumn,0,0,82,76.6,5.3
2023-11-04,S001,P0010,Furniture,North,Autumn,1,0,91,92.8,-1.8
2023-11-05,S001,P0010,Furniture,North,Autumn,0,0,67,76.0,-9.0
2023-11-06,S001,P0010,Furniture,North,Autumn,0,0,79,85.8,-6.8
2023-11-07,S001,P0010,Furniture,North,Autumn,1,0,90,92.8,-2.8
2023-11-08,S001,P0010,Furniture,North,Autumn,1,0,143,139.2,3.8
2023-11-09,S001,P0010,Furniture,North,Autumn,1,0,98,92.4,5.6
2023-11-10,S001,P0010,Furniture,North,Autumn,0,0,52,71.2,-19.2
2023-11-11,S001,P0010,Furniture,North,Autumn,0,0,100,96.5,3.5
2023-11-12,S001,P0010,Furniture,North,Autumn,1,0,92,94.4,-2.4
2023-11-13,S001,P0010,Furniture,North,Autumn,0,0,49,62.8,-13.8
2023-11-14,S001,P0010,Furniture,North,Autumn,0,0,75,71.7,3.3
2023-11-15,S001,P0010,Furniture,North,Autumn,1,0,114,111.7,2.3
2023-11-16,S001,P0010,Furniture,North,Autumn,0,0,71,83.5,-12.5
2023-11-17,S001,P0010,Furniture,North,Autumn,0,0,64,70.0,-6.0
2023-11-18,S001,P0010,Furniture,North,Autumn,0,0,48,67.7,-19.7
2023-11-19,S001,P0010,Furniture,North,Autumn,1,0,118,112.7,5.3
2023-11-20,S001,P0010,Furniture,North,Autumn,0,0,79,85.6,-6.6
2023-11-21,S001,P0010,Furniture,North,Autumn,0,0,82,87.5,-5.5
2023-11-22,S001,P0010,Furniture,North,Autumn,1,0,114,100.0,14.0
2023-11-23,S001,P0010,Furniture,North,Autumn,1,0,108,106.4,1.7
2023-11-24,S001,P0010,Furniture,North,Autumn,0,0,89,84.5,4.5
2023-11-25,S001,P0010,Furniture,North,Autumn,0,0,42,66.5,-24.5
2023-11-26,S001,P0010,Furniture,North,Autumn,0,0,85,82.8,2.2
2023-11-27,S001,P0010,Furniture,North,Autumn,0,0,112,95.1,16.9
2023-11-28,S001,P0010,Furniture,North,Autumn,0,0,99,94.0,5.0
2023-11-29,S001,P0010,Furniture,North,Autumn,0,0,113,96.8,16.2
2023-11-30,S001,P0010,Furniture,North,Autumn,0,0,65,72.9,-7.9
2023-12-01,S001,P0010,Furniture,North,Winter,0,0,88,88.6,-0.6
2023-12-02,S001,P0010,Furniture,North,Winter,0,0,119,103.9,15.1
2023-12-03,S001,P0010,Furniture,North,Winter,0,0,111,96.7,14.3
2023-12-04,S001,P0010,Furniture,North,Winter,0,0,116,86.8,29.2
2023-12-05,S001,P0010,Furniture,North,Winter,0,0,95,73.9,21.1
2023-12-06,S001,P0010,Furniture,North,Winter,0,0,126,90.8,35.2
2023-12-07,S001,P0010,Furniture,North,Winter,0,0,47,74.3,-27.3
2023-12-08,S001,P0010,Furniture,North,Winter,1,0,105,93.8,11.2
2023-12-09,S001,P0010,Furniture,North,Winter,1,0,61,71.4,-10.4
2023-12-10,S001,P0010,Furniture,North,Winter,1,0,107,104.4,2.6
2023-12-11,S001,P0010,Furniture,North,Winter,1,0,103,91.1,11.9
2023-12-12,S001,P0010,Furniture,North,Winter,0,0,94,88.6,5.4
2023-12-13,S001,P0010,Furniture,North,Winter,0,0,92,77.8,14.2
2023-12-14,S001,P0010,Furniture,North,Winter,0,0,79,72.6,6.4
2023-12-15,S001,P0010,Furniture,North,Winter,0,0,111,96.5,14.5
2023-12-16,S001,P0010,Furniture,North,Winter,0,0,42,61.5,-19.5
2023-12-17,S001,P0010,Furniture,North,Winter,1,0,105,105.0,0.0
2023-12-18,S001,P0010,Furniture,North,Winter,1,0,68,71.3,-3.3
2023-12-19,S001,P0010,Furniture,North,Winter,0,0,85,84.8,0.2
2023-12-20,S001,P0010,Furniture,North,Winter,1,0,110,118.0,-8.0
2023-12-21,S001,P0010,Furniture,North,Winter,0,0,104,92.5,11.5
2023-12-22,S001,P0010,Furniture,North,Winter,0,0,84,87.9,-3.9
2023-12-23,S001,P0010,Furniture,North,Winter,0,0,60,71.2,-11.2
2023-12-24,S001,P0010,Furniture,North,Winter,1,0,81,91.7,-10.7
2023-12-25,S001,P0010,Furniture,North,Winter,1,0,82,95.9,-13.9
2023-12-26,S001,P0010,Furniture,North,Winter,0,0,73,85.0,-12.0
2023-12-27,S001,P0010,Furniture,North,Winter,1,1,45,50.0,-5.0
2023-12-28,S001,P0010,Furniture,North,Winter,0,1,29,34.7,-5.7
2023-12-29,S001,P0010,Furniture,North,Winter,0,1,20,33.2,-13.2
2023-12-30,S001,P0010,Furniture,North,Winter,0,1,23,31.7,-8.7
2023-12-31,S001,P0010,Furniture,North,Winter,0,1,58,35.6,22.4
2024-01-01,S001,P0010,Furniture,North,Winter,1,1,64,40.7,23.3
2024-01-02,S001,P0010,Furniture,North,Winter,0,1,34,33.0,1.0
2024-01-03,S001,P0010,Furniture,North,Winter,0,1,31,33.5,-2.5
2024-01-04,S001,P0010,Furniture,North,Winter,1,1,37,44.0,-7.0
2024-01-05,S001,P0010,Furniture,North,Winter,1,1,57,46.7,10.3
2024-01-06,S001,P0010,Furniture,North,Winter,0,1,24,32.6,-8.6
2024-01-07,S001,P0010,Furniture,North,Winter,1,1,43,40.1,2.9
2024-01-08,S001,P0010,Furniture,North,Winter,0,1,24,32.9,-8.9
2024-01-09,S001,P0010,Furniture,North,Winter,0,0,63,76.6,-13.6
2024-01-10,S001,P0010,Furniture,North,Winter,1,0,59,86.4,-27.3
2024-01-11,S001,P0010,Furniture,North,Winter,0,0,43,57.9,-14.9
2024-01-12,S001,P0010,Furniture,North,Winter,0,0,76,79.3,-3.3
2024-01-13,S001,P0010,Furniture,North,Winter,0,0,96,86.5,9.5
2024-01-14,S001,P0010,Furniture,North,Winter,0,0,46,55.3,-9.3
2024-01-15,S001,P0010,Furniture,North,Winter,0,0,77,79.8,-2.8
2024-01-16,S001,P0010,Furniture,North,Winter,1,0,66,73.8,-7.8
2024-01-17,S001,P0010,Furniture,North,Winter,1,0,94,94.7,-0.7
2024-01-18,S001,P0010,Furniture,North,Winter,0,0,71,75.3,-4.3
2024-01-19,S001,P0010,Furniture,North,Winter,0,0,31,58.3,-27.3
2024-01-20,S001,P0010,Furniture,North,Winter,0,0,92,98.6,-6.6
2024-01-21,S001,P0010,Furniture,North,Winter,1,0,69,79.4,-10.4
2024-01-22,S001,P0010,Furniture,North,Winter,0,0,89,84.6,4.4
2024-01-23,S001,P0010,Furniture,North,Winter,0,0,74,83.4,-9.4
2024-01-24,S001,P0010,Furniture,North,Winter,1,0,149,125.8,23.2
2024-01-25,S001,P0010,Furniture,North,Winter,0,0,79,86.4,-7.5
2024-01-26,S001,P0010,Furniture,North,Winter,0,0,91,89.3,1.7
2024-01-27,S001,P0010,Furniture,North,Winter,1,0,68,87.6,-19.6
2024-01-28,S001,P0010,Furniture,North,Winter,0,0,82,76.4,5.6
2024-01-29,S001,P0010,Furniture,North,Winter,0,0,68,78.2,-10.2
2024-01-30,S001,P0010,Furniture,North,Winter,0,0,69,83.1,-14.1
2023-09-07,S001,P0011,Furniture,North,Autumn,1,0,100,104.4,-4.4
2023-09-08,S001,P0011,Furniture,North,Autumn,1,0,115,107.3,7.7
2023-09-09,S001,P0011,Furniture,North,Autumn,0,0,65,73.6,-8.6
2023-09-10,S001,P0011,Furniture,North,Autumn,1,0,67,94.5,-27.5
2023-09-11,S001,P0011,Furniture,North,Autumn,1,0,120,122.6,-2.7
2023-09-12,S001,P0011,Furniture,North,Autumn,0,0,96,82.6,13.5
2023-09-13,S001,P0011,Furniture,North,Autumn,0,0,62,62.4,-0.4
2023-09-14,S001,P0011,Furniture,North,Autumn,0,0,79,70.7,8.3
2023-09-15,S001,P0011,Furniture,North,Autumn,0,0,71,70.7,0.3
2023-09-16,S001,P0011,Furniture,North,Autumn,1,0,118,117.0,1.0
2023-09-17,S001,P0011,Furniture,North,Autumn,1,0,188,151.5,36.5
2023-09-18,S001,P0011,Furniture,North,Autumn,0,0,60,67.5,-7.5
2023-09-19,S001,P0011,Furniture,North,Autumn,0,0,61,78.7,-17.7
2023-09-20,S001,P0011,Furniture,North,Autumn,0,0,79,78.2,0.8
2023-09-21,S001,P0011,Furniture,North,Autumn,0,0,41,58.4,-17.4
2023-09-22,S001,P0011,Furniture,North,Autumn,1,0,64,89.2,-25.2
2023-09-23,S001,P0011,Furniture,North,Autumn,0,0,125,114.5,10.5
2023-09-24,S001,P0011,Furniture,North,Autumn,0,0,71,72.9,-1.9
2023-09-25,S001,P0011,Furniture,North,Autumn,0,0,99,93.0,6.0
2023-09-26,S001,P0011,Furniture,North,Autumn,0,0,94,95.7,-1.7
2023-09-27,S001,P0011,Furniture,North,Autumn,0,0,103,91.8,11.2
2023-09-28,S001,P0011,Furniture,North,Autumn,0,0,93,84.3,8.7
2023-09-29,S001,P0011,Furniture,North,Autumn,0,0,88,95.8,-7.8
2023-09-30,S001,P0011,Furniture,North,Autumn,0,0,95,98.4,-3.4
2023-10-01,S001,P0011,Furniture,North,Autumn,1,0,55,74.5,-19.5
2023-10-02,S001,P0011,Furniture,North,Autumn,0,0,78,76.0,2.0
2023-10-03,S001,P0011,Furniture,North,Autumn,0,0,67,63.4,3.6
2023-10-04,S001,P0011,Furniture,North,Autumn,0,0,104,104.8,-0.8
2023-10-05,S001,P0011,Furniture,North,Autumn,0,0,65,64.7,0.3
2023-10-06,S001,P0011,Furniture,North,Autumn,0,0,86,87.2,-1.2
2023-10-07,S001,P0011,Furniture,North,Autumn,1,1,23,45.4,-22.4
2023-10-08,S001,P0011,Furniture,North,Autumn,1,1,25,51.0,-26.0
2023-10-09,S001,P0011,Furniture,North,Autumn,0,1,24,36.1,-12.1
2023-10-10,S001,P0011,Furniture,North,Autumn,1,1,48,42.9,5.1
2023-10-11,S001,P0011,Furniture,North,Autumn,0,1,36,40.8,-4.8
2023-10-12,S001,P0011,Furniture,North,Autumn,1,1,36,39.0,-3.0
2023-10-13,S001,P0011,Furniture,North,Autumn,0,1,24,33.3,-9.3
2023-10-14,S001,P0011,Furniture,North,Autumn,0,1,18,32.9,-14.9
2023-10-15,S001,P0011,Furniture,North,Autumn,0,1,38,36.5,1.5
2023-10-16,S001,P0011,Furniture,North,Autumn,0,1,34,31.8,2.2
2023-10-17,S001,P0011,Furniture,North,Autumn,1,1,79,54.1,24.9
2023-10-18,S001,P0011,Furniture,North,Autumn,0,1,17,30.8,-13.8
2023-10-19,S001,P0011,Furniture,North,Autumn,1,1,20,43.4,-23.4
2023-10-20,S001,P0011,Furniture,North,Autumn,0,1,32,39.4,-7.4
2023-10-21,S001,P0011,Furniture,North,Autumn,1,1,42,47.4,-5.4
2023-10-22,S001,P0011,Furniture,North,Autumn,0,1,67,54.0,13.0
2023-10-23,S001,P0011,Furniture,North,Autumn,1,1,42,45.2,-3.2
2023-10-24,S001,P0011,Furniture,North,Autumn,0,1,22,33.8,-11.9
2023-10-25,S001,P0011,Furniture,North,Autumn,0,0,105,91.0,14.0
2023-10-26,S001,P0011,Furniture,North,Autumn,1,0,110,110.2,-0.2
2023-10-27,S001,P0011,Furniture,North,Autumn,0,0,110,117.7,-7.7
2023-10-28,S001,P0011,Furniture,North,Autumn,0,0,117,111.4,5.5
2023-10-29,S001,P0011,Furniture,North,Autumn,0,0,77,75.9,1.1
2023-10-30,S001,P0011,Furniture,North,Autumn,0,0,86,81.2,4.8
2023-10-31,S001,P0011,Furniture,North,Autumn,0,0,53,60.2,-7.2
2023-11-01,S001,P0011,Furniture,North,Autumn,0,0,39,59.1,-20.1
2023-11-02,S001,P0011,Furniture,North,Autumn,0,0,71,74.2,-3.2
2023-11-03,S001,P0011,Furniture,North,Autumn,0,0,64,65.3,-1.3
2023-11-04,S001,P0011,Furniture,North,Autumn,1,0,29,73.7,-44.7
2023-11-05,S001,P0011,Furniture,North,Autumn,0,0,71,73.5,-2.5
2023-11-06,S001,P0011,Furniture,North,Autumn,1,0,78,80.7,-2.7
2023-11-07,S001,P0011,Furniture,North,Autumn,0,0,78,85.7,-7.7
2023-11-08,S001,P0011,Furniture,North,Autumn,0,0,82,81.4,0.7
2023-11-09,S001,P0011,Furniture,North,Autumn,0,0,77,75.4,1.7
2023-11-10,S001,P0011,Furniture,North,Autumn,0,0,36,50.7,-14.7
2023-11-11,S001,P0011,Furniture,North,Autumn,1,0,108,110.8,-2.8
2023-11-12,S001,P0011,Furniture,North,Autumn,0,0,74,75.5,-1.5
2023-11-13,S001,P0011,Furniture,North,Autumn,0,0,96,101.2,-5.2
2023-11-14,S001,P0011,Furniture,North,Autumn,0,0,43,42.9,0.1
2023-11-15,S001,P0011,Furniture,North,Autumn,1,0,69,75.7,-6.7
2023-11-16,S001,P0011,Furniture,North,Autumn,0,0,85,83.8,1.2
2023-11-17,S001,P0011,Furniture,North,Autumn,1,0,119,116.0,3.0
2023-11-18,S001,P0011,Furniture,North,Autumn,1,0,116,110.4,5.5
2023-11-19,S001,P0011,Furniture,North,Autumn,0,0,83,83.4,-0.4
2023-11-20,S001,P0011,Furniture,North,Autumn,0,0,46,46.4,-0.4
2023-11-21,S001,P0011,Furniture,North,Autumn,1,0,88,107.1,-19.1
2023-11-22,S001,P0011,Furniture,North,Autumn,0,0,41,48.5,-7.5
2023-11-23,S001,P0011,Furniture,North,Autumn,0,0,43,48.4,-5.4
2023-11-24,S001,P0011,Furniture,North,Autumn,1,0,114,117.1,-3.1
2023-11-25,S001,P0011,Furniture,North,Autumn,1,0,65,79.8,-14.8
2023-11-26,S001,P0011,Furniture,North,Autumn,1,0,75,84.7,-9.7
2023-11-27,S001,P0011,Furniture,North,Autumn,0,0,103,101.8,1.2
2023-11-28,S001,P0011,Furniture,North,Autumn,0,0,71,75.7,-4.7
2023-11-29,S001,P0011,Furniture,North,Autumn,0,0,105,110.2,-5.2
2023-11-30,S001,P0011,Furniture,North,Autumn,0,0,101,104.0,-3.0
2023-12-01,S001,P0011,Furniture,North,Winter,1,0,151,146.8,4.2
2023-12-02,S001,P0011,Furniture,North,Winter,0,0,78,79.0,-1.0
2023-12-03,S001,P0011,Furniture,North,Winter,0,0,75,77.5,-2.5
2023-12-04,S001,P0011,Furniture,North,Winter,1,0,124,89.7,34.3
2023-12-05,S001,P0011,Furniture,North,Winter,0,0,61,77.1,-16.1
2023-12-06,S001,P0011,Furniture,North,Winter,1,0,136,134.8,1.2
2023-12-07,S001,P0011,Furniture,North,Winter,1,0,120,136.0,-16.0
2023-12-08,S001,P0011,Furniture,North,Winter,0,0,51,64.0,-13.0
2023-12-09,S001,P0011,Furniture,North,Winter,1,0,82,99.1,-17.1
2023-12-10,S001,P0011,Furniture,North,Winter,0,0,79,78.3,0.7
2023-12-11,S001,P0011,Furniture,North,Winter,1,0,92,102.7,-10.7
2023-12-12,S001,P0011,Furniture,North,Winter,0,0,85,85.3,-0.3
2023-12-13,S001,P0011,Furniture,North,Winter,0,0,75,69.6,5.4
2023-12-14,S001,P0011,Furniture,North,Winter,0,0,44,49.6,-5.6
2023-12-15,S001,P0011,Furniture,North,Winter,0,0,42,42.9,-0.9
2023-12-16,S001,P0011,Furniture,North,Winter,1,0,66,71.3,-5.3
2023-12-17,S001,P0011,Furniture,North,Winter,0,0,93,100.0,-7.0
2023-12-18,S001,P0011,Furniture,North,Winter,0,0,85,89.4,-4.4
2023-12-19,S001,P0011,Furniture,North,Winter,1,0,92,110.9,-18.9
2023-12-20,S001,P0011,Furniture,North,Winter,0,0,71,76.4,-5.4
2023-12-21,S001,P0011,Furniture,North,Winter,0,0,74,76.0,-2.0
2023-12-22,S001,P0011,Furniture,North,Winter,1,0,116,119.8,-3.8
2023-12-23,S001,P0011,Furniture,North,Winter,0,0,58,64.7,-6.7
2023-12-24,S001,P0011,Furniture,North,Winter,0,0,75,77.4,-2.4
2023-12-25,S001,P0011,Furniture,North,Winter,0,0,59,53.2,5.8
2023-12-26,S001,P0011,Furniture,North,Winter,1,0,71,92.8,-21.8
2023-12-27,S001,P0011,Furniture,North,Winter,0,1,19,35.8,-16.8
2023-12-28,S001,P0011,Furniture,North,Winter,0,1,66,52.3,13.7
2023-12-29,S001,P0011,Furniture,North,Winter,0,1,59,50.6,8.4
2023-12-30,S001,P0011,Furniture,North,Winter,0,1,28,34.8,-6.8
2023-12-31,S001,P0011,Furniture,North,Winter,0,1,25,34.7,-9.7
2024-01-01,S001,P0011,Furniture,North,Winter,1,1,31,44.5,-13.5
2024-01-02,S001,P0011,Furniture,North,Winter,0,1,39,37.5,1.5
2024-01-03,S001,P0011,Furniture,North,Winter,1,1,23,42.5,-19.5
2024-01-04,S001,P0011,Furniture,North,Winter,1,1,46,42.4,3.6
2024-01-05,S001,P0011,Furniture,North,Winter,1,1,63,50.5,12.5
2024-01-06,S001,P0011,Furniture,North,Winter,1,1,35,39.1,-4.1
2024-01-07,S001,P0011,Furniture,North,Winter,0,1,18,34.1,-16.1
2024-01-08,S001,P0011,Furniture,North,Winter,0,1,72,54.6,17.4
2024-01-09,S001,P0011,Furniture,North,Winter,0,0,84,101.5,-17.5
2024-01-10,S001,P0011,Furniture,North,Winter,0,0,43,79.3,-36.3
2024-01-11,S001,P0011,Furniture,North,Winter,1,0,128,98.1,29.9
2024-01-12,S001,P0011,Furniture,North,Winter,0,0,58,50.6,7.4
2024-01-13,S001,P0011,Furniture,North,Winter,1,0,183,150.0,33.0
2024-01-14,S001,P0011,Furniture,North,Winter,0,0,81,77.0,4.0
2024-01-15,S001,P0011,Furniture,North,Winter,1,0,76,93.2,-17.2
2024-01-16,S001,P0011,Furniture,North,Winter,0,0,50,54.7,-4.7
2024-01-17,S001,P0011,Furniture,North,Winter,1,0,94,88.2,5.8
2024-01-18,S001,P0011,Furniture,North,Winter,0,0,86,90.2,-4.2
2024-01-19,S001,P0011,Furniture,North,Winter,0,0,69,76.4,-7.4
2024-01-20,S001,P0011,Furniture,North,Winter,1,0,114,118.0,-4.0
2024-01-21,S001,P0011,Furniture,North,Winter,0,0,68,70.8,-2.8
2024-01-22,S001,P0011,Furniture,North,Winter,0,0,100,92.1,7.9
2024-01-23,S001,P0011,Furniture,North,Winter,0,0,145,116.6,28.4
2024-01-24,S001,P0011,Furniture,North,Winter,0,0,40,61.8,-21.8
2024-01-25,S001,P0011,Furniture,North,Winter,0,0,92,97.5,-5.5
2024-01-26,S001,P0011,Furniture,North,Winter,0,0,106,105.2,0.8
2024-01-27,S001,P0011,Furniture,North,Winter,0,0,79,76.4,2.6
2024-01-28,S001,P0011,Furniture,North,Winter,0,0,95,97.6,-2.6
2024-01-29,S001,P0011,Furniture,North,Winter,0,0,65,62.4,2.6
2024-01-30,S001,P0011,Furniture,North,Winter,0,0,44,51.6,-7.6
2023-09-07,S001,P0012,Groceries,North,Autumn,0,0,116,107.7,8.3
2023-09-08,S001,P0012,Groceries,North,Autumn,1,0,143,147.1,-4.1
2023-09-09,S001,P0012,Groceries,North,Autumn,0,0,94,105.8,-11.8
2023-09-10,S001,P0012,Groceries,North,Autumn,1,0,120,135.9,-15.9
2023-09-11,S001,P0012,Groceries,North,Autumn,0,0,142,127.9,14.1
2023-09-12,S001,P0012,Groceries,North,Autumn,0,0,58,105.9,-47.9
2023-09-13,S001,P0012,Groceries,North,Autumn,1,0,146,136.8,9.2
2023-09-14,S001,P0012,Groceries,North,Autumn,0,0,205,179.1,25.9
2023-09-15,S001,P0012,Groceries,North,Autumn,0,0,109,108.2,0.8
2023-09-16,S001,P0012,Groceries,North,Autumn,0,0,77,105.7,-28.7
2023-09-17,S001,P0012,Groceries,North,Autumn,1,0,158,142.2,15.8
2023-09-18,S001,P0012,Groceries,North,Autumn,1,0,54,131.8,-77.8
2023-09-19,S001,P0012,Groceries,North,Autumn,0,0,134,141.7,-7.7
2023-09-20,S001,P0012,Groceries,North,Autumn,0,0,210,167.1,42.9
2023-09-21,S001,P0012,Groceries,North,Autumn,0,0,131,114.5,16.5
2023-09-22,S001,P0012,Groceries,North,Autumn,1,0,245,197.2,47.8
2023-09-23,S001,P0012,Groceries,North,Autumn,0,0,112,118.4,-6.4
2023-09-24,S001,P0012,Groceries,North,Autumn,0,0,120,113.5,6.5
2023-09-25,S001,P0012,Groceries,North,Autumn,1,0,156,172.9,-16.9
2023-09-26,S001,P0012,Groceries,North,Autumn,0,0,107,108.8,-1.8
2023-09-27,S001,P0012,Groceries,North,Autumn,0,0,113,113.1,-0.1
2023-09-28,S001,P0012,Groceries,North,Autumn,1,0,109,145.4,-36.4
2023-09-29,S001,P0012,Groceries,North,Autumn,0,0,171,134.0,37.0
2023-09-30,S001,P0012,Groceries,North,Autumn,0,0,106,108.0,-2.0
2023-10-01,S001,P0012,Groceries,North,Autumn,0,0,123,113.6,9.4
2023-10-02,S001,P0012,Groceries,North,Autumn,1,0,193,178.3,14.7
2023-10-03,S001,P0012,Groceries,North,Autumn,1,0,215,180.6,34.3
2023-10-04,S001,P0012,Groceries,North,Autumn,0,0,119,117.3,1.7
2023-10-05,S001,P0012,Groceries,North,Autumn,0,0,101,106.9,-5.9
2023-10-06,S001,P0012,Groceries,North,Autumn,0,0,104,109.2,-5.2
2023-10-07,S001,P0012,Groceries,North,Autumn,0,1,83,100.7,-17.7
2023-10-08,S001,P0012,Groceries,North,Autumn,0,1,49,99.9,-50.9
2023-10-09,S001,P0012,Groceries,North,Autumn,0,1,64,92.3,-28.3
2023-10-10,S001,P0012,Groceries,North,Autumn,1,1,94,107.1,-13.1
2023-10-11,S001,P0012,Groceries,North,Autumn,0,1,29,98.0,-69.0
2023-10-12,S001,P0012,Groceries,North,Autumn,1,1,103,92.8,10.2
2023-10-13,S001,P0012,Groceries,North,Autumn,1,1,78,98.9,-20.9
2023-10-14,S001,P0012,Groceries,North,Autumn,1,1,98,95.6,2.4
2023-10-15,S001,P0012,Groceries,North,Autumn,0,1,46,79.9,-33.9
2023-10-16,S001,P0012,Groceries,North,Autumn,0,1,94,90.7,3.3
2023-10-17,S001,P0012,Groceries,North,Autumn,0,1,76,97.3,-21.3
2023-10-18,S001,P0012,Groceries,North,Autumn,1,1,80,92.7,-12.7
2023-10-19,S001,P0012,Groceries,North,Autumn,0,1,79,93.6,-14.6
2023-10-20,S001,P0012,Groceries,North,Autumn,1,1,77,111.1,-34.1
2023-10-21,S001,P0012,Groceries,North,Autumn,1,1,141,129.6,11.4
2023-10-22,S001,P0012,Groceries,North,Autumn,0,1,77,83.2,-6.2
2023-10-23,S001,P0012,Groceries,North,Autumn,0,1,61,84.0,-23.0
2023-10-24,S001,P0012,Groceries,North,Autumn,0,1,83,85.0,-2.0
2023-10-25,S001,P0012,Groceries,North,Autumn,1,0,124,122.9,1.1
2023-10-26,S001,P0012,Groceries,North,Autumn,0,0,120,126.5,-6.5
2023-10-27,S001,P0012,Groceries,North,Autumn,0,0,96,122.6,-26.6
2023-10-28,S001,P0012,Groceries,North,Autumn,0,0,106,128.9,-22.9
2023-10-29,S001,P0012,Groceries,North,Autumn,0,0,195,165.1,29.9
2023-10-30,S001,P0012,Groceries,North,Autumn,0,0,144,116.5,27.5
2023-10-31,S001,P0012,Groceries,North,Autumn,0,0,71,105.6,-34.6
2023-11-01,S001,P0012,Groceries,North,Autumn,1,0,164,164.3,-0.3
2023-11-02,S001,P0012,Groceries,North,Autumn,0,0,115,119.9,-4.9
2023-11-03,S001,P0012,Groceries,North,Autumn,1,0,103,138.0,-35.1
2023-11-04,S001,P0012,Groceries,North,Autumn,0,0,156,132.6,23.4
2023-11-05,S001,P0012,Groceries,North,Autumn,0,0,107,107.0,0.0
2023-11-06,S001,P0012,Groceries,North,Autumn,0,0,123,112.8,10.2
2023-11-07,S001,P0012,Groceries,North,Autumn,0,0,133,119.3,13.7
2023-11-08,S001,P0012,Groceries,North,Autumn,0,0,133,129.6,3.4
2023-11-09,S001,P0012,Groceries,North,Autumn,1,0,148,165.5,-17.5
2023-11-10,S001,P0012,Groceries,North,Autumn,1,0,172,147.0,25.0
2023-11-11,S001,P0012,Groceries,North,Autumn,0,0,100,104.7,-4.7
2023-11-12,S001,P0012,Groceries,North,Autumn,0,0,130,108.9,21.1
2023-11-13,S001,P0012,Groceries,North,Autumn,0,0,85,108.7,-23.7
2023-11-14,S001,P0012,Groceries,North,Autumn,1,0,76,127.8,-51.8
2023-11-15,S001,P0012,Groceries,North,Autumn,0,0,129,119.4,9.6
2023-11-16,S001,P0012,Groceries,North,Autumn,0,0,173,152.2,20.8
2023-11-17,S001,P0012,Groceries,North,Autumn,0,0,148,115.6,32.3
2023-11-18,S001,P0012,Groceries,North,Autumn,1,0,155,139.2,15.8
2023-11-19,S001,P0012,Groceries,North,Autumn,1,0,193,187.6,5.4
2023-11-20,S001,P0012,Groceries,North,Autumn,0,0,127,118.8,8.2
2023-11-21,S001,P0012,Groceries,North,Autumn,0,0,97,121.7,-24.7
2023-11-22,S001,P0012,Groceries,North,Autumn,0,0,59,106.0,-47.0
2023-11-23,S001,P0012,Groceries,North,Autumn,1,0,142,145.9,-3.9
2023-11-24,S001,P0012,Groceries,North,Autumn,1,0,159,172.9,-13.9
2023-11-25,S001,P0012,Groceries,North,Autumn,0,0,169,129.5,39.5
2023-11-26,S001,P0012,Groceries,North,Autumn,1,0,145,171.4,-26.4
2023-11-27,S001,P0012,Groceries,North,Autumn,0,0,92,116.4,-24.4
2023-11-28,S001,P0012,Groceries,North,Autumn,0,0,117,118.2,-1.2
2023-11-29,S001,P0012,Groceries,North,Autumn,0,0,137,132.0,5.0
2023-11-30,S001,P0012,Groceries,North,Autumn,0,0,117,113.0,4.0
2023-12-01,S001,P0012,Groceries,North,Winter,0,0,67,105.6,-38.6
2023-12-02,S001,P0012,Groceries,North,Winter,1,0,137,144.3,-7.3
2023-12-03,S001,P0012,Groceries,North,Winter,1,0,162,149.8,12.2
2023-12-04,S001,P0012,Groceries,North,Winter,0,0,146,145.6,0.4
2023-12-05,S001,P0012,Groceries,North,Winter,0,0,34,107.2,-73.2
2023-12-06,S001,P0012,Groceries,North,Winter,0,0,118,125.9,-7.9
2023-12-07,S001,P0012,Groceries,North,Winter,0,0,176,153.3,22.7
2023-12-08,S001,P0012,Groceries,North,Winter,0,0,153,146.6,6.4
2023-12-09,S001,P0012,Groceries,North,Winter,1,0,159,172.0,-13.0
2023-12-10,S001,P0012,Groceries,North,Winter,1,0,169,172.5,-3.5
2023-12-11,S001,P0012,Groceries,North,Winter,1,0,116,134.9,-18.9
2023-12-12,S001,P0012,Groceries,North,Winter,0,0,89,110.8,-21.8
2023-12-13,S001,P0012,Groceries,North,Winter,0,0,107,128.2,-21.2
2023-12-14,S001,P0012,Groceries,North,Winter,0,0,94,117.0,-23.0
2023-12-15,S001,P0012,Groceries,North,Winter,1,0,124,138.5,-14.5
2023-12-16,S001,P0012,Groceries,North,Winter,0,0,112,116.2,-4.2
2023-12-17,S001,P0012,Groceries,North,Winter,1,0,170,178.8,-8.8
2023-12-18,S001,P0012,Groceries,North,Winter,0,0,170,123.1,46.9
2023-12-19,S001,P0012,Groceries,North,Winter,1,0,239,203.9,35.1
2023-12-20,S001,P0012,Groceries,North,Winter,0,0,98,108.0,-10.0
2023-12-21,S001,P0012,Groceries,North,Winter,0,0,49,115.0,-66.0
2023-12-22,S001,P0012,Groceries,North,Winter,1,0,141,177.7,-36.7
2023-12-23,S001,P0012,Groceries,North,Winter,0,0,83,103.8,-20.8
2023-12-24,S001,P0012,Groceries,North,Winter,0,0,140,129.6,10.3
2023-12-25,S001,P0012,Groceries,North,Winter,1,0,112,141.5,-29.5
2023-12-26,S001,P0012,Groceries,North,Winter,0,0,109,107.6,1.3
2023-12-27,S001,P0012,Groceries,North,Winter,0,1,50,84.7,-34.7
2023-12-28,S001,P0012,Groceries,North,Winter,0,1,111,110.0,1.0
2023-12-29,S001,P0012,Groceries,North,Winter,0,1,86,99.5,-13.5
2023-12-30,S001,P0012,Groceries,North,Winter,0,1,28,81.5,-53.5
2023-12-31,S001,P0012,Groceries,North,Winter,0,1,43,80.2,-37.2
2024-01-01,S001,P0012,Groceries,North,Winter,0,1,15,67.3,-52.3
2024-01-02,S001,P0012,Groceries,North,Winter,0,1,50,68.3,-18.3
2024-01-03,S001,P0012,Groceries,North,Winter,0,1,113,69.5,43.5
2024-01-04,S001,P0012,Groceries,North,Winter,0,1,40,69.5,-29.5
2024-01-05,S001,P0012,Groceries,North,Winter,0,1,63,77.6,-14.6
2024-01-06,S001,P0012,Groceries,North,Winter,0,1,122,68.5,53.5
2024-01-07,S001,P0012,Groceries,North,Winter,1,1,108,95.5,12.5
2024-01-08,S001,P0012,Groceries,North,Winter,0,1,43,69.2,-26.2
2024-01-09,S001,P0012,Groceries,North,Winter,1,0,185,131.4,53.6
2024-01-10,S001,P0012,Groceries,North,Winter,0,0,58,103.5,-45.5
2024-01-11,S001,P0012,Groceries,North,Winter,1,0,133,131.8,1.2
2024-01-12,S001,P0012,Groceries,North,Winter,1,0,169,184.4,-15.4
2024-01-13,S001,P0012,Groceries,North,Winter,1,0,117,161.6,-44.6
2024-01-14,S001,P0012,Groceries,North,Winter,0,0,117,108.4,8.6
2024-01-15,S001,P0012,Groceries,North,Winter,0,0,54,108.8,-54.8
2024-01-16,S001,P0012,Groceries,North,Winter,0,0,87,104.2,-17.2
2024-01-17,S001,P0012,Groceries,North,Winter,1,0,127,142.1,-15.1
2024-01-18,S001,P0012,Groceries,North,Winter,1,0,75,162.6,-87.6
2024-01-19,S001,P0012,Groceries,North,Winter,0,0,100,107.3,-7.3
2024-01-20,S001,P0012,Groceries,North,Winter,0,0,139,138.1,0.9
2024-01-21,S001,P0012,Groceries,North,Winter,0,0,154,151.2,2.8
2024-01-22,S001,P0012,Groceries,North,Winter,1,0,69,153.5,-84.5
2024-01-23,S001,P0012,Groceries,North,Winter,1,0,121,135.4,-14.4
2024-01-24,S001,P0012,Groceries,North,Winter,0,0,126,126.1,-0.1
2024-01-25,S001,P0012,Groceries,North,Winter,1,0,112,163.5,-51.5
2024-01-26,S001,P0012,Groceries,North,Winter,0,0,125,115.4,9.6
2024-01-27,S001,P0012,Groceries,North,Winter,0,0,159,130.0,29.0
2024-01-28,S001,P0012,Groceries,North,Winter,0,0,65,107.8,-42.8
2024-01-29,S001,P0012,Groceries,North,Winter,0,0,174,155.8,18.2
2024-01-30,S001,P0012,Groceries,North,Winter,0,0,86,106.9,-20.9
2023-09-07,S001,P0013,Toys,North,Autumn,0,0,116,90.1,25.9
2023-09-08,S001,P0013,Toys,North,Autumn,0,0,87,88.7,-1.7
2023-09-09,S001,P0013,Toys,North,Autumn,1,0,85,112.8,-27.8
2023-09-10,S001,P0013,Toys,North,Autumn,1,0,105,117.8,-12.8
2023-09-11,S001,P0013,Toys,North,Autumn,0,0,96,103.4,-7.4
2023-09-12,S001,P0013,Toys,North,Autumn,0,0,136,99.0,37.0
2023-09-13,S001,P0013,Toys,North,Autumn,0,0,97,91.9,5.1
2023-09-14,S001,P0013,Toys,North,Autumn,1,0,61,131.8,-70.8
2023-09-15,S001,P0013,Toys,North,Autumn,1,0,155,134.8,20.2
2023-09-16,S001,P0013,Toys,North,Autumn,1,0,110,112.5,-2.5
2023-09-17,S001,P0013,Toys,North,Autumn,0,0,97,95.1,1.9
2023-09-18,S001,P0013,Toys,North,Autumn,0,0,100,87.2,12.8
2023-09-19,S001,P0013,Toys,North,Autumn,0,0,77,94.6,-17.6
2023-09-20,S001,P0013,Toys,North,Autumn,0,0,50,100.5,-50.5
2023-09-21,S001,P0013,Toys,North,Autumn,0,0,99,88.9,10.1
2023-09-22,S001,P0013,Toys,North,Autumn,1,0,96,114.8,-18.8
2023-09-23,S001,P0013,Toys,North,Autumn,0,0,102,100.6,1.4
2023-09-24,S001,P0013,Toys,North,Autumn,1,0,101,110.0,-9.0
2023-09-25,S001,P0013,Toys,North,Autumn,0,0,61,89.1,-28.1
2023-09-26,S001,P0013,Toys,North,Autumn,1,0,174,119.3,54.7
2023-09-27,S001,P0013,Toys,North,Autumn,0,0,129,99.0,30.0
2023-09-28,S001,P0013,Toys,North,Autumn,0,0,67,94.3,-27.3
2023-09-29,S001,P0013,Toys,North,Autumn,0,0,115,104.8,10.2
2023-09-30,S001,P0013,Toys,North,Autumn,0,0,46,88.9,-42.9
2023-10-01,S001,P0013,Toys,North,Autumn,0,0,120,92.9,27.1
2023-10-02,S001,P0013,Toys,North,Autumn,1,0,95,140.2,-45.2
2023-10-03,S001,P0013,Toys,North,Autumn,1,0,106,120.9,-14.9
2023-10-04,S001,P0013,Toys,North,Autumn,0,0,84,95.2,-11.2
2023-10-05,S001,P0013,Toys,North,Autumn,0,0,86,89.4,-3.4
2023-10-06,S001,P0013,Toys,North,Autumn,0,0,71,93.1,-22.1
2023-10-07,S001,P0013,Toys,North,Autumn,0,1,31,28.5,2.5
2023-10-08,S001,P0013,Toys,North,Autumn,0,1,21,22.7,-1.7
2023-10-09,S001,P0013,Toys,North,Autumn,0,1,41,28.8,12.2
2023-10-10,S001,P0013,Toys,North,Autumn,1,1,47,27.8,19.2
2023-10-11,S001,P0013,Toys,North,Autumn,0,1,14,26.2,-12.2
2023-10-12,S001,P0013,Toys,North,Autumn,1,1,28,38.7,-10.7
2023-10-13,S001,P0013,Toys,North,Autumn,0,1,23,24.4,-1.4
2023-10-14,S001,P0013,Toys,North,Autumn,0,1,12,22.6,-10.6
2023-10-15,S001,P0013,Toys,North,Autumn,0,1,33,26.0,7.0
2023-10-16,S001,P0013,Toys,North,Autumn,1,1,48,34.1,13.9
2023-10-17,S001,P0013,Toys,North,Autumn,1,1,35,37.2,-2.2
2023-10-18,S001,P0013,Toys,North,Autumn,0,1,51,37.1,13.9
2023-10-19,S001,P0013,Toys,North,Autumn,0,1,70,45.1,24.9
2023-10-20,S001,P0013,Toys,North,Autumn,1,1,18,38.0,-20.0
2023-10-21,S001,P0013,Toys,North,Autumn,0,1,44,43.4,0.6
2023-10-22,S001,P0013,Toys,North,Autumn,1,1,69,40.1,28.9
2023-10-23,S001,P0013,Toys,North,Autumn,1,1,15,43.4,-28.4
2023-10-24,S001,P0013,Toys,North,Autumn,0,1,10,23.5,-13.5
2023-10-25,S001,P0013,Toys,North,Autumn,1,0,102,136.0,-34.0
2023-10-26,S001,P0013,Toys,North,Autumn,0,0,118,112.8,5.2
2023-10-27,S001,P0013,Toys,North,Autumn,0,0,91,103.9,-12.9
2023-10-28,S001,P0013,Toys,North,Autumn,0,0,56,99.1,-43.1
2023-10-29,S001,P0013,Toys,North,Autumn,0,0,25,102.1,-77.1
2023-10-30,S001,P0013,Toys,North,Autumn,0,0,131,96.2,34.8
2023-10-31,S001,P0013,Toys,North,Autumn,0,0,92,87.4,4.6
2023-11-01,S001,P0013,Toys,North,Autumn,1,0,121,117.5,3.5
2023-11-02,S001,P0013,Toys,North,Autumn,0,0,93,102.0,-9.0
2023-11-03,S001,P0013,Toys,North,Autumn,0,0,104,90.2,13.8
2023-11-04,S001,P0013,Toys,North,Autumn,0,0,110,97.4,12.6
2023-11-05,S001,P0013,Toys,North,Autumn,1,0,103,116.0,-13.0
2023-11-06,S001,P0013,Toys,North,Autumn,0,0,76,95.5,-19.5
2023-11-07,S001,P0013,Toys,North,Autumn,0,0,85,91.3,-6.3
2023-11-08,S001,P0013,Toys,North,Autumn,1,0,153,136.7,16.3
2023-11-09,S001,P0013,Toys,North,Autumn,0,0,60,86.9,-26.9
2023-11-10,S001,P0013,Toys,North,Autumn,0,0,69,87.6,-18.7
2023-11-11,S001,P0013,Toys,North,Autumn,0,0,86,90.6,-4.6
2023-11-12,S001,P0013,Toys,North,Autumn,0,0,49,88.3,-39.3
2023-11-13,S001,P0013,Toys,North,Autumn,0,0,61,91.1,-30.1
2023-11-14,S001,P0013,Toys,North,Autumn,1,0,114,115.0,-1.0
2023-11-15,S001,P0013,Toys,North,Autumn,0,0,79,91.3,-12.3
2023-11-16,S001,P0013,Toys,North,Autumn,1,0,115,118.4,-3.4
2023-11-17,S001,P0013,Toys,North,Autumn,0,0,46,88.8,-42.8
2023-11-18,S001,P0013,Toys,North,Autumn,1,0,59,107.1,-48.1
2023-11-19,S001,P0013,Toys,North,Autumn,0,0,39,98.8,-59.8
2023-11-20,S001,P0013,Toys,North,Autumn,1,0,91,115.7,-24.7
2023-11-21,S001,P0013,Toys,North,Autumn,1,0,61,134.4,-73.4
2023-11-22,S001,P0013,Toys,North,Autumn,0,0,101,91.4,9.6
2023-11-23,S001,P0013,Toys,North,Autumn,1,0,102,108.3,-6.3
2023-11-24,S001,P0013,Toys,North,Autumn,0,0,53,91.7,-38.7
2023-11-25,S001,P0013,Toys,North,Autumn,1,0,33,108.6,-75.6
2023-11-26,S001,P0013,Toys,North,Autumn,0,0,68,102.1,-34.1
2023-11-27,S001,P0013,Toys,North,Autumn,0,0,133,104.7,28.3
2023-11-28,S001,P0013,Toys,North,Autumn,0,0,126,95.0,31.0
2023-11-29,S001,P0013,Toys,North,Autumn,0,0,94,102.5,-8.5
2023-11-30,S001,P0013,Toys,North,Autumn,0,0,73,90.9,-17.9
2023-12-01,S001,P0013,Toys,North,Winter,1,0,65,120.3,-55.3
2023-12-02,S001,P0013,Toys,North,Winter,1,0,161,126.4,34.6
2023-12-03,S001,P0013,Toys,North,Winter,0,0,115,97.1,17.9
2023-12-04,S001,P0013,Toys,North,Winter,1,0,134,135.6,-1.6
2023-12-05,S001,P0013,Toys,North,Winter,1,0,45,122.3,-77.3
2023-12-06,S001,P0013,Toys,North,Winter,1,0,136,145.7,-9.7
2023-12-07,S001,P0013,Toys,North,Winter,0,0,83,95.2,-12.2
2023-12-08,S001,P0013,Toys,North,Winter,0,0,103,95.7,7.3
2023-12-09,S001,P0013,Toys,North,Winter,0,0,45,89.2,-44.2
2023-12-10,S001,P0013,Toys,North,Winter,0,0,101,90.6,10.4
2023-12-11,S001,P0013,Toys,North,Winter,0,0,100,91.6,8.4
2023-12-12,S001,P0013,Toys,North,Winter,0,0,65,100.7,-35.7
2023-12-13,S001,P0013,Toys,North,Winter,1,0,77,139.6,-62.6
2023-12-14,S001,P0013,Toys,North,Winter,0,0,100,100.0,0.0
2023-12-15,S001,P0013,Toys,North,Winter,0,0,122,92.1,29.9
2023-12-16,S001,P0013,Toys,North,Winter,0,0,65,90.3,-25.3
2023-12-17,S001,P0013,Toys,North,Winter,1,0,146,122.7,23.3
2023-12-18,S001,P0013,Toys,North,Winter,0,0,83,95.4,-12.4
2023-12-19,S001,P0013,Toys,North,Winter,0,0,143,103.5,39.5
2023-12-20,S001,P0013,Toys,North,Winter,1,0,128,118.5,9.5
2023-12-21,S001,P0013,Toys,North,Winter,0,0,108,104.1,3.9
2023-12-22,S001,P0013,Toys,North,Winter,1,0,123,143.1,-20.1
2023-12-23,S001,P0013,Toys,North,Winter,0,0,54,91.0,-37.0
2023-12-24,S001,P0013,Toys,North,Winter,0,0,161,114.0,47.0
2023-12-25,S001,P0013,Toys,North,Winter,0,0,115,94.0,21.0
2023-12-26,S001,P0013,Toys,North,Winter,0,0,75,92.7,-17.7
2023-12-27,S001,P0013,Toys,North,Winter,1,1,44,105.3,-61.3
2023-12-28,S001,P0013,Toys,North,Winter,0,1,30,55.4,-25.4
2023-12-29,S001,P0013,Toys,North,Winter,0,1,28,24.3,3.7
2023-12-30,S001,P0013,Toys,North,Winter,0,1,13,21.6,-8.6
2023-12-31,S001,P0013,Toys,North,Winter,0,1,42,27.8,14.2
2024-01-01,S001,P0013,Toys,North,Winter,0,1,21,26.8,-5.9
2024-01-02,S001,P0013,Toys,North,Winter,1,1,16,30.8,-14.8
2024-01-03,S001,P0013,Toys,North,Winter,0,1,47,29.1,17.9
2024-01-04,S001,P0013,Toys,North,Winter,0,1,23,25.3,-2.3
2024-01-05,S001,P0013,Toys,North,Winter,1,1,16,31.4,-15.4
2024-01-06,S001,P0013,Toys,North,Winter,0,1,34,37.8,-3.8
2024-01-07,S001,P0013,Toys,North,Winter,1,1,28,36.4,-8.4
2024-01-08,S001,P0013,Toys,North,Winter,0,1,25,25.4,-0.4
2024-01-09,S001,P0013,Toys,North,Winter,1,0,129,128.7,0.3
2024-01-10,S001,P0013,Toys,North,Winter,1,0,163,144.6,18.3
2024-01-11,S001,P0013,Toys,North,Winter,0,0,74,91.3,-17.3
2024-01-12,S001,P0013,Toys,North,Winter,0,0,36,90.4,-54.4
2024-01-13,S001,P0013,Toys,North,Winter,0,0,138,104.2,33.8
2024-01-14,S001,P0013,Toys,North,Winter,0,0,63,91.3,-28.3
2024-01-15,S001,P0013,Toys,North,Winter,0,0,77,93.4,-16.4
2024-01-16,S001,P0013,Toys,North,Winter,1,0,152,113.8,38.2
2024-01-17,S001,P0013,Toys,North,Winter,1,0,135,134.9,0.1
2024-01-18,S001,P0013,Toys,North,Winter,0,0,61,100.5,-39.5
2024-01-19,S001,P0013,Toys,North,Winter,0,0,105,94.7,10.3
2024-01-20,S001,P0013,Toys,North,Winter,0,0,120,104.9,15.1
2024-01-21,S001,P0013,Toys,North,Winter,0,0,132,103.2,28.8
2024-01-22,S001,P0013,Toys,North,Winter,0,0,91,102.8,-11.8
2024-01-23,S001,P0013,Toys,North,Winter,1,0,99,113.8,-14.8
2024-01-24,S001,P0013,Toys,North,Winter,0,0,84,97.9,-13.9
2024-01-25,S001,P0013,Toys,North,Winter,1,0,174,158.4,15.6
2024-01-26,S001,P0013,Toys,North,Winter,0,0,104,97.9,6.1
2024-01-27,S001,P0013,Toys,North,Winter,1,0,69,114.8,-45.8
2024-01-28,S001,P0013,Toys,North,Winter,0,0,57,92.8,-35.8
2024-01-29,S001,P0013,Toys,North,Winter,0,0,109,96.3,12.7
2024-01-30,S001,P0013,Toys,North,Winter,0,0,116,91.8,24.2
2023-09-07,S001,P0014,Groceries,North,Autumn,0,0,106,107.1,-1.1
2023-09-08,S001,P0014,Groceries,North,Autumn,0,0,133,108.8,24.2
2023-09-09,S001,P0014,Groceries,North,Autumn,0,0,72,103.6,-31.6
2023-09-10,S001,P0014,Groceries,North,Autumn,0,0,44,97.2,-53.2
2023-09-11,S001,P0014,Groceries,North,Autumn,1,0,280,175.7,104.3
2023-09-12,S001,P0014,Groceries,North,Autumn,0,0,153,117.5,35.5
2023-09-13,S001,P0014,Groceries,North,Autumn,1,0,139,140.5,-1.5
2023-09-14,S001,P0014,Groceries,North,Autumn,0,0,85,131.9,-46.9
2023-09-15,S001,P0014,Groceries,North,Autumn,1,0,192,150.3,41.7
2023-09-16,S001,P0014,Groceries,North,Autumn,0,0,31,86.9,-55.9
2023-09-17,S001,P0014,Groceries,North,Autumn,0,0,106,110.8,-4.8
2023-09-18,S001,P0014,Groceries,North,Autumn,1,0,109,120.3,-11.3
2023-09-19,S001,P0014,Groceries,North,Autumn,0,0,54,102.3,-48.3
2023-09-20,S001,P0014,Groceries,North,Autumn,0,0,115,119.7,-4.7
2023-09-21,S001,P0014,Groceries,North,Autumn,0,0,65,102.2,-37.2
2023-09-22,S001,P0014,Groceries,North,Autumn,0,0,128,100.5,27.5
2023-09-23,S001,P0014,Groceries,North,Autumn,0,0,97,121.0,-24.0
2023-09-24,S001,P0014,Groceries,North,Autumn,0,0,117,107.4,9.6
2023-09-25,S001,P0014,Groceries,North,Autumn,0,0,64,100.5,-36.5
2023-09-26,S001,P0014,Groceries,North,Autumn,1,0,100,136.6,-36.6
2023-09-27,S001,P0014,Groceries,North,Autumn,1,0,121,131.3,-10.3
2023-09-28,S001,P0014,Groceries,North,Autumn,1,0,127,135.3,-8.3
2023-09-29,S001,P0014,Groceries,North,Autumn,0,0,80,103.1,-23.1
2023-09-30,S001,P0014,Groceries,North,Autumn,0,0,146,106.2,39.8
2023-10-01,S001,P0014,Groceries,North,Autumn,0,0,91,103.3,-12.3
2023-10-02,S001,P0014,Groceries,North,Autumn,0,0,140,126.4,13.6
2023-10-03,S001,P0014,Groceries,North,Autumn,0,0,126,111.1,14.9
2023-10-04,S001,P0014,Groceries,North,Autumn,0,0,86,106.0,-20.0
2023-10-05,S001,P0014,Groceries,North,Autumn,0,0,28,87.1,-59.1
2023-10-06,S001,P0014,Groceries,North,Autumn,0,0,39,92.9,-53.9
2023-10-07,S001,P0014,Groceries,North,Autumn,0,1,70,78.8,-8.8
2023-10-08,S001,P0014,Groceries,North,Autumn,1,1,82,92.5,-10.5
2023-10-09,S001,P0014,Groceries,North,Autumn,1,1,211,119.7,91.3
2023-10-10,S001,P0014,Groceries,North,Autumn,0,1,42,78.6,-36.6
2023-10-11,S001,P0014,Groceries,North,Autumn,1,1,143,123.5,19.5
2023-10-12,S001,P0014,Groceries,North,Autumn,1,1,75,95.1,-20.1
2023-10-13,S001,P0014,Groceries,North,Autumn,0,1,71,79.4,-8.4
2023-10-14,S001,P0014,Groceries,North,Autumn,1,1,69,106.8,-37.8
2023-10-15,S001,P0014,Groceries,North,Autumn,1,1,103,122.4,-19.4
2023-10-16,S001,P0014,Groceries,North,Autumn,0,1,56,73.7,-17.7
2023-10-17,S001,P0014,Groceries,North,Autumn,1,1,86,105.0,-19.0
2023-10-18,S001,P0014,Groceries,North,Autumn,1,1,116,90.8,25.2
2023-10-19,S001,P0014,Groceries,North,Autumn,1,1,139,110.3,28.7
2023-10-20,S001,P0014,Groceries,North,Autumn,0,1,93,101.9,-8.9
2023-10-21,S001,P0014,Groceries,North,Autumn,0,1,101,99.2,1.8
2023-10-22,S001,P0014,Groceries,North,Autumn,1,1,70,109.9,-39.9
2023-10-23,S001,P0014,Groceries,North,Autumn,0,1,80,82.2,-2.2
2023-10-24,S001,P0014,Groceries,North,Autumn,0,1,27,70.2,-43.2
2023-10-25,S001,P0014,Groceries,North,Autumn,0,0,91,113.4,-22.4
2023-10-26,S001,P0014,Groceries,North,Autumn,0,0,144,110.1,33.9
2023-10-27,S001,P0014,Groceries,North,Autumn,0,0,21,110.8,-89.8
2023-10-28,S001,P0014,Groceries,North,Autumn,0,0,165,111.5,53.5
2023-10-29,S001,P0014,Groceries,North,Autumn,0,0,113,113.1,-0.1
2023-10-30,S001,P0014,Groceries,North,Autumn,0,0,113,109.2,3.8
2023-10-31,S001,P0014,Groceries,North,Autumn,0,0,116,105.0,11.0
2023-11-01,S001,P0014,Groceries,North,Autumn,0,0,138,107.1,30.9
2023-11-02,S001,P0014,Groceries,North,Autumn,1,0,194,167.1,26.9
2023-11-03,S001,P0014,Groceries,North,Autumn,1,0,83,125.6,-42.7
2023-11-04,S001,P0014,Groceries,North,Autumn,1,0,84,121.2,-37.2
2023-11-05,S001,P0014,Groceries,North,Autumn,1,0,84,120.8,-36.8
2023-11-06,S001,P0014,Groceries,North,Autumn,0,0,102,101.1,0.9
2023-11-07,S001,P0014,Groceries,North,Autumn,0,0,98,101.7,-3.7
2023-11-08,S001,P0014,Groceries,North,Autumn,1,0,101,161.3,-60.3
2023-11-09,S001,P0014,Groceries,North,Autumn,0,0,71,101.7,-30.7
2023-11-10,S001,P0014,Groceries,North,Autumn,1,0,132,131.8,0.2
2023-11-11,S001,P0014,Groceries,North,Autumn,1,0,173,137.9,35.1
2023-11-12,S001,P0014,Groceries,North,Autumn,1,0,112,132.3,-20.3
2023-11-13,S001,P0014,Groceries,North,Autumn,0,0,140,109.4,30.6
2023-11-14,S001,P0014,Groceries,North,Autumn,1,0,153,133.5,19.5
2023-11-15,S001,P0014,Groceries,North,Autumn,1,0,145,132.2,12.8
2023-11-16,S001,P0014,Groceries,North,Autumn,0,0,86,109.9,-23.9
2023-11-17,S001,P0014,Groceries,North,Autumn,0,0,75,105.9,-30.9
2023-11-18,S001,P0014,Groceries,North,Autumn,0,0,135,108.9,26.1
2023-11-19,S001,P0014,Groceries,North,Autumn,0,0,112,127.9,-15.9
2023-11-20,S001,P0014,Groceries,North,Autumn,0,0,111,110.9,0.1
2023-11-21,S001,P0014,Groceries,North,Autumn,0,0,94,115.2,-21.2
2023-11-22,S001,P0014,Groceries,North,Autumn,0,0,74,106.2,-32.2
2023-11-23,S001,P0014,Groceries,North,Autumn,0,0,127,109.8,17.2
2023-11-24,S001,P0014,Groceries,North,Autumn,0,0,150,111.8,38.2
2023-11-25,S001,P0014,Groceries,North,Autumn,0,0,176,113.1,62.9
2023-11-26,S001,P0014,Groceries,North,Autumn,0,0,108,127.6,-19.5
2023-11-27,S001,P0014,Groceries,North,Autumn,0,0,169,136.3,32.7
2023-11-28,S001,P0014,Groceries,North,Autumn,0,0,80,107.0,-27.0
2023-11-29,S001,P0014,Groceries,North,Autumn,0,0,65,119.8,-54.8
2023-11-30,S001,P0014,Groceries,North,Autumn,0,0,122,110.8,11.2
2023-12-01,S001,P0014,Groceries,North,Winter,0,0,105,125.6,-20.6
2023-12-02,S001,P0014,Groceries,North,Winter,0,0,83,107.0,-24.0
2023-12-03,S001,P0014,Groceries,North,Winter,1,0,113,134.2,-21.2
2023-12-04,S001,P0014,Groceries,North,Winter,0,0,5,88.6,-83.6
2023-12-05,S001,P0014,Groceries,North,Winter,0,0,85,108.9,-23.9
2023-12-06,S001,P0014,Groceries,North,Winter,0,0,78,111.4,-33.4
2023-12-07,S001,P0014,Groceries,North,Winter,0,0,59,99.0,-40.0
2023-12-08,S001,P0014,Groceries,North,Winter,0,0,140,104.8,35.2
2023-12-09,S001,P0014,Groceries,North,Winter,1,0,123,116.5,6.5
2023-12-10,S001,P0014,Groceries,North,Winter,1,0,196,126.6,69.4
2023-12-11,S001,P0014,Groceries,North,Winter,1,0,91,124.8,-33.8
2023-12-12,S001,P0014,Groceries,North,Winter,1,0,73,140.8,-67.8
2023-12-13,S001,P0014,Groceries,North,Winter,0,0,139,130.2,8.8
2023-12-14,S001,P0014,Groceries,North,Winter,1,0,186,167.6,18.4
2023-12-15,S001,P0014,Groceries,North,Winter,0,0,100,107.0,-7.0
2023-12-16,S001,P0014,Groceries,North,Winter,1,0,140,141.0,-1.0
2023-12-17,S001,P0014,Groceries,North,Winter,0,0,104,109.2,-5.2
2023-12-18,S001,P0014,Groceries,North,Winter,0,0,115,108.8,6.2
2023-12-19,S001,P0014,Groceries,North,Winter,0,0,148,130.6,17.4
2023-12-20,S001,P0014,Groceries,North,Winter,0,0,133,109.3,23.7
2023-12-21,S001,P0014,Groceries,North,Winter,1,0,175,173.1,1.9
2023-12-22,S001,P0014,Groceries,North,Winter,0,0,75,121.8,-46.8
2023-12-23,S001,P0014,Groceries,North,Winter,1,0,133,135.3,-2.3
2023-12-24,S001,P0014,Groceries,North,Winter,1,0,120,168.7,-48.7
2023-12-25,S001,P0014,Groceries,North,Winter,0,0,77,104.7,-27.7
2023-12-26,S001,P0014,Groceries,North,Winter,0,0,109,107.4,1.6
2023-12-27,S001,P0014,Groceries,North,Winter,0,1,45,76.4,-31.4
2023-12-28,S001,P0014,Groceries,North,Winter,0,1,73,88.8,-15.8
2023-12-29,S001,P0014,Groceries,North,Winter,0,1,127,102.2,24.8
2023-12-30,S001,P0014,Groceries,North,Winter,0,1,75,83.7,-8.7
2023-12-31,S001,P0014,Groceries,North,Winter,0,1,78,80.8,-2.8
2024-01-01,S001,P0014,Groceries,North,Winter,1,1,53,85.7,-32.7
2024-01-02,S001,P0014,Groceries,North,Winter,0,1,104,73.7,30.3
2024-01-03,S001,P0014,Groceries,North,Winter,0,1,78,68.7,9.3
2024-01-04,S001,P0014,Groceries,North,Winter,0,1,39,66.6,-27.7
2024-01-05,S001,P0014,Groceries,North,Winter,1,1,111,101.7,9.3
2024-01-06,S001,P0014,Groceries,North,Winter,0,1,65,67.9,-2.9
2024-01-07,S001,P0014,Groceries,North,Winter,0,1,109,69.1,39.9
2024-01-08,S001,P0014,Groceries,North,Winter,0,1,98,68.5,29.5
2024-01-09,S001,P0014,Groceries,North,Winter,1,0,108,126.4,-18.4
2024-01-10,S001,P0014,Groceries,North,Winter,0,0,134,91.1,42.9
2024-01-11,S001,P0014,Groceries,North,Winter,0,0,55,98.6,-43.6
2024-01-12,S001,P0014,Groceries,North,Winter,0,0,171,111.3,59.7
2024-01-13,S001,P0014,Groceries,North,Winter,0,0,91,120.6,-29.6
2024-01-14,S001,P0014,Groceries,North,Winter,0,0,119,105.6,13.5
2024-01-15,S001,P0014,Groceries,North,Winter,0,0,105,109.7,-4.7
2024-01-16,S001,P0014,Groceries,North,Winter,1,0,76,125.2,-49.2
2024-01-17,S001,P0014,Groceries,North,Winter,0,0,52,105.8,-53.8
2024-01-18,S001,P0014,Groceries,North,Winter,1,0,169,160.7,8.3
2024-01-19,S001,P0014,Groceries,North,Winter,1,0,109,128.4,-19.4
2024-01-20,S001,P0014,Groceries,North,Winter,1,0,186,164.0,22.0
2024-01-21,S001,P0014,Groceries,North,Winter,1,0,128,134.1,-6.1
2024-01-22,S001,P0014,Groceries,North,Winter,1,0,193,170.4,22.6
2024-01-23,S001,P0014,Groceries,North,Winter,0,0,86,106.7,-20.7
2024-01-24,S001,P0014,Groceries,North,Winter,0,0,172,111.9,60.1
2024-01-25,S001,P0014,Groceries,North,Winter,0,0,67,117.8,-50.8
2024-01-26,S001,P0014,Groceries,North,Winter,0,0,116,110.2,5.8
2024-01-27,S001,P0014,Groceries,North,Winter,1,0,178,136.9,41.1
2024-01-28,S001,P0014,Groceries,North,Winter,0,0,59,107.4,-48.4
2024-01-29,S001,P0014,Groceries,North,Winter,0,0,77,104.0,-27.0
2024-01-30,S001,P0014,Groceries,North,Winter,0,0,86,103.8,-17.8
2023-09-07,S001,P0015,Toys,North,Autumn,1,0,119,117.5,1.5
2023-09-08,S001,P0015,Toys,North,Autumn,0,0,82,80.2,1.8
2023-09-09,S001,P0015,Toys,North,Autumn,1,0,107,111.2,-4.2
2023-09-10,S001,P0015,Toys,North,Autumn,0,0,155,96.7,58.3
2023-09-11,S001,P0015,Toys,North,Autumn,0,0,80,59.8,20.2
2023-09-12,S001,P0015,Toys,North,Autumn,0,0,94,97.7,-3.7
2023-09-13,S001,P0015,Toys,North,Autumn,0,0,78,77.3,0.7
2023-09-14,S001,P0015,Toys,North,Autumn,1,0,203,136.4,66.6
2023-09-15,S001,P0015,Toys,North,Autumn,0,0,47,64.5,-17.5
2023-09-16,S001,P0015,Toys,North,Autumn,0,0,103,98.8,4.2
2023-09-17,S001,P0015,Toys,North,Autumn,0,0,95,86.6,8.4
2023-09-18,S001,P0015,Toys,North,Autumn,1,0,101,108.3,-7.3
2023-09-19,S001,P0015,Toys,North,Autumn,0,0,94,88.3,5.7
2023-09-20,S001,P0015,Toys,North,Autumn,0,0,81,95.2,-14.2
2023-09-21,S001,P0015,Toys,North,Autumn,0,0,120,101.5,18.5
2023-09-22,S001,P0015,Toys,North,Autumn,1,0,118,116.5,1.5
2023-09-23,S001,P0015,Toys,North,Autumn,1,0,191,139.2,51.8
2023-09-24,S001,P0015,Toys,North,Autumn,0,0,65,79.4,-14.4
2023-09-25,S001,P0015,Toys,North,Autumn,0,0,98,86.1,11.9
2023-09-26,S001,P0015,Toys,North,Autumn,0,0,131,102.6,28.4
2023-09-27,S001,P0015,Toys,North,Autumn,1,0,118,97.6,20.4
2023-09-28,S001,P0015,Toys,North,Autumn,1,0,101,80.8,20.2
2023-09-29,S001,P0015,Toys,North,Autumn,0,0,110,102.3,7.7
2023-09-30,S001,P0015,Toys,North,Autumn,0,0,66,59.7,6.3
2023-10-01,S001,P0015,Toys,North,Autumn,1,0,97,86.3,10.7
2023-10-02,S001,P0015,Toys,North,Autumn,0,0,75,82.3,-7.3
2023-10-03,S001,P0015,Toys,North,Autumn,0,0,129,101.5,27.5
2023-10-04,S001,P0015,Toys,North,Autumn,0,0,100,87.0,13.0
2023-10-05,S001,P0015,Toys,North,Autumn,0,0,87,84.5,2.5
2023-10-06,S001,P0015,Toys,North,Autumn,1,0,104,114.2,-10.2
2023-10-07,S001,P0015,Toys,North,Autumn,1,1,76,58.8,17.2
2023-10-08,S001,P0015,Toys,North,Autumn,1,1,9,55.2,-46.2
2023-10-09,S001,P0015,Toys,North,Autumn,1,1,87,23.0,64.0
2023-10-10,S001,P0015,Toys,North,Autumn,0,1,61,27.0,34.0
2023-10-11,S001,P0015,Toys,North,Autumn,0,1,41,26.9,14.1
2023-10-12,S001,P0015,Toys,North,Autumn,0,1,29,20.4,8.6
2023-10-13,S001,P0015,Toys,North,Autumn,0,1,39,30.2,8.9
2023-10-14,S001,P0015,Toys,North,Autumn,0,1,27,23.6,3.4
2023-10-15,S001,P0015,Toys,North,Autumn,1,1,39,27.8,11.2
2023-10-16,S001,P0015,Toys,North,Autumn,0,1,9,21.9,-12.9
2023-10-17,S001,P0015,Toys,North,Autumn,0,1,67,33.6,33.4
2023-10-18,S001,P0015,Toys,North,Autumn,0,1,29,28.2,0.8
2023-10-19,S001,P0015,Toys,North,Autumn,0,1,29,29.3,-0.3
2023-10-20,S001,P0015,Toys,North,Autumn,0,1,33,24.8,8.2
2023-10-21,S001,P0015,Toys,North,Autumn,0,1,4,23.1,-19.1
2023-10-22,S001,P0015,Toys,North,Autumn,1,1,17,29.4,-12.4
2023-10-23,S001,P0015,Toys,North,Autumn,0,1,26,17.3,8.7
2023-10-24,S001,P0015,Toys,North,Autumn,1,1,37,27.1,9.9
2023-10-25,S001,P0015,Toys,North,Autumn,0,0,38,100.9,-62.9
2023-10-26,S001,P0015,Toys,North,Autumn,1,0,119,108.4,10.7
2023-10-27,S001,P0015,Toys,North,Autumn,0,0,66,104.5,-38.5
2023-10-28,S001,P0015,Toys,North,Autumn,1,0,195,138.3,56.7
2023-10-29,S001,P0015,Toys,North,Autumn,0,0,102,100.6,1.3
2023-10-30,S001,P0015,Toys,North,Autumn,0,0,141,91.2,49.8
2023-10-31,S001,P0015,Toys,North,Autumn,0,0,38,40.8,-2.8
2023-11-01,S001,P0015,Toys,North,Autumn,1,0,59,86.0,-27.0
2023-11-02,S001,P0015,Toys,North,Autumn,1,0,72,114.0,-42.0
2023-11-03,S001,P0015,Toys,North,Autumn,0,0,33,42.5,-9.5
2023-11-04,S001,P0015,Toys,North,Autumn,0,0,112,90.8,21.2
2023-11-05,S001,P0015,Toys,North,Autumn,0,0,92,88.7,3.3
2023-11-06,S001,P0015,Toys,North,Autumn,0,0,89,86.4,2.7
2023-11-07,S001,P0015,Toys,North,Autumn,0,0,143,87.7,55.3
2023-11-08,S001,P0015,Toys,North,Autumn,0,0,159,102.5,56.5
2023-11-09,S001,P0015,Toys,North,Autumn,0,0,94,95.4,-1.4
2023-11-10,S001,P0015,Toys,North,Autumn,0,0,77,93.1,-16.1
2023-11-11,S001,P0015,Toys,North,Autumn,1,0,129,101.3,27.7
2023-11-12,S001,P0015,Toys,North,Autumn,0,0,104,97.3,6.7
2023-11-13,S001,P0015,Toys,North,Autumn,0,0,66,80.5,-14.5
2023-11-14,S001,P0015,Toys,North,Autumn,0,0,126,98.2,27.8
2023-11-15,S001,P0015,Toys,North,Autumn,0,0,84,79.0,5.0
2023-11-16,S001,P0015,Toys,North,Autumn,0,0,107,98.0,9.0
2023-11-17,S001,P0015,Toys,North,Autumn,0,0,64,76.4,-12.4
2023-11-18,S001,P0015,Toys,North,Autumn,0,0,93,84.4,8.6
2023-11-19,S001,P0015,Toys,North,Autumn,0,0,166,104.4,61.6
2023-11-20,S001,P0015,Toys,North,Autumn,1,0,71,92.0,-21.0
2023-11-21,S001,P0015,Toys,North,Autumn,1,0,142,130.0,12.0
2023-11-22,S001,P0015,Toys,North,Autumn,1,0,59,53.4,5.6
2023-11-23,S001,P0015,Toys,North,Autumn,1,0,144,122.5,21.5
2023-11-24,S001,P0015,Toys,North,Autumn,0,0,127,98.9,28.1
2023-11-25,S001,P0015,Toys,North,Autumn,0,0,59,62.9,-3.9
2023-11-26,S001,P0015,Toys,North,Autumn,1,0,166,127.5,38.5
2023-11-27,S001,P0015,Toys,North,Autumn,1,0,137,134.9,2.1
2023-11-28,S001,P0015,Toys,North,Autumn,1,0,70,66.5,3.5
2023-11-29,S001,P0015,Toys,North,Autumn,0,0,128,102.2,25.8
2023-11-30,S001,P0015,Toys,North,Autumn,0,0,47,52.0,-5.0
2023-12-01,S001,P0015,Toys,North,Winter,0,0,82,72.4,9.6
2023-12-02,S001,P0015,Toys,North,Winter,1,0,155,120.6,34.4
2023-12-03,S001,P0015,Toys,North,Winter,1,0,96,110.0,-14.0
2023-12-04,S001,P0015,Toys,North,Winter,0,0,131,101.6,29.4
2023-12-05,S001,P0015,Toys,North,Winter,0,0,52,71.3,-19.3
2023-12-06,S001,P0015,Toys,North,Winter,1,0,73,100.9,-27.9
2023-12-07,S001,P0015,Toys,North,Winter,0,0,54,68.6,-14.5
2023-12-08,S001,P0015,Toys,North,Winter,0,0,73,92.2,-19.2
2023-12-09,S001,P0015,Toys,North,Winter,0,0,65,68.5,-3.5
2023-12-10,S001,P0015,Toys,North,Winter,0,0,69,70.8,-1.8
2023-12-11,S001,P0015,Toys,North,Winter,0,0,86,75.7,10.3
2023-12-12,S001,P0015,Toys,North,Winter,0,0,95,98.5,-3.5
2023-12-13,S001,P0015,Toys,North,Winter,1,0,31,120.2,-89.2
2023-12-14,S001,P0015,Toys,North,Winter,1,0,99,111.1,-12.1
2023-12-15,S001,P0015,Toys,North,Winter,0,0,49,69.0,-20.0
2023-12-16,S001,P0015,Toys,North,Winter,1,0,135,120.3,14.7
2023-12-17,S001,P0015,Toys,North,Winter,1,0,71,96.1,-25.1
2023-12-18,S001,P0015,Toys,North,Winter,0,0,114,91.5,22.5
2023-12-19,S001,P0015,Toys,North,Winter,0,0,150,101.7,48.3
2023-12-20,S001,P0015,Toys,North,Winter,0,0,35,49.4,-14.4
2023-12-21,S001,P0015,Toys,North,Winter,0,0,106,92.1,13.9
2023-12-22,S001,P0015,Toys,North,Winter,0,0,132,103.8,28.2
2023-12-23,S001,P0015,Toys,North,Winter,0,0,122,108.3,13.7
2023-12-24,S001,P0015,Toys,North,Winter,0,0,91,101.2,-10.2
2023-12-25,S001,P0015,Toys,North,Winter,1,0,104,111.6,-7.6
2023-12-26,S001,P0015,Toys,North,Winter,0,0,104,102.2,1.8
2023-12-27,S001,P0015,Toys,North,Winter,1,1,58,92.9,-34.9
2023-12-28,S001,P0015,Toys,North,Winter,1,1,32,91.5,-59.5
2023-12-29,S001,P0015,Toys,North,Winter,0,1,41,28.7,12.3
2023-12-30,S001,P0015,Toys,North,Winter,0,1,38,19.8,18.2
2023-12-31,S001,P0015,Toys,North,Winter,0,1,63,23.8,39.2
2024-01-01,S001,P0015,Toys,North,Winter,1,1,12,24.6,-12.6
2024-01-02,S001,P0015,Toys,North,Winter,0,1,18,27.3,-9.3
2024-01-03,S001,P0015,Toys,North,Winter,1,1,33,31.8,1.2
2024-01-04,S001,P0015,Toys,North,Winter,0,1,10,19.7,-9.7
2024-01-05,S001,P0015,Toys,North,Winter,0,1,73,38.9,34.1
2024-01-06,S001,P0015,Toys,North,Winter,0,1,46,38.6,7.4
2024-01-07,S001,P0015,Toys,North,Winter,1,1,10,28.5,-18.5
2024-01-08,S001,P0015,Toys,North,Winter,0,1,16,22.9,-6.9
2024-01-09,S001,P0015,Toys,North,Winter,1,0,122,112.7,9.3
2024-01-10,S001,P0015,Toys,North,Winter,0,0,89,93.6,-4.6
2024-01-11,S001,P0015,Toys,North,Winter,0,0,64,91.4,-27.4
2024-01-12,S001,P0015,Toys,North,Winter,1,0,138,120.4,17.6
2024-01-13,S001,P0015,Toys,North,Winter,1,0,156,133.4,22.6
2024-01-14,S001,P0015,Toys,North,Winter,0,0,108,93.4,14.6
2024-01-15,S001,P0015,Toys,North,Winter,0,0,112,101.2,10.8
2024-01-16,S001,P0015,Toys,North,Winter,0,0,97,98.8,-1.8
2024-01-17,S001,P0015,Toys,North,Winter,0,0,99,90.4,8.6
2024-01-18,S001,P0015,Toys,North,Winter,0,0,74,73.9,0.1
2024-01-19,S001,P0015,Toys,North,Winter,0,0,78,92.9,-14.9
2024-01-20,S001,P0015,Toys,North,Winter,1,0,181,129.2,51.8
2024-01-21,S001,P0015,Toys,North,Winter,0,0,152,104.5,47.5
2024-01-22,S001,P0015,Toys,North,Winter,0,0,83,98.8,-15.8
2024-01-23,S001,P0015,Toys,North,Winter,0,0,118,96.2,21.8
2024-01-24,S001,P0015,Toys,North,Winter,0,0,90,95.8,-5.8
2024-01-25,S001,P0015,Toys,North,Winter,0,0,170,108.5,61.5
2024-01-26,S001,P0015,Toys,North,Winter,1,0,148,115.6,32.3
2024-01-27,S001,P0015,Toys,North,Winter,1,0,144,121.4,22.6
2024-01-28,S001,P0015,Toys,North,Winter,1,0,80,112.9,-32.9
2024-01-29,S001,P0015,Toys,North,Winter,0,0,86,91.6,-5.5
2024-01-30,S001,P0015,Toys,North,Winter,0,0,83,70.8,12.2
2023-09-07,S001,P0016,Groceries,North,Autumn,0,0,161,109.6,51.4
2023-09-08,S001,P0016,Groceries,North,Autumn,0,0,137,107.8,29.2
2023-09-09,S001,P0016,Groceries,North,Autumn,1,0,114,130.5,-16.5
2023-09-10,S001,P0016,Groceries,North,Autumn,1,0,88,131.4,-43.4
2023-09-11,S001,P0016,Groceries,North,Autumn,0,0,123,120.7,2.3
2023-09-12,S001,P0016,Groceries,North,Autumn,1,0,187,142.7,44.3
2023-09-13,S001,P0016,Groceries,North,Autumn,0,0,86,100.7,-14.7
2023-09-14,S001,P0016,Groceries,North,Autumn,0,0,154,122.5,31.5
2023-09-15,S001,P0016,Groceries,North,Autumn,0,0,132,106.0,26.0
2023-09-16,S001,P0016,Groceries,North,Autumn,1,0,103,134.3,-31.3
2023-09-17,S001,P0016,Groceries,North,Autumn,0,0,90,103.9,-13.9
2023-09-18,S001,P0016,Groceries,North,Autumn,0,0,139,106.6,32.4
2023-09-19,S001,P0016,Groceries,North,Autumn,0,0,91,104.7,-13.7
2023-09-20,S001,P0016,Groceries,North,Autumn,0,0,179,121.7,57.3
2023-09-21,S001,P0016,Groceries,North,Autumn,0,0,64,97.1,-33.1
2023-09-22,S001,P0016,Groceries,North,Autumn,1,0,134,133.7,0.3
2023-09-23,S001,P0016,Groceries,North,Autumn,0,0,173,122.7,50.3
2023-09-24,S001,P0016,Groceries,North,Autumn,1,0,102,134.7,-32.7
2023-09-25,S001,P0016,Groceries,North,Autumn,0,0,124,102.9,21.1
2023-09-26,S001,P0016,Groceries,North,Autumn,0,0,110,106.7,3.3
2023-09-27,S001,P0016,Groceries,North,Autumn,1,0,161,142.6,18.4
2023-09-28,S001,P0016,Groceries,North,Autumn,1,0,85,139.4,-54.4
2023-09-29,S001,P0016,Groceries,North,Autumn,0,0,116,123.2,-7.2
2023-09-30,S001,P0016,Groceries,North,Autumn,0,0,98,95.1,2.9
2023-10-01,S001,P0016,Groceries,North,Autumn,0,0,136,106.0,30.0
2023-10-02,S001,P0016,Groceries,North,Autumn,1,0,209,155.7,53.3
2023-10-03,S001,P0016,Groceries,North,Autumn,0,0,108,105.0,3.0
2023-10-04,S001,P0016,Groceries,North,Autumn,1,0,129,138.4,-9.4
2023-10-05,S001,P0016,Groceries,North,Autumn,1,0,160,138.4,21.6
2023-10-06,S001,P0016,Groceries,North,Autumn,1,0,136,143.0,-7.0
2023-10-07,S001,P0016,Groceries,North,Autumn,1,1,129,120.7,8.3
2023-10-08,S001,P0016,Groceries,North,Autumn,0,1,33,80.1,-47.1
2023-10-09,S001,P0016,Groceries,North,Autumn,1,1,102,109.2,-7.2
2023-10-10,S001,P0016,Groceries,North,Autumn,0,1,64,75.1,-11.1
2023-10-11,S001,P0016,Groceries,North,Autumn,0,1,102,73.7,28.3
2023-10-12,S001,P0016,Groceries,North,Autumn,0,1,87,79.2,7.8
2023-10-13,S001,P0016,Groceries,North,Autumn,1,1,78,98.5,-20.5
2023-10-14,S001,P0016,Groceries,North,Autumn,0,1,61,80.6,-19.6
2023-10-15,S001,P0016,Groceries,North,Autumn,0,1,95,85.5,9.5
2023-10-16,S001,P0016,Groceries,North,Autumn,0,1,77,78.5,-1.5
2023-10-17,S001,P0016,Groceries,North,Autumn,0,1,31,88.9,-57.9
2023-10-18,S001,P0016,Groceries,North,Autumn,1,1,63,90.3,-27.3
2023-10-19,S001,P0016,Groceries,North,Autumn,0,1,110,99.1,10.9
2023-10-20,S001,P0016,Groceries,North,Autumn,0,1,120,98.2,21.8
2023-10-21,S001,P0016,Groceries,North,Autumn,0,1,94,96.1,-2.1
2023-10-22,S001,P0016,Groceries,North,Autumn,0,1,54,84.2,-30.2
2023-10-23,S001,P0016,Groceries,North,Autumn,1,1,84,97.4,-13.4
2023-10-24,S001,P0016,Groceries,North,Autumn,0,1,63,87.7,-24.7
2023-10-25,S001,P0016,Groceries,North,Autumn,0,0,155,115.6,39.4
2023-10-26,S001,P0016,Groceries,North,Autumn,0,0,167,108.4,58.6
2023-10-27,S001,P0016,Groceries,North,Autumn,0,0,146,118.0,28.0
2023-10-28,S001,P0016,Groceries,North,Autumn,1,0,152,152.9,-0.9
2023-10-29,S001,P0016,Groceries,North,Autumn,0,0,72,118.1,-46.1
2023-10-30,S001,P0016,Groceries,North,Autumn,0,0,83,95.5,-12.5
2023-10-31,S001,P0016,Groceries,North,Autumn,0,0,105,102.7,2.3
2023-11-01,S001,P0016,Groceries,North,Autumn,1,0,144,134.4,9.6
2023-11-02,S001,P0016,Groceries,North,Autumn,0,0,122,118.1,3.9
2023-11-03,S001,P0016,Groceries,North,Autumn,1,0,137,135.6,1.4
2023-11-04,S001,P0016,Groceries,North,Autumn,0,0,129,98.6,30.4
2023-11-05,S001,P0016,Groceries,North,Autumn,1,0,172,142.8,29.2
2023-11-06,S001,P0016,Groceries,North,Autumn,0,0,84,93.4,-9.4
2023-11-07,S001,P0016,Groceries,North,Autumn,0,0,123,100.9,22.1
2023-11-08,S001,P0016,Groceries,North,Autumn,0,0,102,121.3,-19.3
2023-11-09,S001,P0016,Groceries,North,Autumn,1,0,91,129.1,-38.1
2023-11-10,S001,P0016,Groceries,North,Autumn,0,0,69,93.8,-24.8
2023-11-11,S001,P0016,Groceries,North,Autumn,0,0,65,95.0,-30.0
2023-11-12,S001,P0016,Groceries,North,Autumn,1,0,133,129.3,3.7
2023-11-13,S001,P0016,Groceries,North,Autumn,1,0,114,137.5,-23.5
2023-11-14,S001,P0016,Groceries,North,Autumn,0,0,93,92.3,0.7
2023-11-15,S001,P0016,Groceries,North,Autumn,0,0,92,96.6,-4.6
2023-11-16,S001,P0016,Groceries,North,Autumn,0,0,52,105.4,-53.4
2023-11-17,S001,P0016,Groceries,North,Autumn,1,0,173,123.6,49.4
2023-11-18,S001,P0016,Groceries,North,Autumn,0,0,101,94.5,6.5
2023-11-19,S001,P0016,Groceries,North,Autumn,1,0,179,153.1,25.9
2023-11-20,S001,P0016,Groceries,North,Autumn,0,0,88,93.5,-5.5
2023-11-21,S001,P0016,Groceries,North,Autumn,1,0,249,146.6,102.4
2023-11-22,S001,P0016,Groceries,North,Autumn,0,0,83,107.0,-24.0
2023-11-23,S001,P0016,Groceries,North,Autumn,1,0,121,128.8,-7.8
2023-11-24,S001,P0016,Groceries,North,Autumn,0,0,104,108.5,-4.5
2023-11-25,S001,P0016,Groceries,North,Autumn,0,0,125,100.7,24.3
2023-11-26,S001,P0016,Groceries,North,Autumn,0,0,97,120.5,-23.5
2023-11-27,S001,P0016,Groceries,North,Autumn,0,0,108,120.8,-12.8
2023-11-28,S001,P0016,Groceries,North,Autumn,0,0,139,106.5,32.5
2023-11-29,S001,P0016,Groceries,North,Autumn,0,0,117,120.6,-3.6
2023-11-30,S001,P0016,Groceries,North,Autumn,0,0,87,100.8,-13.8
2023-12-01,S001,P0016,Groceries,North,Winter,1,0,145,159.8,-14.8
2023-12-02,S001,P0016,Groceries,North,Winter,0,0,85,100.4,-15.4
2023-12-03,S001,P0016,Groceries,North,Winter,1,0,205,145.2,59.8
2023-12-04,S001,P0016,Groceries,North,Winter,1,0,103,142.2,-39.2
2023-12-05,S001,P0016,Groceries,North,Winter,1,0,225,144.0,81.0
2023-12-06,S001,P0016,Groceries,North,Winter,0,0,100,127.4,-27.4
2023-12-07,S001,P0016,Groceries,North,Winter,1,0,235,141.5,93.5
2023-12-08,S001,P0016,Groceries,North,Winter,1,0,88,146.4,-58.4
2023-12-09,S001,P0016,Groceries,North,Winter,0,0,132,103.1,28.9
2023-12-10,S001,P0016,Groceries,North,Winter,0,0,68,100.1,-32.1
2023-12-11,S001,P0016,Groceries,North,Winter,0,0,89,101.8,-12.8
2023-12-12,S001,P0016,Groceries,North,Winter,0,0,132,122.2,9.8
2023-12-13,S001,P0016,Groceries,North,Winter,0,0,145,121.7,23.3
2023-12-14,S001,P0016,Groceries,North,Winter,0,0,171,119.0,52.0
2023-12-15,S001,P0016,Groceries,North,Winter,0,0,49,98.4,-49.4
2023-12-16,S001,P0016,Groceries,North,Winter,0,0,86,98.9,-12.9
2023-12-17,S001,P0016,Groceries,North,Winter,0,0,135,109.5,25.5
2023-12-18,S001,P0016,Groceries,North,Winter,1,0,129,136.9,-7.9
2023-12-19,S001,P0016,Groceries,North,Winter,0,0,110,121.3,-11.3
2023-12-20,S001,P0016,Groceries,North,Winter,0,0,68,91.6,-23.6
2023-12-21,S001,P0016,Groceries,North,Winter,0,0,83,121.6,-38.7
2023-12-22,S001,P0016,Groceries,North,Winter,1,0,157,149.3,7.7
2023-12-23,S001,P0016,Groceries,North,Winter,1,0,173,140.7,32.3
2023-12-24,S001,P0016,Groceries,North,Winter,0,0,126,122.0,4.0
2023-12-25,S001,P0016,Groceries,North,Winter,0,0,63,98.0,-35.0
2023-12-26,S001,P0016,Groceries,North,Winter,1,0,114,136.0,-22.0
2023-12-27,S001,P0016,Groceries,North,Winter,0,1,51,75.6,-24.7
2023-12-28,S001,P0016,Groceries,North,Winter,0,1,99,74.0,25.0
2023-12-29,S001,P0016,Groceries,North,Winter,0,1,86,84.2,1.8
2023-12-30,S001,P0016,Groceries,North,Winter,0,1,56,78.8,-22.8
2023-12-31,S001,P0016,Groceries,North,Winter,0,1,68,78.3,-10.3
2024-01-01,S001,P0016,Groceries,North,Winter,0,1,79,67.8,11.2
2024-01-02,S001,P0016,Groceries,North,Winter,0,1,65,67.8,-2.8
2024-01-03,S001,P0016,Groceries,North,Winter,0,1,85,68.2,16.8
2024-01-04,S001,P0016,Groceries,North,Winter,0,1,58,67.1,-9.1
2024-01-05,S001,P0016,Groceries,North,Winter,0,1,57,85.3,-28.3
2024-01-06,S001,P0016,Groceries,North,Winter,0,1,88,66.4,21.6
2024-01-07,S001,P0016,Groceries,North,Winter,1,1,112,87.1,24.9
2024-01-08,S001,P0016,Groceries,North,Winter,1,1,76,89.4,-13.4
2024-01-09,S001,P0016,Groceries,North,Winter,1,0,96,130.0,-33.9
2024-01-10,S001,P0016,Groceries,North,Winter,1,0,112,128.6,-16.6
2024-01-11,S001,P0016,Groceries,North,Winter,0,0,88,92.0,-4.0
2024-01-12,S001,P0016,Groceries,North,Winter,0,0,66,102.4,-36.4
2024-01-13,S001,P0016,Groceries,North,Winter,1,0,166,149.5,16.5
2024-01-14,S001,P0016,Groceries,North,Winter,1,0,172,142.1,29.9
2024-01-15,S001,P0016,Groceries,North,Winter,1,0,236,149.5,86.5
2024-01-16,S001,P0016,Groceries,North,Winter,1,0,110,129.6,-19.6
2024-01-17,S001,P0016,Groceries,North,Winter,0,0,110,109.5,0.5
2024-01-18,S001,P0016,Groceries,North,Winter,1,0,171,144.8,26.2
2024-01-19,S001,P0016,Groceries,North,Winter,0,0,115,102.2,12.8
2024-01-20,S001,P0016,Groceries,North,Winter,0,0,191,121.6,69.4
2024-01-21,S001,P0016,Groceries,North,Winter,0,0,130,112.6,17.5
2024-01-22,S001,P0016,Groceries,North,Winter,0,0,159,123.4,35.6
2024-01-23,S001,P0016,Groceries,North,Winter,1,0,115,133.4,-18.4
2024-01-24,S001,P0016,Groceries,North,Winter,0,0,146,113.8,32.2
2024-01-25,S001,P0016,Groceries,North,Winter,0,0,156,122.1,33.9
2024-01-26,S001,P0016,Groceries,North,Winter,0,0,113,111.9,1.1
2024-01-27,S001,P0016,Groceries,North,Winter,0,0,62,96.9,-34.9
2024-01-28,S001,P0016,Groceries,North,Winter,0,0,140,115.4,24.6
2024-01-29,S001,P0016,Groceries,North,Winter,0,0,99,106.5,-7.5
2024-01-30,S001,P0016,Groceries,North,Winter,0,0,90,93.7,-3.7
2023-09-07,S001,P0017,Toys,North,Autumn,0,0,95,86.9,8.1
2023-09-08,S001,P0017,Toys,North,Autumn,0,0,57,76.2,-19.2
2023-09-09,S001,P0017,Toys,North,Autumn,1,0,91,109.7,-18.7
2023-09-10,S001,P0017,Toys,North,Autumn,1,0,109,114.4,-5.4
2023-09-11,S001,P0017,Toys,North,Autumn,1,0,49,120.7,-71.7
2023-09-12,S001,P0017,Toys,North,Autumn,0,0,96,90.3,5.7
2023-09-13,S001,P0017,Toys,North,Autumn,0,0,144,89.4,54.6
2023-09-14,S001,P0017,Toys,North,Autumn,0,0,125,102.6,22.4
2023-09-15,S001,P0017,Toys,North,Autumn,0,0,59,90.3,-31.3
2023-09-16,S001,P0017,Toys,North,Autumn,1,0,146,114.8,31.2
2023-09-17,S001,P0017,Toys,North,Autumn,1,0,129,125.3,3.7
2023-09-18,S001,P0017,Toys,North,Autumn,0,0,97,86.4,10.6
2023-09-19,S001,P0017,Toys,North,Autumn,1,0,137,124.2,12.8
2023-09-20,S001,P0017,Toys,North,Autumn,0,0,121,103.9,17.1
2023-09-21,S001,P0017,Toys,North,Autumn,1,0,51,109.4,-58.4
2023-09-22,S001,P0017,Toys,North,Autumn,1,0,151,114.3,36.7
2023-09-23,S001,P0017,Toys,North,Autumn,0,0,77,101.7,-24.7
2023-09-24,S001,P0017,Toys,North,Autumn,0,0,112,90.2,21.8
2023-09-25,S001,P0017,Toys,North,Autumn,1,0,116,117.0,-1.0
2023-09-26,S001,P0017,Toys,North,Autumn,1,0,144,125.5,18.5
2023-09-27,S001,P0017,Toys,North,Autumn,0,0,108,93.7,14.3
2023-09-28,S001,P0017,Toys,North,Autumn,0,0,90,91.0,-1.0
2023-09-29,S001,P0017,Toys,North,Autumn,0,0,161,102.6,58.4
2023-09-30,S001,P0017,Toys,North,Autumn,0,0,56,84.9,-28.9
2023-10-01,S001,P0017,Toys,North,Autumn,0,0,57,75.6,-18.6
2023-10-02,S001,P0017,Toys,North,Autumn,0,0,115,101.7,13.3
2023-10-03,S001,P0017,Toys,North,Autumn,0,0,85,93.7,-8.7
2023-10-04,S001,P0017,Toys,North,Autumn,0,0,77,91.4,-14.3
2023-10-05,S001,P0017,Toys,North,Autumn,0,0,77,89.2,-12.2
2023-10-06,S001,P0017,Toys,North,Autumn,0,0,72,92.0,-20.0
2023-10-07,S001,P0017,Toys,North,Autumn,0,1,24,25.9,-1.9
2023-10-08,S001,P0017,Toys,North,Autumn,1,1,41,25.0,16.0
2023-10-09,S001,P0017,Toys,North,Autumn,0,1,13,24.6,-11.6
2023-10-10,S001,P0017,Toys,North,Autumn,1,1,38,35.6,2.4
2023-10-11,S001,P0017,Toys,North,Autumn,0,1,17,28.2,-11.2
2023-10-12,S001,P0017,Toys,North,Autumn,1,1,59,30.7,28.3
2023-10-13,S001,P0017,Toys,North,Autumn,0,1,51,35.6,15.5
2023-10-14,S001,P0017,Toys,North,Autumn,0,1,14,27.7,-13.7
2023-10-15,S001,P0017,Toys,North,Autumn,0,1,34,32.0,2.0
2023-10-16,S001,P0017,Toys,North,Autumn,0,1,8,25.6,-17.6
2023-10-17,S001,P0017,Toys,North,Autumn,1,1,45,33.4,11.6
2023-10-18,S001,P0017,Toys,North,Autumn,1,1,42,31.0,11.0
2023-10-19,S001,P0017,Toys,North,Autumn,1,1,4,34.0,-30.0
2023-10-20,S001,P0017,Toys,North,Autumn,1,1,18,39.2,-21.2
2023-10-21,S001,P0017,Toys,North,Autumn,0,1,49,33.6,15.4
2023-10-22,S001,P0017,Toys,North,Autumn,0,1,60,33.2,26.8
2023-10-23,S001,P0017,Toys,North,Autumn,0,1,35,32.8,2.2
2023-10-24,S001,P0017,Toys,North,Autumn,1,1,69,34.8,34.2
2023-10-25,S001,P0017,Toys,North,Autumn,0,0,89,114.6,-25.6
2023-10-26,S001,P0017,Toys,North,Autumn,1,0,116,127.9,-11.9
2023-10-27,S001,P0017,Toys,North,Autumn,0,0,124,106.8,17.2
2023-10-28,S001,P0017,Toys,North,Autumn,1,0,111,139.3,-28.3
2023-10-29,S001,P0017,Toys,North,Autumn,0,0,62,102.5,-40.5
2023-10-30,S001,P0017,Toys,North,Autumn,0,0,86,91.9,-5.9
2023-10-31,S001,P0017,Toys,North,Autumn,0,0,100,91.5,8.5
2023-11-01,S001,P0017,Toys,North,Autumn,0,0,42,89.9,-47.9
2023-11-02,S001,P0017,Toys,North,Autumn,1,0,110,135.6,-25.6
2023-11-03,S001,P0017,Toys,North,Autumn,0,0,71,88.3,-17.3
2023-11-04,S001,P0017,Toys,North,Autumn,1,0,102,106.4,-4.4
2023-11-05,S001,P0017,Toys,North,Autumn,0,0,83,92.2,-9.2
2023-11-06,S001,P0017,Toys,North,Autumn,0,0,85,88.9,-3.9
2023-11-07,S001,P0017,Toys,North,Autumn,1,0,97,104.7,-7.7
2023-11-08,S001,P0017,Toys,North,Autumn,1,0,141,138.3,2.7
2023-11-09,S001,P0017,Toys,North,Autumn,1,0,53,105.6,-52.6
2023-11-10,S001,P0017,Toys,North,Autumn,0,0,46,86.5,-40.5
2023-11-11,S001,P0017,Toys,North,Autumn,0,0,103,96.4,6.6
2023-11-12,S001,P0017,Toys,North,Autumn,0,0,93,97.6,-4.6
2023-11-13,S001,P0017,Toys,North,Autumn,0,0,104,91.4,12.6
2023-11-14,S001,P0017,Toys,North,Autumn,1,0,126,106.8,19.2
2023-11-15,S001,P0017,Toys,North,Autumn,1,0,160,113.1,46.9
2023-11-16,S001,P0017,Toys,North,Autumn,0,0,40,74.0,-34.0
2023-11-17,S001,P0017,Toys,North,Autumn,0,0,87,88.5,-1.5
2023-11-18,S001,P0017,Toys,North,Autumn,0,0,77,83.9,-6.9
2023-11-19,S001,P0017,Toys,North,Autumn,0,0,85,103.5,-18.5
2023-11-20,S001,P0017,Toys,North,Autumn,0,0,60,84.5,-24.5
2023-11-21,S001,P0017,Toys,North,Autumn,0,0,122,100.6,21.4
2023-11-22,S001,P0017,Toys,North,Autumn,1,0,84,109.2,-25.2
2023-11-23,S001,P0017,Toys,North,Autumn,1,0,71,107.3,-36.3
2023-11-24,S001,P0017,Toys,North,Autumn,0,0,144,91.4,52.6
2023-11-25,S001,P0017,Toys,North,Autumn,0,0,90,90.0,-0.0
2023-11-26,S001,P0017,Toys,North,Autumn,1,0,120,140.1,-20.1
2023-11-27,S001,P0017,Toys,North,Autumn,0,0,37,99.4,-62.4
2023-11-28,S001,P0017,Toys,North,Autumn,0,0,124,86.9,37.1
2023-11-29,S001,P0017,Toys,North,Autumn,0,0,99,100.2,-1.2
2023-11-30,S001,P0017,Toys,North,Autumn,0,0,144,94.0,50.0
2023-12-01,S001,P0017,Toys,North,Winter,0,0,101,102.0,-1.0
2023-12-02,S001,P0017,Toys,North,Winter,0,0,48,85.7,-37.7
2023-12-03,S001,P0017,Toys,North,Winter,0,0,126,94.1,31.9
2023-12-04,S001,P0017,Toys,North,Winter,0,0,20,71.4,-51.4
2023-12-05,S001,P0017,Toys,North,Winter,0,0,86,89.6,-3.6
2023-12-06,S001,P0017,Toys,North,Winter,1,0,161,129.9,31.1
2023-12-07,S001,P0017,Toys,North,Winter,0,0,73,90.0,-17.0
2023-12-08,S001,P0017,Toys,North,Winter,1,0,123,107.7,15.3
2023-12-09,S001,P0017,Toys,North,Winter,0,0,77,88.3,-11.3
2023-12-10,S001,P0017,Toys,North,Winter,0,0,133,89.0,44.0
2023-12-11,S001,P0017,Toys,North,Winter,1,0,136,117.8,18.2
2023-12-12,S001,P0017,Toys,North,Winter,1,0,194,139.8,54.2
2023-12-13,S001,P0017,Toys,North,Winter,0,0,96,115.5,-19.5
2023-12-14,S001,P0017,Toys,North,Winter,0,0,107,102.7,4.3
2023-12-15,S001,P0017,Toys,North,Winter,1,0,111,112.6,-1.6
2023-12-16,S001,P0017,Toys,North,Winter,1,0,130,124.7,5.3
2023-12-17,S001,P0017,Toys,North,Winter,0,0,114,106.4,7.6
2023-12-18,S001,P0017,Toys,North,Winter,0,0,65,98.1,-33.1
2023-12-19,S001,P0017,Toys,North,Winter,0,0,122,102.2,19.8
2023-12-20,S001,P0017,Toys,North,Winter,1,0,137,117.9,19.1
2023-12-21,S001,P0017,Toys,North,Winter,0,0,84,99.7,-15.7
2023-12-22,S001,P0017,Toys,North,Winter,1,0,140,123.8,16.2
2023-12-23,S001,P0017,Toys,North,Winter,0,0,82,90.9,-8.9
2023-12-24,S001,P0017,Toys,North,Winter,1,0,154,133.8,20.2
2023-12-25,S001,P0017,Toys,North,Winter,0,0,86,91.7,-5.7
2023-12-26,S001,P0017,Toys,North,Winter,0,0,114,90.5,23.5
2023-12-27,S001,P0017,Toys,North,Winter,1,1,18,78.1,-60.1
2023-12-28,S001,P0017,Toys,North,Winter,0,1,63,56.0,7.0
2023-12-29,S001,P0017,Toys,North,Winter,0,1,34,41.6,-7.6
2023-12-30,S001,P0017,Toys,North,Winter,0,1,24,23.2,0.8
2023-12-31,S001,P0017,Toys,North,Winter,0,1,34,25.2,8.8
2024-01-01,S001,P0017,Toys,North,Winter,0,1,13,30.7,-17.7
2024-01-02,S001,P0017,Toys,North,Winter,0,1,31,30.4,0.6
2024-01-03,S001,P0017,Toys,North,Winter,0,1,34,32.0,2.0
2024-01-04,S001,P0017,Toys,North,Winter,0,1,5,27.5,-22.5
2024-01-05,S001,P0017,Toys,North,Winter,1,1,9,40.4,-31.4
2024-01-06,S001,P0017,Toys,North,Winter,0,1,11,30.5,-19.5
2024-01-07,S001,P0017,Toys,North,Winter,0,1,18,27.8,-9.8
2024-01-08,S001,P0017,Toys,North,Winter,1,1,28,41.8,-13.8
2024-01-09,S001,P0017,Toys,North,Winter,0,0,99,92.3,6.7
2024-01-10,S001,P0017,Toys,North,Winter,1,0,66,114.9,-48.9
2024-01-11,S001,P0017,Toys,North,Winter,0,0,56,96.8,-40.8
2024-01-12,S001,P0017,Toys,North,Winter,0,0,113,104.7,8.3
2024-01-13,S001,P0017,Toys,North,Winter,1,0,167,133.4,33.7
2024-01-14,S001,P0017,Toys,North,Winter,0,0,33,93.7,-60.7
2024-01-15,S001,P0017,Toys,North,Winter,0,0,100,92.5,7.5
2024-01-16,S001,P0017,Toys,North,Winter,0,0,81,90.7,-9.7
2024-01-17,S001,P0017,Toys,North,Winter,0,0,123,93.8,29.2
2024-01-18,S001,P0017,Toys,North,Winter,0,0,147,101.4,45.6
2024-01-19,S001,P0017,Toys,North,Winter,0,0,80,87.9,-7.9
2024-01-20,S001,P0017,Toys,North,Winter,1,0,209,141.0,68.0
2024-01-21,S001,P0017,Toys,North,Winter,1,0,103,129.2,-26.2
2024-01-22,S001,P0017,Toys,North,Winter,1,0,226,134.5,91.5
2024-01-23,S001,P0017,Toys,North,Winter,0,0,100,98.4,1.6
2024-01-24,S001,P0017,Toys,North,Winter,1,0,100,136.2,-36.2
2024-01-25,S001,P0017,Toys,North,Winter,0,0,100,117.2,-17.2
2024-01-26,S001,P0017,Toys,North,Winter,0,0,77,93.7,-16.7
2024-01-27,S001,P0017,Toys,North,Winter,1,0,131,127.3,3.7
2024-01-28,S001,P0017,Toys,North,Winter,1,0,144,128.6,15.4
2024-01-29,S001,P0017,Toys,North,Winter,0,0,108,101.9,6.1
2024-01-30,S001,P0017,Toys,North,Winter,0,0,80,85.8,-5.8
2023-09-07,S001,P0018,Groceries,North,Autumn,0,0,8,105.1,-97.1
2023-09-08,S001,P0018,Groceries,North,Autumn,1,0,111,129.2,-18.2
2023-09-09,S001,P0018,Groceries,North,Autumn,0,0,81,93.2,-12.2
2023-09-10,S001,P0018,Groceries,North,Autumn,0,0,67,90.5,-23.5
2023-09-11,S001,P0018,Groceries,North,Autumn,0,0,133,126.9,6.1
2023-09-12,S001,P0018,Groceries,North,Autumn,0,0,64,92.6,-28.6
2023-09-13,S001,P0018,Groceries,North,Autumn,0,0,111,95.7,15.3
2023-09-14,S001,P0018,Groceries,North,Autumn,1,0,116,159.9,-43.9
2023-09-15,S001,P0018,Groceries,North,Autumn,0,0,68,94.3,-26.3
2023-09-16,S001,P0018,Groceries,North,Autumn,1,0,117,124.8,-7.8
2023-09-17,S001,P0018,Groceries,North,Autumn,1,0,169,138.2,30.8
2023-09-18,S001,P0018,Groceries,North,Autumn,0,0,74,94.2,-20.2
2023-09-19,S001,P0018,Groceries,North,Autumn,0,0,89,109.2,-20.2
2023-09-20,S001,P0018,Groceries,North,Autumn,0,0,129,131.1,-2.1
2023-09-21,S001,P0018,Groceries,North,Autumn,0,0,46,90.2,-44.2
2023-09-22,S001,P0018,Groceries,North,Autumn,1,0,120,128.6,-8.6
2023-09-23,S001,P0018,Groceries,North,Autumn,1,0,133,148.6,-15.6
2023-09-24,S001,P0018,Groceries,North,Autumn,1,0,136,138.3,-2.3
2023-09-25,S001,P0018,Groceries,North,Autumn,0,0,90,105.7,-15.7
2023-09-26,S001,P0018,Groceries,North,Autumn,0,0,140,113.6,26.4
2023-09-27,S001,P0018,Groceries,North,Autumn,0,0,103,98.0,5.0
2023-09-28,S001,P0018,Groceries,North,Autumn,1,0,235,152.0,83.0
2023-09-29,S001,P0018,Groceries,North,Autumn,0,0,175,136.7,38.3
2023-09-30,S001,P0018,Groceries,North,Autumn,0,0,55,84.9,-29.9
2023-10-01,S001,P0018,Groceries,North,Autumn,0,0,137,121.9,15.1
2023-10-02,S001,P0018,Groceries,North,Autumn,1,0,188,159.4,28.7
2023-10-03,S001,P0018,Groceries,North,Autumn,0,0,158,130.7,27.3
2023-10-04,S001,P0018,Groceries,North,Autumn,0,0,128,117.1,10.9
2023-10-05,S001,P0018,Groceries,North,Autumn,1,0,78,145.9,-67.9
2023-10-06,S001,P0018,Groceries,North,Autumn,0,0,177,126.2,50.8
2023-10-07,S001,P0018,Groceries,North,Autumn,1,1,81,120.6,-39.6
2023-10-08,S001,P0018,Groceries,North,Autumn,1,1,64,125.4,-61.4
2023-10-09,S001,P0018,Groceries,North,Autumn,0,1,101,91.9,9.1
2023-10-10,S001,P0018,Groceries,North,Autumn,0,1,28,73.7,-45.7
2023-10-11,S001,P0018,Groceries,North,Autumn,0,1,80,100.5,-20.5
2023-10-12,S001,P0018,Groceries,North,Autumn,1,1,99,96.2,2.8
2023-10-13,S001,P0018,Groceries,North,Autumn,1,1,163,98.4,64.6
2023-10-14,S001,P0018,Groceries,North,Autumn,0,1,106,80.2,25.8
2023-10-15,S001,P0018,Groceries,North,Autumn,1,1,83,99.3,-16.3
2023-10-16,S001,P0018,Groceries,North,Autumn,0,1,98,80.5,17.5
2023-10-17,S001,P0018,Groceries,North,Autumn,0,1,141,94.9,46.1
2023-10-18,S001,P0018,Groceries,North,Autumn,0,1,125,81.6,43.4
2023-10-19,S001,P0018,Groceries,North,Autumn,1,1,148,126.0,22.0
2023-10-20,S001,P0018,Groceries,North,Autumn,1,1,129,125.9,3.1
2023-10-21,S001,P0018,Groceries,North,Autumn,0,1,33,86.9,-53.9
2023-10-22,S001,P0018,Groceries,North,Autumn,0,1,68,89.9,-21.9
2023-10-23,S001,P0018,Groceries,North,Autumn,0,1,40,78.4,-38.4
2023-10-24,S001,P0018,Groceries,North,Autumn,0,1,93,86.6,6.4
2023-10-25,S001,P0018,Groceries,North,Autumn,0,0,117,107.1,9.9
2023-10-26,S001,P0018,Groceries,North,Autumn,0,0,80,115.5,-35.5
2023-10-27,S001,P0018,Groceries,North,Autumn,0,0,62,104.1,-42.1
2023-10-28,S001,P0018,Groceries,North,Autumn,1,0,155,150.9,4.1
2023-10-29,S001,P0018,Groceries,North,Autumn,0,0,103,115.8,-12.8
2023-10-30,S001,P0018,Groceries,North,Autumn,0,0,117,118.1,-1.1
2023-10-31,S001,P0018,Groceries,North,Autumn,0,0,100,96.6,3.4
2023-11-01,S001,P0018,Groceries,North,Autumn,0,0,90,107.2,-17.2
2023-11-02,S001,P0018,Groceries,North,Autumn,1,0,167,168.7,-1.7
2023-11-03,S001,P0018,Groceries,North,Autumn,1,0,111,134.8,-23.8
2023-11-04,S001,P0018,Groceries,North,Autumn,0,0,37,92.2,-55.2
2023-11-05,S001,P0018,Groceries,North,Autumn,1,0,72,128.4,-56.4
2023-11-06,S001,P0018,Groceries,North,Autumn,0,0,75,96.8,-21.8
2023-11-07,S001,P0018,Groceries,North,Autumn,0,0,129,98.4,30.6
2023-11-08,S001,P0018,Groceries,North,Autumn,1,0,210,185.5,24.5
2023-11-09,S001,P0018,Groceries,North,Autumn,1,0,206,147.7,58.3
2023-11-10,S001,P0018,Groceries,North,Autumn,0,0,85,97.0,-12.0
2023-11-11,S001,P0018,Groceries,North,Autumn,0,0,79,94.4,-15.5
2023-11-12,S001,P0018,Groceries,North,Autumn,1,0,150,135.7,14.3
2023-11-13,S001,P0018,Groceries,North,Autumn,0,0,66,86.1,-20.1
2023-11-14,S001,P0018,Groceries,North,Autumn,0,0,95,101.5,-6.5
2023-11-15,S001,P0018,Groceries,North,Autumn,1,0,182,141.6,40.4
2023-11-16,S001,P0018,Groceries,North,Autumn,0,0,88,109.0,-21.0
2023-11-17,S001,P0018,Groceries,North,Autumn,0,0,48,91.7,-43.7
2023-11-18,S001,P0018,Groceries,North,Autumn,0,0,112,108.0,4.0
2023-11-19,S001,P0018,Groceries,North,Autumn,1,0,114,152.5,-38.5
2023-11-20,S001,P0018,Groceries,North,Autumn,0,0,117,109.3,7.7
2023-11-21,S001,P0018,Groceries,North,Autumn,0,0,140,127.7,12.3
2023-11-22,S001,P0018,Groceries,North,Autumn,1,0,195,154.1,40.9
2023-11-23,S001,P0018,Groceries,North,Autumn,0,0,101,106.1,-5.1
2023-11-24,S001,P0018,Groceries,North,Autumn,0,0,135,110.0,25.0
2023-11-25,S001,P0018,Groceries,North,Autumn,1,0,157,135.7,21.3
2023-11-26,S001,P0018,Groceries,North,Autumn,0,0,102,116.3,-14.3
2023-11-27,S001,P0018,Groceries,North,Autumn,0,0,34,124.5,-90.5
2023-11-28,S001,P0018,Groceries,North,Autumn,0,0,118,99.6,18.4
2023-11-29,S001,P0018,Groceries,North,Autumn,0,0,112,111.7,0.3
2023-11-30,S001,P0018,Groceries,North,Autumn,0,0,89,105.0,-16.0
2023-12-01,S001,P0018,Groceries,North,Winter,0,0,180,129.4,50.6
2023-12-02,S001,P0018,Groceries,North,Winter,1,0,115,135.5,-20.5
2023-12-03,S001,P0018,Groceries,North,Winter,0,0,157,110.9,46.1
2023-12-04,S001,P0018,Groceries,North,Winter,0,0,108,111.2,-3.2
2023-12-05,S001,P0018,Groceries,North,Winter,1,0,145,144.4,0.6
2023-12-06,S001,P0018,Groceries,North,Winter,0,0,100,118.8,-18.8
2023-12-07,S001,P0018,Groceries,North,Winter,0,0,143,121.3,21.7
2023-12-08,S001,P0018,Groceries,North,Winter,0,0,86,94.2,-8.2
2023-12-09,S001,P0018,Groceries,North,Winter,0,0,152,113.8,38.2
2023-12-10,S001,P0018,Groceries,North,Winter,1,0,177,146.9,30.1
2023-12-11,S001,P0018,Groceries,North,Winter,0,0,55,85.5,-30.5
2023-12-12,S001,P0018,Groceries,North,Winter,0,0,161,127.4,33.6
2023-12-13,S001,P0018,Groceries,North,Winter,1,0,142,151.8,-9.8
2023-12-14,S001,P0018,Groceries,North,Winter,0,0,140,125.2,14.8
2023-12-15,S001,P0018,Groceries,North,Winter,1,0,128,133.1,-5.1
2023-12-16,S001,P0018,Groceries,North,Winter,0,0,34,92.6,-58.6
2023-12-17,S001,P0018,Groceries,North,Winter,1,0,94,134.0,-40.0
2023-12-18,S001,P0018,Groceries,North,Winter,0,0,76,94.0,-18.0
2023-12-19,S001,P0018,Groceries,North,Winter,1,0,134,153.8,-19.8
2023-12-20,S001,P0018,Groceries,North,Winter,0,0,92,93.1,-1.1
2023-12-21,S001,P0018,Groceries,North,Winter,1,0,112,148.8,-36.8
2023-12-22,S001,P0018,Groceries,North,Winter,0,0,157,123.9,33.1
2023-12-23,S001,P0018,Groceries,North,Winter,1,0,181,135.7,45.3
2023-12-24,S001,P0018,Groceries,North,Winter,0,0,132,129.2,2.8
2023-12-25,S001,P0018,Groceries,North,Winter,0,0,52,89.0,-37.0
2023-12-26,S001,P0018,Groceries,North,Winter,0,0,120,110.7,9.3
2023-12-27,S001,P0018,Groceries,North,Winter,0,1,62,81.8,-19.8
2023-12-28,S001,P0018,Groceries,North,Winter,1,1,121,125.4,-4.4
2023-12-29,S001,P0018,Groceries,North,Winter,0,1,73,98.2,-25.2
2023-12-30,S001,P0018,Groceries,North,Winter,0,1,56,83.8,-27.8
2023-12-31,S001,P0018,Groceries,North,Winter,0,1,55,76.8,-21.8
2024-01-01,S001,P0018,Groceries,North,Winter,1,1,101,90.7,10.3
2024-01-02,S001,P0018,Groceries,North,Winter,0,1,97,69.5,27.5
2024-01-03,S001,P0018,Groceries,North,Winter,0,1,78,68.2,9.8
2024-01-04,S001,P0018,Groceries,North,Winter,1,1,41,86.1,-45.1
2024-01-05,S001,P0018,Groceries,North,Winter,1,1,105,111.0,-6.0
2024-01-06,S001,P0018,Groceries,North,Winter,0,1,70,66.5,3.5
2024-01-07,S001,P0018,Groceries,North,Winter,0,1,56,68.1,-12.1
2024-01-08,S001,P0018,Groceries,North,Winter,0,1,76,70.7,5.3
2024-01-09,S001,P0018,Groceries,North,Winter,0,0,103,99.1,3.9
2024-01-10,S001,P0018,Groceries,North,Winter,0,0,70,100.4,-30.4
2024-01-11,S001,P0018,Groceries,North,Winter,1,0,125,123.4,1.6
2024-01-12,S001,P0018,Groceries,North,Winter,1,0,100,124.5,-24.5
2024-01-13,S001,P0018,Groceries,North,Winter,0,0,87,99.8,-12.8
2024-01-14,S001,P0018,Groceries,North,Winter,0,0,69,97.1,-28.1
2024-01-15,S001,P0018,Groceries,North,Winter,0,0,80,101.0,-21.0
2024-01-16,S001,P0018,Groceries,North,Winter,0,0,103,94.1,8.9
2024-01-17,S001,P0018,Groceries,North,Winter,0,0,148,108.0,40.0
2024-01-18,S001,P0018,Groceries,North,Winter,0,0,151,128.1,22.9
2024-01-19,S001,P0018,Groceries,North,Winter,1,0,120,130.5,-10.5
2024-01-20,S001,P0018,Groceries,North,Winter,0,0,167,136.9,30.1
2024-01-21,S001,P0018,Groceries,North,Winter,0,0,132,114.6,17.4
2024-01-22,S001,P0018,Groceries,North,Winter,1,0,132,144.1,-12.1
2024-01-23,S001,P0018,Groceries,North,Winter,0,0,123,115.4,7.6
2024-01-24,S001,P0018,Groceries,North,Winter,0,0,145,124.6,20.4
2024-01-25,S001,P0018,Groceries,North,Winter,0,0,189,135.6,53.4
2024-01-26,S001,P0018,Groceries,North,Winter,1,0,116,142.3,-26.3
2024-01-27,S001,P0018,Groceries,North,Winter,1,0,156,142.0,14.0
2024-01-28,S001,P0018,Groceries,North,Winter,1,0,245,165.0,80.0
2024-01-29,S001,P0018,Groceries,North,Winter,0,0,103,102.0,1.0
2024-01-30,S001,P0018,Groceries,North,Winter,0,0,70,86.6,-16.6
2023-09-07,S001,P0019,Furniture,North,Autumn,1,0,112,93.6,18.5
2023-09-08,S001,P0019,Furniture,North,Autumn,0,0,72,67.1,4.9
2023-09-09,S001,P0019,Furniture,North,Autumn,0,0,38,47.2,-9.2
2023-09-10,S001,P0019,Furniture,North,Autumn,0,0,56,50.0,6.0
2023-09-11,S001,P0019,Furniture,North,Autumn,0,0,93,81.0,12.0
2023-09-12,S001,P0019,Furniture,North,Autumn,0,0,101,81.8,19.2
2023-09-13,S001,P0019,Furniture,North,Autumn,0,0,59,50.8,8.2
2023-09-14,S001,P0019,Furniture,North,Autumn,1,0,142,103.4,38.6
2023-09-15,S001,P0019,Furniture,North,Autumn,0,0,39,54.8,-15.8
2023-09-16,S001,P0019,Furniture,North,Autumn,0,0,109,85.2,23.8
2023-09-17,S001,P0019,Furniture,North,Autumn,0,0,70,72.6,-2.5
2023-09-18,S001,P0019,Furniture,North,Autumn,0,0,65,65.4,-0.3
2023-09-19,S001,P0019,Furniture,North,Autumn,1,0,79,78.8,0.2
2023-09-20,S001,P0019,Furniture,North,Autumn,1,0,55,57.4,-2.4
2023-09-21,S001,P0019,Furniture,North,Autumn,0,0,62,65.6,-3.7
2023-09-22,S001,P0019,Furniture,North,Autumn,1,0,138,95.7,42.3
2023-09-23,S001,P0019,Furniture,North,Autumn,1,0,89,69.8,19.2
2023-09-24,S001,P0019,Furniture,North,Autumn,0,0,50,61.4,-11.4
2023-09-25,S001,P0019,Furniture,North,Autumn,0,0,65,51.0,14.0
2023-09-26,S001,P0019,Furniture,North,Autumn,0,0,73,75.9,-2.9
2023-09-27,S001,P0019,Furniture,North,Autumn,0,0,29,43.5,-14.5
2023-09-28,S001,P0019,Furniture,North,Autumn,1,0,108,84.7,23.3
2023-09-29,S001,P0019,Furniture,North,Autumn,0,0,73,66.4,6.6
2023-09-30,S001,P0019,Furniture,North,Autumn,0,0,67,66.7,0.3
2023-10-01,S001,P0019,Furniture,North,Autumn,0,0,85,66.4,18.5
2023-10-02,S001,P0019,Furniture,North,Autumn,0,0,100,80.0,20.0
2023-10-03,S001,P0019,Furniture,North,Autumn,0,0,108,85.4,22.6
2023-10-04,S001,P0019,Furniture,North,Autumn,0,0,98,81.1,16.9
2023-10-05,S001,P0019,Furniture,North,Autumn,0,0,78,65.6,12.4
2023-10-06,S001,P0019,Furniture,North,Autumn,0,0,98,79.6,18.3
2023-10-07,S001,P0019,Furniture,North,Autumn,1,1,38,49.9,-11.9
2023-10-08,S001,P0019,Furniture,North,Autumn,1,1,40,45.8,-5.8
2023-10-09,S001,P0019,Furniture,North,Autumn,1,1,51,39.5,11.5
2023-10-10,S001,P0019,Furniture,North,Autumn,0,1,28,33.3,-5.3
2023-10-11,S001,P0019,Furniture,North,Autumn,0,1,36,34.5,1.5
2023-10-12,S001,P0019,Furniture,North,Autumn,1,1,40,41.6,-1.6
2023-10-13,S001,P0019,Furniture,North,Autumn,1,1,23,40.0,-17.0
2023-10-14,S001,P0019,Furniture,North,Autumn,0,1,46,32.1,13.9
2023-10-15,S001,P0019,Furniture,North,Autumn,0,1,46,31.6,14.4
2023-10-16,S001,P0019,Furniture,North,Autumn,0,1,18,30.8,-12.8
2023-10-17,S001,P0019,Furniture,North,Autumn,1,1,28,43.1,-15.1
2023-10-18,S001,P0019,Furniture,North,Autumn,0,1,46,30.9,15.1
2023-10-19,S001,P0019,Furniture,North,Autumn,1,1,60,48.9,11.1
2023-10-20,S001,P0019,Furniture,North,Autumn,0,1,35,34.3,0.7
2023-10-21,S001,P0019,Furniture,North,Autumn,1,1,48,45.2,2.8
2023-10-22,S001,P0019,Furniture,North,Autumn,0,1,16,32.2,-16.2
2023-10-23,S001,P0019,Furniture,North,Autumn,0,1,46,32.5,13.5
2023-10-24,S001,P0019,Furniture,North,Autumn,0,1,24,31.9,-7.9
2023-10-25,S001,P0019,Furniture,North,Autumn,0,0,90,65.0,25.0
2023-10-26,S001,P0019,Furniture,North,Autumn,1,0,88,91.7,-3.7
2023-10-27,S001,P0019,Furniture,North,Autumn,0,0,79,65.7,13.3
2023-10-28,S001,P0019,Furniture,North,Autumn,1,0,130,108.7,21.3
2023-10-29,S001,P0019,Furniture,North,Autumn,0,0,83,63.1,19.9
2023-10-30,S001,P0019,Furniture,North,Autumn,0,0,65,52.5,12.5
2023-10-31,S001,P0019,Furniture,North,Autumn,0,0,42,47.6,-5.6
2023-11-01,S001,P0019,Furniture,North,Autumn,1,0,124,96.9,27.1
2023-11-02,S001,P0019,Furniture,North,Autumn,1,0,131,96.3,34.7
2023-11-03,S001,P0019,Furniture,North,Autumn,0,0,51,57.9,-6.9
2023-11-04,S001,P0019,Furniture,North,Autumn,1,0,69,64.6,4.4
2023-11-05,S001,P0019,Furniture,North,Autumn,0,0,104,82.6,21.4
2023-11-06,S001,P0019,Furniture,North,Autumn,0,0,75,64.4,10.6
2023-11-07,S001,P0019,Furniture,North,Autumn,0,0,86,77.2,8.8
2023-11-08,S001,P0019,Furniture,North,Autumn,0,0,85,65.8,19.2
2023-11-09,S001,P0019,Furniture,North,Autumn,0,0,24,42.9,-18.9
2023-11-10,S001,P0019,Furniture,North,Autumn,1,0,83,68.0,15.0
2023-11-11,S001,P0019,Furniture,North,Autumn,0,0,41,47.1,-6.1
2023-11-12,S001,P0019,Furniture,North,Autumn,0,0,71,65.1,5.9
2023-11-13,S001,P0019,Furniture,North,Autumn,0,0,98,81.3,16.7
2023-11-14,S001,P0019,Furniture,North,Autumn,0,0,79,69.2,9.8
2023-11-15,S001,P0019,Furniture,North,Autumn,1,0,74,67.9,6.1
2023-11-16,S001,P0019,Furniture,North,Autumn,0,0,30,44.5,-14.5
2023-11-17,S001,P0019,Furniture,North,Autumn,0,0,55,64.7,-9.7
2023-11-18,S001,P0019,Furniture,North,Autumn,1,0,85,74.8,10.2
2023-11-19,S001,P0019,Furniture,North,Autumn,0,0,68,75.6,-7.6
2023-11-20,S001,P0019,Furniture,North,Autumn,0,0,88,67.8,20.2
2023-11-21,S001,P0019,Furniture,North,Autumn,1,0,83,75.0,8.0
2023-11-22,S001,P0019,Furniture,North,Autumn,1,0,133,98.9,34.1
2023-11-23,S001,P0019,Furniture,North,Autumn,0,0,74,62.8,11.1
2023-11-24,S001,P0019,Furniture,North,Autumn,0,0,60,65.4,-5.4
2023-11-25,S001,P0019,Furniture,North,Autumn,0,0,22,26.1,-4.1
2023-11-26,S001,P0019,Furniture,North,Autumn,1,0,126,102.7,23.3
2023-11-27,S001,P0019,Furniture,North,Autumn,1,0,167,112.3,54.7
2023-11-28,S001,P0019,Furniture,North,Autumn,0,0,66,55.8,10.2
2023-11-29,S001,P0019,Furniture,North,Autumn,0,0,139,90.6,48.4
2023-11-30,S001,P0019,Furniture,North,Autumn,0,0,71,63.4,7.6
2023-12-01,S001,P0019,Furniture,North,Winter,0,0,91,79.9,11.1
2023-12-02,S001,P0019,Furniture,North,Winter,1,0,106,83.0,23.0
2023-12-03,S001,P0019,Furniture,North,Winter,1,0,161,111.1,49.9
2023-12-04,S001,P0019,Furniture,North,Winter,0,0,60,63.6,-3.6
2023-12-05,S001,P0019,Furniture,North,Winter,0,0,71,70.6,0.4
2023-12-06,S001,P0019,Furniture,North,Winter,1,0,93,120.4,-27.4
2023-12-07,S001,P0019,Furniture,North,Winter,0,0,107,80.3,26.7
2023-12-08,S001,P0019,Furniture,North,Winter,0,0,71,67.4,3.6
2023-12-09,S001,P0019,Furniture,North,Winter,0,0,59,65.2,-6.2
2023-12-10,S001,P0019,Furniture,North,Winter,0,0,108,74.1,33.9
2023-12-11,S001,P0019,Furniture,North,Winter,0,0,45,42.3,2.7
2023-12-12,S001,P0019,Furniture,North,Winter,1,0,100,89.6,10.4
2023-12-13,S001,P0019,Furniture,North,Winter,1,0,172,114.4,57.6
2023-12-14,S001,P0019,Furniture,North,Winter,0,0,63,65.3,-2.3
2023-12-15,S001,P0019,Furniture,North,Winter,0,0,84,68.1,15.9
2023-12-16,S001,P0019,Furniture,North,Winter,0,0,41,48.2,-7.1
2023-12-17,S001,P0019,Furniture,North,Winter,1,0,64,66.7,-2.7
2023-12-18,S001,P0019,Furniture,North,Winter,1,0,95,80.7,14.3
2023-12-19,S001,P0019,Furniture,North,Winter,0,0,108,87.5,20.5
2023-12-20,S001,P0019,Furniture,North,Winter,0,0,62,66.8,-4.8
2023-12-21,S001,P0019,Furniture,North,Winter,1,0,108,90.5,17.5
2023-12-22,S001,P0019,Furniture,North,Winter,0,0,17,25.3,-8.3
2023-12-23,S001,P0019,Furniture,North,Winter,1,0,98,80.3,17.7
2023-12-24,S001,P0019,Furniture,North,Winter,0,0,76,68.2,7.8
2023-12-25,S001,P0019,Furniture,North,Winter,0,0,74,76.4,-2.3
2023-12-26,S001,P0019,Furniture,North,Winter,0,0,58,65.4,-7.4
2023-12-27,S001,P0019,Furniture,North,Winter,1,1,47,48.3,-1.3
2023-12-28,S001,P0019,Furniture,North,Winter,0,1,28,36.8,-8.8
2023-12-29,S001,P0019,Furniture,North,Winter,0,1,28,37.7,-9.7
2023-12-30,S001,P0019,Furniture,North,Winter,0,1,49,34.2,14.8
2023-12-31,S001,P0019,Furniture,North,Winter,0,1,47,36.1,10.9
2024-01-01,S001,P0019,Furniture,North,Winter,0,1,6,33.1,-27.1
2024-01-02,S001,P0019,Furniture,North,Winter,0,1,30,31.9,-1.9
2024-01-03,S001,P0019,Furniture,North,Winter,0,1,29,33.2,-4.2
2024-01-04,S001,P0019,Furniture,North,Winter,0,1,38,33.2,4.8
2024-01-05,S001,P0019,Furniture,North,Winter,1,1,41,42.7,-1.7
2024-01-06,S001,P0019,Furniture,North,Winter,0,1,28,32.0,-4.0
2024-01-07,S001,P0019,Furniture,North,Winter,1,1,36,40.7,-4.7
2024-01-08,S001,P0019,Furniture,North,Winter,1,1,33,45.8,-12.8
2024-01-09,S001,P0019,Furniture,North,Winter,1,0,51,79.3,-28.3
2024-01-10,S001,P0019,Furniture,North,Winter,0,0,34,66.1,-32.1
2024-01-11,S001,P0019,Furniture,North,Winter,0,0,56,68.0,-12.0
2024-01-12,S001,P0019,Furniture,North,Winter,0,0,123,79.7,43.3
2024-01-13,S001,P0019,Furniture,North,Winter,1,0,120,98.5,21.5
2024-01-14,S001,P0019,Furniture,North,Winter,0,0,60,62.2,-2.2
2024-01-15,S001,P0019,Furniture,North,Winter,0,0,35,42.9,-7.9
2024-01-16,S001,P0019,Furniture,North,Winter,0,0,54,50.4,3.6
2024-01-17,S001,P0019,Furniture,North,Winter,0,0,100,83.8,16.2
2024-01-18,S001,P0019,Furniture,North,Winter,1,0,96,74.9,21.1
2024-01-19,S001,P0019,Furniture,North,Winter,0,0,58,51.7,6.3
2024-01-20,S001,P0019,Furniture,North,Winter,0,0,72,68.0,4.0
2024-01-21,S001,P0019,Furniture,North,Winter,0,0,64,50.9,13.1
2024-01-22,S001,P0019,Furniture,North,Winter,1,0,71,64.5,6.5
2024-01-23,S001,P0019,Furniture,North,Winter,0,0,53,48.6,4.4
2024-01-24,S001,P0019,Furniture,North,Winter,1,0,153,98.2,54.8
2024-01-25,S001,P0019,Furniture,North,Winter,1,0,115,88.5,26.5
2024-01-26,S001,P0019,Furniture,North,Winter,1,0,153,104.5,48.5
2024-01-27,S001,P0019,Furniture,North,Winter,0,0,77,73.4,3.6
2024-01-28,S001,P0019,Furniture,North,Winter,0,0,80,71.6,8.4
2024-01-29,S001,P0019,Furniture,North,Winter,0,0,105,84.7,20.3
2024-01-30,S001,P0019,Furniture,North,Winter,0,0,61,58.8,2.2
2023-09-07,S001,P0020,Furniture,North,Autumn,1,0,65,58.5,6.5
2023-09-08,S001,P0020,Furniture,North,Autumn,0,0,39,42.4,-3.4
2023-09-09,S001,P0020,Furniture,North,Autumn,1,0,74,69.8,4.2
2023-09-10,S001,P0020,Furniture,North,Autumn,1,0,79,67.1,11.9
2023-09-11,S001,P0020,Furniture,North,Autumn,0,0,97,87.2,9.8
2023-09-12,S001,P0020,Furniture,North,Autumn,0,0,57,55.4,1.6
2023-09-13,S001,P0020,Furniture,North,Autumn,1,0,120,94.9,25.1
2023-09-14,S001,P0020,Furniture,North,Autumn,0,0,155,103.3,51.7
2023-09-15,S001,P0020,Furniture,North,Autumn,1,0,106,94.9,11.1
2023-09-16,S001,P0020,Furniture,North,Autumn,0,0,68,73.8,-5.8
2023-09-17,S001,P0020,Furniture,North,Autumn,0,0,73,67.8,5.2
2023-09-18,S001,P0020,Furniture,North,Autumn,0,0,99,65.8,33.2
2023-09-19,S001,P0020,Furniture,North,Autumn,0,0,57,57.4,-0.4
2023-09-20,S001,P0020,Furniture,North,Autumn,1,0,138,127.6,10.4
2023-09-21,S001,P0020,Furniture,North,Autumn,0,0,68,68.0,-0.0
2023-09-22,S001,P0020,Furniture,North,Autumn,1,0,86,72.8,13.2
2023-09-23,S001,P0020,Furniture,North,Autumn,0,0,74,75.5,-1.5
2023-09-24,S001,P0020,Furniture,North,Autumn,1,0,91,87.5,3.5
2023-09-25,S001,P0020,Furniture,North,Autumn,1,0,59,59.6,-0.6
2023-09-26,S001,P0020,Furniture,North,Autumn,0,0,97,71.8,25.2
2023-09-27,S001,P0020,Furniture,North,Autumn,0,0,52,54.5,-2.5
2023-09-28,S001,P0020,Furniture,North,Autumn,0,0,84,70.1,13.9
2023-09-29,S001,P0020,Furniture,North,Autumn,0,0,61,62.1,-1.1
2023-09-30,S001,P0020,Furniture,North,Autumn,0,0,75,62.9,12.1
2023-10-01,S001,P0020,Furniture,North,Autumn,0,0,79,72.2,6.8
2023-10-02,S001,P0020,Furniture,North,Autumn,0,0,56,59.1,-3.1
2023-10-03,S001,P0020,Furniture,North,Autumn,0,0,87,75.2,11.8
2023-10-04,S001,P0020,Furniture,North,Autumn,0,0,52,50.2,1.8
2023-10-05,S001,P0020,Furniture,North,Autumn,1,0,83,71.8,11.2
2023-10-06,S001,P0020,Furniture,North,Autumn,1,0,140,108.8,31.2
2023-10-07,S001,P0020,Furniture,North,Autumn,0,1,50,31.1,18.9
2023-10-08,S001,P0020,Furniture,North,Autumn,0,1,25,28.5,-3.5
2023-10-09,S001,P0020,Furniture,North,Autumn,0,1,40,27.8,12.2
2023-10-10,S001,P0020,Furniture,North,Autumn,0,1,33,26.1,6.9
2023-10-11,S001,P0020,Furniture,North,Autumn,0,1,21,28.8,-7.8
2023-10-12,S001,P0020,Furniture,North,Autumn,0,1,36,29.9,6.1
2023-10-13,S001,P0020,Furniture,North,Autumn,1,1,44,37.3,6.7
2023-10-14,S001,P0020,Furniture,North,Autumn,0,1,32,29.7,2.3
2023-10-15,S001,P0020,Furniture,North,Autumn,0,1,32,29.7,2.3
2023-10-16,S001,P0020,Furniture,North,Autumn,1,1,25,36.1,-11.1
2023-10-17,S001,P0020,Furniture,North,Autumn,0,1,34,33.8,0.2
2023-10-18,S001,P0020,Furniture,North,Autumn,1,1,28,41.6,-13.6
2023-10-19,S001,P0020,Furniture,North,Autumn,0,1,22,33.4,-11.4
2023-10-20,S001,P0020,Furniture,North,Autumn,0,1,23,35.2,-12.2
2023-10-21,S001,P0020,Furniture,North,Autumn,1,1,37,42.6,-5.6
2023-10-22,S001,P0020,Furniture,North,Autumn,0,1,35,31.6,3.4
2023-10-23,S001,P0020,Furniture,North,Autumn,1,1,69,44.1,24.9
2023-10-24,S001,P0020,Furniture,North,Autumn,0,1,24,31.3,-7.3
2023-10-25,S001,P0020,Furniture,North,Autumn,1,0,80,85.0,-5.0
2023-10-26,S001,P0020,Furniture,North,Autumn,1,0,139,97.8,41.2
2023-10-27,S001,P0020,Furniture,North,Autumn,1,0,73,71.8,1.2
2023-10-28,S001,P0020,Furniture,North,Autumn,0,0,60,68.4,-8.4
2023-10-29,S001,P0020,Furniture,North,Autumn,0,0,51,60.7,-9.7
2023-10-30,S001,P0020,Furniture,North,Autumn,0,0,65,62.3,2.7
2023-10-31,S001,P0020,Furniture,North,Autumn,0,0,79,70.6,8.3
2023-11-01,S001,P0020,Furniture,North,Autumn,0,0,79,63.0,16.0
2023-11-02,S001,P0020,Furniture,North,Autumn,1,0,48,61.3,-13.3
2023-11-03,S001,P0020,Furniture,North,Autumn,1,0,110,101.2,8.8
2023-11-04,S001,P0020,Furniture,North,Autumn,0,0,59,53.9,5.1
2023-11-05,S001,P0020,Furniture,North,Autumn,0,0,65,63.7,1.3
2023-11-06,S001,P0020,Furniture,North,Autumn,0,0,71,68.6,2.4
2023-11-07,S001,P0020,Furniture,North,Autumn,0,0,76,68.9,7.1
2023-11-08,S001,P0020,Furniture,North,Autumn,0,0,42,49.1,-7.1
2023-11-09,S001,P0020,Furniture,North,Autumn,0,0,18,34.3,-16.3
2023-11-10,S001,P0020,Furniture,North,Autumn,1,0,100,92.0,8.0
2023-11-11,S001,P0020,Furniture,North,Autumn,0,0,58,43.8,14.2
2023-11-12,S001,P0020,Furniture,North,Autumn,0,0,58,67.3,-9.3
2023-11-13,S001,P0020,Furniture,North,Autumn,0,0,57,65.4,-8.4
2023-11-14,S001,P0020,Furniture,North,Autumn,0,0,103,76.1,26.9
2023-11-15,S001,P0020,Furniture,North,Autumn,1,0,121,94.1,26.9
2023-11-16,S001,P0020,Furniture,North,Autumn,0,0,75,62.3,12.7
2023-11-17,S001,P0020,Furniture,North,Autumn,1,0,45,47.1,-2.1
2023-11-18,S001,P0020,Furniture,North,Autumn,0,0,52,39.5,12.5
2023-11-19,S001,P0020,Furniture,North,Autumn,0,0,102,75.5,26.5
2023-11-20,S001,P0020,Furniture,North,Autumn,0,0,35,41.8,-6.8
2023-11-21,S001,P0020,Furniture,North,Autumn,1,0,65,69.0,-4.0
2023-11-22,S001,P0020,Furniture,North,Autumn,0,0,85,80.4,4.6
2023-11-23,S001,P0020,Furniture,North,Autumn,0,0,25,35.2,-10.2
2023-11-24,S001,P0020,Furniture,North,Autumn,0,0,54,58.1,-4.1
2023-11-25,S001,P0020,Furniture,North,Autumn,1,0,68,68.3,-0.3
2023-11-26,S001,P0020,Furniture,North,Autumn,1,0,119,103.5,15.5
2023-11-27,S001,P0020,Furniture,North,Autumn,1,0,67,68.4,-1.5
2023-11-28,S001,P0020,Furniture,North,Autumn,1,0,67,67.6,-0.6
2023-11-29,S001,P0020,Furniture,North,Autumn,0,0,89,79.8,9.2
2023-11-30,S001,P0020,Furniture,North,Autumn,0,0,56,52.9,3.1
2023-12-01,S001,P0020,Furniture,North,Winter,0,0,98,72.4,25.6
2023-12-02,S001,P0020,Furniture,North,Winter,1,0,140,112.8,27.2
2023-12-03,S001,P0020,Furniture,North,Winter,0,0,70,68.6,1.4
2023-12-04,S001,P0020,Furniture,North,Winter,1,0,72,66.6,5.4
2023-12-05,S001,P0020,Furniture,North,Winter,1,0,110,89.6,20.4
2023-12-06,S001,P0020,Furniture,North,Winter,1,0,68,76.8,-8.8
2023-12-07,S001,P0020,Furniture,North,Winter,0,0,83,79.4,3.6
2023-12-08,S001,P0020,Furniture,North,Winter,1,0,68,60.7,7.3
2023-12-09,S001,P0020,Furniture,North,Winter,1,0,61,64.8,-3.8
2023-12-10,S001,P0020,Furniture,North,Winter,0,0,52,60.2,-8.2
2023-12-11,S001,P0020,Furniture,North,Winter,1,0,105,91.0,14.0
2023-12-12,S001,P0020,Furniture,North,Winter,0,0,65,62.2,2.8
2023-12-13,S001,P0020,Furniture,North,Winter,0,0,124,100.2,23.8
2023-12-14,S001,P0020,Furniture,North,Winter,0,0,72,70.4,1.6
2023-12-15,S001,P0020,Furniture,North,Winter,0,0,64,53.2,10.8
2023-12-16,S001,P0020,Furniture,North,Winter,0,0,123,94.6,28.4
2023-12-17,S001,P0020,Furniture,North,Winter,0,0,75,62.8,12.1
2023-12-18,S001,P0020,Furniture,North,Winter,1,0,67,61.3,5.7
2023-12-19,S001,P0020,Furniture,North,Winter,0,0,96,84.8,11.2
2023-12-20,S001,P0020,Furniture,North,Winter,0,0,79,72.3,6.7
2023-12-21,S001,P0020,Furniture,North,Winter,0,0,65,54.2,10.8
2023-12-22,S001,P0020,Furniture,North,Winter,1,0,110,98.8,11.2
2023-12-23,S001,P0020,Furniture,North,Winter,1,0,94,91.3,2.7
2023-12-24,S001,P0020,Furniture,North,Winter,0,0,61,68.3,-7.3
2023-12-25,S001,P0020,Furniture,North,Winter,0,0,89,63.4,25.5
2023-12-26,S001,P0020,Furniture,North,Winter,0,0,74,77.9,-3.9
2023-12-27,S001,P0020,Furniture,North,Winter,0,1,45,28.2,16.8
2023-12-28,S001,P0020,Furniture,North,Winter,0,1,26,30.4,-4.4
2023-12-29,S001,P0020,Furniture,North,Winter,0,1,37,31.7,5.3
2023-12-30,S001,P0020,Furniture,North,Winter,0,1,15,25.9,-10.9
2023-12-31,S001,P0020,Furniture,North,Winter,0,1,27,31.7,-4.7
2024-01-01,S001,P0020,Furniture,North,Winter,0,1,25,32.2,-7.2
2024-01-02,S001,P0020,Furniture,North,Winter,1,1,38,38.1,-0.1
2024-01-03,S001,P0020,Furniture,North,Winter,0,1,28,31.8,-3.8
2024-01-04,S001,P0020,Furniture,North,Winter,0,1,18,31.0,-13.0
2024-01-05,S001,P0020,Furniture,North,Winter,1,1,65,49.9,15.1
2024-01-06,S001,P0020,Furniture,North,Winter,1,1,25,42.5,-17.5
2024-01-07,S001,P0020,Furniture,North,Winter,0,1,15,31.8,-16.8
2024-01-08,S001,P0020,Furniture,North,Winter,1,1,37,40.4,-3.4
2024-01-09,S001,P0020,Furniture,North,Winter,0,0,59,60.9,-1.9
2024-01-10,S001,P0020,Furniture,North,Winter,0,0,65,58.7,6.3
2024-01-11,S001,P0020,Furniture,North,Winter,0,0,109,85.6,23.4
2024-01-12,S001,P0020,Furniture,North,Winter,0,0,73,64.6,8.4
2024-01-13,S001,P0020,Furniture,North,Winter,0,0,47,68.5,-21.5
2024-01-14,S001,P0020,Furniture,North,Winter,1,0,77,82.9,-5.9
2024-01-15,S001,P0020,Furniture,North,Winter,0,0,64,61.6,2.5
2024-01-16,S001,P0020,Furniture,North,Winter,0,0,69,62.3,6.7
2024-01-17,S001,P0020,Furniture,North,Winter,0,0,71,62.3,8.7
2024-01-18,S001,P0020,Furniture,North,Winter,1,0,119,99.6,19.3
2024-01-19,S001,P0020,Furniture,North,Winter,0,0,65,62.7,2.3
2024-01-20,S001,P0020,Furniture,North,Winter,0,0,66,59.1,6.9
2024-01-21,S001,P0020,Furniture,North,Winter,1,0,104,92.1,11.9
2024-01-22,S001,P0020,Furniture,North,Winter,1,0,54,64.5,-10.5
2024-01-23,S001,P0020,Furniture,North,Winter,0,0,83,63.0,20.0
2024-01-24,S001,P0020,Furniture,North,Winter,1,0,82,87.0,-5.0
2024-01-25,S001,P0020,Furniture,North,Winter,0,0,48,46.1,1.9
2024-01-26,S001,P0020,Furniture,North,Winter,0,0,69,67.5,1.5
2024-01-27,S001,P0020,Furniture,North,Winter,0,0,79,70.7,8.3
2024-01-28,S001,P0020,Furniture,North,Winter,1,0,103,80.1,22.9
2024-01-29,S001,P0020,Furniture,North,Winter,0,0,72,69.9,2.1
2024-01-30,S001,P0020,Furniture,North,Winter,0,0,73,54.6,18.4
2023-09-07,S002,P0001,Groceries,South,Autumn,0,0,129,108.6,20.4
2023-09-08,S002,P0001,Groceries,South,Autumn,0,0,56,114.6,-58.6
2023-09-09,S002,P0001,Groceries,South,Autumn,0,0,132,127.7,4.3
2023-09-10,S002,P0001,Groceries,South,Autumn,0,0,136,111.1,24.9
2023-09-11,S002,P0001,Groceries,South,Autumn,1,0,226,178.0,48.0
2023-09-12,S002,P0001,Groceries,South,Autumn,0,0,136,107.6,28.4
2023-09-13,S002,P0001,Groceries,South,Autumn,1,0,137,144.1,-7.1
2023-09-14,S002,P0001,Groceries,South,Autumn,1,0,132,135.6,-3.6
2023-09-15,S002,P0001,Groceries,South,Autumn,1,0,153,138.3,14.7
2023-09-16,S002,P0001,Groceries,South,Autumn,0,0,145,106.4,38.6
2023-09-17,S002,P0001,Groceries,South,Autumn,0,0,64,102.4,-38.4
2023-09-18,S002,P0001,Groceries,South,Autumn,1,0,177,173.6,3.4
2023-09-19,S002,P0001,Groceries,South,Autumn,1,0,215,176.6,38.4
2023-09-20,S002,P0001,Groceries,South,Autumn,0,0,86,100.4,-14.4
2023-09-21,S002,P0001,Groceries,South,Autumn,0,0,160,128.4,31.6
2023-09-22,S002,P0001,Groceries,South,Autumn,0,0,136,112.7,23.3
2023-09-23,S002,P0001,Groceries,South,Autumn,0,0,163,144.0,19.0
2023-09-24,S002,P0001,Groceries,South,Autumn,1,0,226,183.0,43.0
2023-09-25,S002,P0001,Groceries,South,Autumn,0,0,113,123.7,-10.7
2023-09-26,S002,P0001,Groceries,South,Autumn,0,0,94,103.8,-9.8
2023-09-27,S002,P0001,Groceries,South,Autumn,0,0,86,99.4,-13.4
2023-09-28,S002,P0001,Groceries,South,Autumn,1,0,170,136.8,33.2
2023-09-29,S002,P0001,Groceries,South,Autumn,0,0,110,107.1,2.9
2023-09-30,S002,P0001,Groceries,South,Autumn,0,0,102,100.1,1.9
2023-10-01,S002,P0001,Groceries,South,Autumn,1,0,126,136.8,-10.8
2023-10-02,S002,P0001,Groceries,South,Autumn,1,0,131,157.3,-26.3
2023-10-03,S002,P0001,Groceries,South,Autumn,0,0,76,103.4,-27.3
2023-10-04,S002,P0001,Groceries,South,Autumn,0,0,122,105.1,16.9
2023-10-05,S002,P0001,Groceries,South,Autumn,0,0,97,111.8,-14.8
2023-10-06,S002,P0001,Groceries,South,Autumn,0,0,179,140.7,38.3
2023-10-07,S002,P0001,Groceries,South,Autumn,0,1,55,87.3,-32.3
2023-10-08,S002,P0001,Groceries,South,Autumn,0,1,114,100.9,13.1
2023-10-09,S002,P0001,Groceries,South,Autumn,1,1,53,112.3,-59.3
2023-10-10,S002,P0001,Groceries,South,Autumn,0,1,42,79.6,-37.6
2023-10-11,S002,P0001,Groceries,South,Autumn,0,1,46,76.8,-30.8
2023-10-12,S002,P0001,Groceries,South,Autumn,1,1,111,114.2,-3.2
2023-10-13,S002,P0001,Groceries,South,Autumn,0,1,65,68.0,-3.0
2023-10-14,S002,P0001,Groceries,South,Autumn,0,1,105,87.0,18.0
2023-10-15,S002,P0001,Groceries,South,Autumn,0,1,53,71.8,-18.8
2023-10-16,S002,P0001,Groceries,South,Autumn,0,1,101,89.5,11.5
2023-10-17,S002,P0001,Groceries,South,Autumn,1,1,132,96.4,35.7
2023-10-18,S002,P0001,Groceries,South,Autumn,0,1,53,81.2,-28.2
2023-10-19,S002,P0001,Groceries,South,Autumn,1,1,118,112.6,5.4
2023-10-20,S002,P0001,Groceries,South,Autumn,1,1,72,92.8,-20.8
2023-10-21,S002,P0001,Groceries,South,Autumn,0,1,102,93.8,8.2
2023-10-22,S002,P0001,Groceries,South,Autumn,0,1,57,93.3,-36.3
2023-10-23,S002,P0001,Groceries,South,Autumn,1,1,138,114.2,23.8
2023-10-24,S002,P0001,Groceries,South,Autumn,0,1,73,99.7,-26.7
2023-10-25,S002,P0001,Groceries,South,Autumn,1,0,86,134.1,-48.1
2023-10-26,S002,P0001,Groceries,South,Autumn,1,0,178,148.6,29.4
2023-10-27,S002,P0001,Groceries,South,Autumn,0,0,131,109.3,21.7
2023-10-28,S002,P0001,Groceries,South,Autumn,0,0,136,126.5,9.5
2023-10-29,S002,P0001,Groceries,South,Autumn,0,0,90,107.5,-17.5
2023-10-30,S002,P0001,Groceries,South,Autumn,0,0,181,148.1,32.9
2023-10-31,S002,P0001,Groceries,South,Autumn,0,0,164,138.4,25.6
2023-11-01,S002,P0001,Groceries,South,Autumn,1,0,189,151.4,37.6
2023-11-02,S002,P0001,Groceries,South,Autumn,0,0,220,169.9,50.1
2023-11-03,S002,P0001,Groceries,South,Autumn,1,0,155,145.9,9.1
2023-11-04,S002,P0001,Groceries,South,Autumn,0,0,127,106.5,20.5
2023-11-05,S002,P0001,Groceries,South,Autumn,0,0,136,112.8,23.2
2023-11-06,S002,P0001,Groceries,South,Autumn,0,0,73,104.3,-31.3
2023-11-07,S002,P0001,Groceries,South,Autumn,1,0,146,179.8,-33.8
2023-11-08,S002,P0001,Groceries,South,Autumn,1,0,115,137.5,-22.5
2023-11-09,S002,P0001,Groceries,South,Autumn,0,0,134,104.0,30.0
2023-11-10,S002,P0001,Groceries,South,Autumn,0,0,174,134.7,39.3
2023-11-11,S002,P0001,Groceries,South,Autumn,0,0,85,99.0,-14.0
2023-11-12,S002,P0001,Groceries,South,Autumn,1,0,213,190.3,22.7
2023-11-13,S002,P0001,Groceries,South,Autumn,1,0,168,175.0,-7.0
2023-11-14,S002,P0001,Groceries,South,Autumn,0,0,109,104.3,4.7
2023-11-15,S002,P0001,Groceries,South,Autumn,0,0,64,99.4,-35.4
2023-11-16,S002,P0001,Groceries,South,Autumn,1,0,147,154.1,-7.1
2023-11-17,S002,P0001,Groceries,South,Autumn,0,0,112,106.4,5.5
2023-11-18,S002,P0001,Groceries,South,Autumn,1,0,69,150.9,-81.9
2023-11-19,S002,P0001,Groceries,South,Autumn,0,0,123,104.8,18.2
2023-11-20,S002,P0001,Groceries,South,Autumn,1,0,178,163.8,14.2
2023-11-21,S002,P0001,Groceries,South,Autumn,0,0,104,101.8,2.2
2023-11-22,S002,P0001,Groceries,South,Autumn,0,0,123,102.2,20.8
2023-11-23,S002,P0001,Groceries,South,Autumn,0,0,141,112.5,28.5
2023-11-24,S002,P0001,Groceries,South,Autumn,0,0,61,98.8,-37.8
2023-11-25,S002,P0001,Groceries,South,Autumn,0,0,78,97.7,-19.7
2023-11-26,S002,P0001,Groceries,South,Autumn,1,0,30,126.3,-96.3
2023-11-27,S002,P0001,Groceries,South,Autumn,0,0,74,108.1,-34.1
2023-11-28,S002,P0001,Groceries,South,Autumn,0,0,42,104.4,-62.4
2023-11-29,S002,P0001,Groceries,South,Autumn,0,0,112,119.4,-7.5
2023-11-30,S002,P0001,Groceries,South,Autumn,0,0,116,114.0,2.0
2023-12-01,S002,P0001,Groceries,South,Winter,0,0,121,123.3,-2.3
2023-12-02,S002,P0001,Groceries,South,Winter,1,0,151,128.4,22.6
2023-12-03,S002,P0001,Groceries,South,Winter,0,0,116,89.4,26.6
2023-12-04,S002,P0001,Groceries,South,Winter,1,0,145,169.7,-24.7
2023-12-05,S002,P0001,Groceries,South,Winter,0,0,113,119.4,-6.5
2023-12-06,S002,P0001,Groceries,South,Winter,0,0,143,125.6,17.4
2023-12-07,S002,P0001,Groceries,South,Winter,0,0,161,130.8,30.2
2023-12-08,S002,P0001,Groceries,South,Winter,1,0,116,136.1,-20.1
2023-12-09,S002,P0001,Groceries,South,Winter,0,0,113,123.1,-10.1
2023-12-10,S002,P0001,Groceries,South,Winter,1,0,198,148.1,49.9
2023-12-11,S002,P0001,Groceries,South,Winter,0,0,69,98.7,-29.7
2023-12-12,S002,P0001,Groceries,South,Winter,1,0,101,132.9,-31.9
2023-12-13,S002,P0001,Groceries,South,Winter,0,0,158,126.0,32.0
2023-12-14,S002,P0001,Groceries,South,Winter,0,0,164,131.7,32.3
2023-12-15,S002,P0001,Groceries,South,Winter,1,0,182,174.8,7.2
2023-12-16,S002,P0001,Groceries,South,Winter,0,0,83,99.3,-16.3
2023-12-17,S002,P0001,Groceries,South,Winter,0,0,53,94.8,-41.8
2023-12-18,S002,P0001,Groceries,South,Winter,0,0,138,128.5,9.5
2023-12-19,S002,P0001,Groceries,South,Winter,0,0,67,101.5,-34.5
2023-12-20,S002,P0001,Groceries,South,Winter,0,0,140,118.0,22.0
2023-12-21,S002,P0001,Groceries,South,Winter,0,0,145,119.5,25.5
2023-12-22,S002,P0001,Groceries,South,Winter,0,0,127,107.6,19.4
2023-12-23,S002,P0001,Groceries,South,Winter,0,0,77,104.7,-27.7
2023-12-24,S002,P0001,Groceries,South,Winter,1,0,108,142.8,-34.8
2023-12-25,S002,P0001,Groceries,South,Winter,1,0,203,174.4,28.6
2023-12-26,S002,P0001,Groceries,South,Winter,1,0,119,158.0,-39.0
2023-12-27,S002,P0001,Groceries,South,Winter,1,1,72,128.5,-56.5
2023-12-28,S002,P0001,Groceries,South,Winter,0,1,116,96.9,19.1
2023-12-29,S002,P0001,Groceries,South,Winter,0,1,63,97.5,-34.5
2023-12-30,S002,P0001,Groceries,South,Winter,0,1,58,78.9,-20.9
2023-12-31,S002,P0001,Groceries,South,Winter,0,1,137,114.4,22.7
2024-01-01,S002,P0001,Groceries,South,Winter,0,1,51,78.3,-27.3
2024-01-02,S002,P0001,Groceries,South,Winter,0,1,75,84.0,-9.0
2024-01-03,S002,P0001,Groceries,South,Winter,1,1,113,94.5,18.5
2024-01-04,S002,P0001,Groceries,South,Winter,1,1,67,97.3,-30.3
2024-01-05,S002,P0001,Groceries,South,Winter,0,1,38,69.6,-31.6
2024-01-06,S002,P0001,Groceries,South,Winter,1,1,104,89.7,14.3
2024-01-07,S002,P0001,Groceries,South,Winter,0,1,61,76.4,-15.4
2024-01-08,S002,P0001,Groceries,South,Winter,1,1,94,100.3,-6.3
2024-01-09,S002,P0001,Groceries,South,Winter,0,0,93,101.6,-8.6
2024-01-10,S002,P0001,Groceries,South,Winter,0,0,78,97.2,-19.2
2024-01-11,S002,P0001,Groceries,South,Winter,1,0,143,132.1,10.9
2024-01-12,S002,P0001,Groceries,South,Winter,0,0,63,114.9,-51.9
2024-01-13,S002,P0001,Groceries,South,Winter,1,0,211,146.8,64.2
2024-01-14,S002,P0001,Groceries,South,Winter,0,0,78,106.9,-28.9
2024-01-15,S002,P0001,Groceries,South,Winter,0,0,120,111.2,8.8
2024-01-16,S002,P0001,Groceries,South,Winter,0,0,129,104.3,24.7
2024-01-17,S002,P0001,Groceries,South,Winter,0,0,154,114.8,39.2
2024-01-18,S002,P0001,Groceries,South,Winter,0,0,139,123.9,15.1
2024-01-19,S002,P0001,Groceries,South,Winter,1,0,232,192.3,39.7
2024-01-20,S002,P0001,Groceries,South,Winter,0,0,155,144.2,10.8
2024-01-21,S002,P0001,Groceries,South,Winter,1,0,99,136.7,-37.7
2024-01-22,S002,P0001,Groceries,South,Winter,1,0,51,129.8,-78.8
2024-01-23,S002,P0001,Groceries,South,Winter,0,0,87,100.8,-13.8
2024-01-24,S002,P0001,Groceries,South,Winter,1,0,89,148.8,-59.8
2024-01-25,S002,P0001,Groceries,South,Winter,0,0,49,106.0,-57.0
2024-01-26,S002,P0001,Groceries,South,Winter,0,0,102,114.4,-12.4
2024-01-27,S002,P0001,Groceries,South,Winter,0,0,150,119.8,30.2
2024-01-28,S002,P0001,Groceries,South,Winter,0,0,151,123.0,28.0
2024-01-29,S002,P0001,Groceries,South,Winter,0,0,57,100.1,-43.1
2024-01-30,S002,P0001,Groceries,South,Winter,0,0,87,99.1,-12.1
2023-09-07,S002,P0002,Toys,South,Autumn,0,0,67,92.5,-25.5
2023-09-08,S002,P0002,Toys,South,Autumn,0,0,111,108.4,2.6
2023-09-09,S002,P0002,Toys,South,Autumn,0,0,81,103.7,-22.7
2023-09-10,S002,P0002,Toys,South,Autumn,1,0,164,123.4,40.6
2023-09-11,S002,P0002,Toys,South,Autumn,0,0,87,95.0,-8.0
2023-09-12,S002,P0002,Toys,South,Autumn,0,0,85,94.7,-9.7
2023-09-13,S002,P0002,Toys,South,Autumn,0,0,54,86.2,-32.2
2023-09-14,S002,P0002,Toys,South,Autumn,0,0,63,87.1,-24.1
2023-09-15,S002,P0002,Toys,South,Autumn,1,0,144,117.4,26.6
2023-09-16,S002,P0002,Toys,South,Autumn,0,0,98,89.4,8.6
2023-09-17,S002,P0002,Toys,South,Autumn,1,0,153,139.4,13.6
2023-09-18,S002,P0002,Toys,South,Autumn,0,0,92,96.8,-4.8
2023-09-19,S002,P0002,Toys,South,Autumn,0,0,89,101.6,-12.6
2023-09-20,S002,P0002,Toys,South,Autumn,1,0,80,111.6,-31.6
2023-09-21,S002,P0002,Toys,South,Autumn,0,0,136,105.3,30.7
2023-09-22,S002,P0002,Toys,South,Autumn,0,0,47,86.8,-39.8
2023-09-23,S002,P0002,Toys,South,Autumn,0,0,95,94.8,0.2
2023-09-24,S002,P0002,Toys,South,Autumn,1,0,129,145.3,-16.3
2023-09-25,S002,P0002,Toys,South,Autumn,0,0,150,119.2,30.8
2023-09-26,S002,P0002,Toys,South,Autumn,0,0,114,97.9,16.1
2023-09-27,S002,P0002,Toys,South,Autumn,1,0,150,118.4,31.6
2023-09-28,S002,P0002,Toys,South,Autumn,0,0,100,90.8,9.2
2023-09-29,S002,P0002,Toys,South,Autumn,0,0,153,98.0,55.0
2023-09-30,S002,P0002,Toys,South,Autumn,0,0,77,96.4,-19.4
2023-10-01,S002,P0002,Toys,South,Autumn,0,0,57,96.4,-39.4
2023-10-02,S002,P0002,Toys,South,Autumn,0,0,110,106.2,3.8
2023-10-03,S002,P0002,Toys,South,Autumn,1,0,79,110.2,-31.2
2023-10-04,S002,P0002,Toys,South,Autumn,1,0,129,117.5,11.5
2023-10-05,S002,P0002,Toys,South,Autumn,1,0,191,161.8,29.2
2023-10-06,S002,P0002,Toys,South,Autumn,0,0,80,87.2,-7.2
2023-10-07,S002,P0002,Toys,South,Autumn,0,1,11,51.2,-40.2
2023-10-08,S002,P0002,Toys,South,Autumn,1,1,21,63.0,-42.0
2023-10-09,S002,P0002,Toys,South,Autumn,0,1,25,27.8,-2.8
2023-10-10,S002,P0002,Toys,South,Autumn,0,1,31,27.0,4.0
2023-10-11,S002,P0002,Toys,South,Autumn,0,1,12,23.0,-11.0
2023-10-12,S002,P0002,Toys,South,Autumn,0,1,28,30.5,-2.5
2023-10-13,S002,P0002,Toys,South,Autumn,0,1,12,22.4,-10.4
2023-10-14,S002,P0002,Toys,South,Autumn,1,1,46,39.1,6.9
2023-10-15,S002,P0002,Toys,South,Autumn,0,1,47,42.7,4.3
2023-10-16,S002,P0002,Toys,South,Autumn,0,1,62,43.6,18.4
2023-10-17,S002,P0002,Toys,South,Autumn,1,1,34,32.2,1.9
2023-10-18,S002,P0002,Toys,South,Autumn,1,1,43,33.5,9.5
2023-10-19,S002,P0002,Toys,South,Autumn,0,1,11,25.3,-14.3
2023-10-20,S002,P0002,Toys,South,Autumn,0,1,27,28.9,-1.9
2023-10-21,S002,P0002,Toys,South,Autumn,0,1,12,21.6,-9.6
2023-10-22,S002,P0002,Toys,South,Autumn,0,1,42,39.2,2.9
2023-10-23,S002,P0002,Toys,South,Autumn,1,1,76,41.3,34.7
2023-10-24,S002,P0002,Toys,South,Autumn,0,1,36,41.3,-5.3
2023-10-25,S002,P0002,Toys,South,Autumn,1,0,108,120.3,-12.3
2023-10-26,S002,P0002,Toys,South,Autumn,1,0,128,135.8,-7.8
2023-10-27,S002,P0002,Toys,South,Autumn,0,0,88,94.7,-6.7
2023-10-28,S002,P0002,Toys,South,Autumn,0,0,148,104.5,43.5
2023-10-29,S002,P0002,Toys,South,Autumn,0,0,129,98.6,30.3
2023-10-30,S002,P0002,Toys,South,Autumn,0,0,89,99.2,-10.2
2023-10-31,S002,P0002,Toys,South,Autumn,0,0,106,92.0,14.0
2023-11-01,S002,P0002,Toys,South,Autumn,0,0,89,104.2,-15.2
2023-11-02,S002,P0002,Toys,South,Autumn,0,0,111,103.5,7.5
2023-11-03,S002,P0002,Toys,South,Autumn,1,0,133,141.5,-8.5
2023-11-04,S002,P0002,Toys,South,Autumn,0,0,110,94.8,15.2
2023-11-05,S002,P0002,Toys,South,Autumn,0,0,80,93.1,-13.1
2023-11-06,S002,P0002,Toys,South,Autumn,0,0,58,91.5,-33.5
2023-11-07,S002,P0002,Toys,South,Autumn,1,0,151,147.9,3.1
2023-11-08,S002,P0002,Toys,South,Autumn,1,0,106,114.2,-8.2
2023-11-09,S002,P0002,Toys,South,Autumn,0,0,114,95.1,18.9
2023-11-10,S002,P0002,Toys,South,Autumn,1,0,159,145.0,14.0
2023-11-11,S002,P0002,Toys,South,Autumn,1,0,81,110.5,-29.5
2023-11-12,S002,P0002,Toys,South,Autumn,1,0,133,141.5,-8.5
2023-11-13,S002,P0002,Toys,South,Autumn,0,0,85,103.8,-18.8
2023-11-14,S002,P0002,Toys,South,Autumn,0,0,106,97.4,8.6
2023-11-15,S002,P0002,Toys,South,Autumn,1,0,133,111.8,21.2
2023-11-16,S002,P0002,Toys,South,Autumn,0,0,52,89.5,-37.5
2023-11-17,S002,P0002,Toys,South,Autumn,0,0,54,88.4,-34.4
2023-11-18,S002,P0002,Toys,South,Autumn,1,0,143,139.1,3.9
2023-11-19,S002,P0002,Toys,South,Autumn,0,0,26,92.2,-66.2
2023-11-20,S002,P0002,Toys,South,Autumn,1,0,86,110.0,-24.0
2023-11-21,S002,P0002,Toys,South,Autumn,0,0,98,88.5,9.5
2023-11-22,S002,P0002,Toys,South,Autumn,0,0,91,90.0,1.0
2023-11-23,S002,P0002,Toys,South,Autumn,0,0,88,91.2,-3.2
2023-11-24,S002,P0002,Toys,South,Autumn,0,0,67,88.2,-21.2
2023-11-25,S002,P0002,Toys,South,Autumn,1,0,128,116.4,11.6
2023-11-26,S002,P0002,Toys,South,Autumn,0,0,77,88.9,-11.9
2023-11-27,S002,P0002,Toys,South,Autumn,0,0,110,99.0,11.0
2023-11-28,S002,P0002,Toys,South,Autumn,0,0,30,87.4,-57.4
2023-11-29,S002,P0002,Toys,South,Autumn,0,0,133,94.6,38.4
2023-11-30,S002,P0002,Toys,South,Autumn,0,0,72,89.3,-17.3
2023-12-01,S002,P0002,Toys,South,Winter,1,0,107,114.3,-7.3
2023-12-02,S002,P0002,Toys,South,Winter,0,0,143,95.0,48.0
2023-12-03,S002,P0002,Toys,South,Winter,0,0,90,92.8,-2.8
2023-12-04,S002,P0002,Toys,South,Winter,1,0,194,161.9,32.1
2023-12-05,S002,P0002,Toys,South,Winter,0,0,102,101.8,0.2
2023-12-06,S002,P0002,Toys,South,Winter,0,0,85,104.9,-19.9
2023-12-07,S002,P0002,Toys,South,Winter,0,0,69,100.2,-31.2
2023-12-08,S002,P0002,Toys,South,Winter,0,0,80,89.9,-9.9
2023-12-09,S002,P0002,Toys,South,Winter,0,0,106,103.5,2.5
2023-12-10,S002,P0002,Toys,South,Winter,0,0,96,95.3,0.7
2023-12-11,S002,P0002,Toys,South,Winter,0,0,115,93.7,21.3
2023-12-12,S002,P0002,Toys,South,Winter,1,0,65,107.2,-42.2
2023-12-13,S002,P0002,Toys,South,Winter,0,0,99,97.1,1.9
2023-12-14,S002,P0002,Toys,South,Winter,0,0,168,107.0,61.0
2023-12-15,S002,P0002,Toys,South,Winter,0,0,147,107.0,40.0
2023-12-16,S002,P0002,Toys,South,Winter,0,0,108,94.8,13.2
2023-12-17,S002,P0002,Toys,South,Winter,0,0,122,94.4,27.6
2023-12-18,S002,P0002,Toys,South,Winter,0,0,139,107.3,31.7
2023-12-19,S002,P0002,Toys,South,Winter,0,0,115,100.1,14.9
2023-12-20,S002,P0002,Toys,South,Winter,1,0,130,125.6,4.3
2023-12-21,S002,P0002,Toys,South,Winter,1,0,108,137.8,-29.8
2023-12-22,S002,P0002,Toys,South,Winter,1,0,200,149.3,50.7
2023-12-23,S002,P0002,Toys,South,Winter,1,0,155,140.7,14.3
2023-12-24,S002,P0002,Toys,South,Winter,1,0,142,142.1,-0.1
2023-12-25,S002,P0002,Toys,South,Winter,0,0,78,100.8,-22.8
2023-12-26,S002,P0002,Toys,South,Winter,0,0,75,123.3,-48.3
2023-12-27,S002,P0002,Toys,South,Winter,1,1,58,120.0,-62.0
2023-12-28,S002,P0002,Toys,South,Winter,1,1,29,97.7,-68.7
2023-12-29,S002,P0002,Toys,South,Winter,0,1,33,56.3,-23.3
2023-12-30,S002,P0002,Toys,South,Winter,0,1,41,24.3,16.7
2023-12-31,S002,P0002,Toys,South,Winter,0,1,39,31.6,7.4
2024-01-01,S002,P0002,Toys,South,Winter,1,1,48,40.6,7.4
2024-01-02,S002,P0002,Toys,South,Winter,0,1,52,42.4,9.6
2024-01-03,S002,P0002,Toys,South,Winter,1,1,7,34.1,-27.1
2024-01-04,S002,P0002,Toys,South,Winter,0,1,29,25.9,3.1
2024-01-05,S002,P0002,Toys,South,Winter,0,1,30,30.8,-0.8
2024-01-06,S002,P0002,Toys,South,Winter,0,1,38,44.1,-6.1
2024-01-07,S002,P0002,Toys,South,Winter,1,1,25,37.0,-12.0
2024-01-08,S002,P0002,Toys,South,Winter,0,1,20,26.5,-6.5
2024-01-09,S002,P0002,Toys,South,Winter,0,0,69,99.4,-30.4
2024-01-10,S002,P0002,Toys,South,Winter,0,0,134,99.3,34.7
2024-01-11,S002,P0002,Toys,South,Winter,0,0,110,100.7,9.3
2024-01-12,S002,P0002,Toys,South,Winter,0,0,117,95.4,21.6
2024-01-13,S002,P0002,Toys,South,Winter,0,0,115,97.4,17.6
2024-01-14,S002,P0002,Toys,South,Winter,0,0,145,105.0,40.0
2024-01-15,S002,P0002,Toys,South,Winter,1,0,98,125.7,-27.7
2024-01-16,S002,P0002,Toys,South,Winter,1,0,127,123.7,3.3
2024-01-17,S002,P0002,Toys,South,Winter,0,0,52,96.7,-44.7
2024-01-18,S002,P0002,Toys,South,Winter,0,0,73,102.5,-29.5
2024-01-19,S002,P0002,Toys,South,Winter,0,0,26,89.0,-63.0
2024-01-20,S002,P0002,Toys,South,Winter,1,0,60,129.0,-69.0
2024-01-21,S002,P0002,Toys,South,Winter,0,0,47,91.2,-44.2
2024-01-22,S002,P0002,Toys,South,Winter,0,0,56,89.6,-33.6
2024-01-23,S002,P0002,Toys,South,Winter,0,0,57,90.1,-33.1
2024-01-24,S002,P0002,Toys,South,Winter,1,0,80,136.0,-56.0
2024-01-25,S002,P0002,Toys,South,Winter,1,0,54,126.9,-72.9
2024-01-26,S002,P0002,Toys,South,Winter,1,0,111,133.4,-22.4
2024-01-27,S002,P0002,Toys,South,Winter,1,0,196,148.9,47.1
2024-01-28,S002,P0002,Toys,South,Winter,0,0,104,98.8,5.2
2024-01-29,S002,P0002,Toys,South,Winter,0,0,69,88.1,-19.1
2024-01-30,S002,P0002,Toys,South,Winter,0,0,78,89.1,-11.1
2023-09-07,S002,P0003,Groceries,South,Autumn,1,0,194,158.5,35.5
2023-09-08,S002,P0003,Groceries,South,Autumn,0,0,203,186.1,16.9
2023-09-09,S002,P0003,Groceries,South,Autumn,1,0,141,163.5,-22.5
2023-09-10,S002,P0003,Groceries,South,Autumn,1,0,198,152.4,45.6
2023-09-11,S002,P0003,Groceries,South,Autumn,1,0,136,154.7,-18.7
2023-09-12,S002,P0003,Groceries,South,Autumn,0,0,131,117.7,13.3
2023-09-13,S002,P0003,Groceries,South,Autumn,1,0,199,165.5,33.5
2023-09-14,S002,P0003,Groceries,South,Autumn,0,0,141,123.0,18.0
2023-09-15,S002,P0003,Groceries,South,Autumn,0,0,113,102.1,10.9
2023-09-16,S002,P0003,Groceries,South,Autumn,0,0,106,106.0,0.0
2023-09-17,S002,P0003,Groceries,South,Autumn,0,0,112,104.0,8.0
2023-09-18,S002,P0003,Groceries,South,Autumn,1,0,120,144.0,-23.9
2023-09-19,S002,P0003,Groceries,South,Autumn,0,0,108,121.9,-13.9
2023-09-20,S002,P0003,Groceries,South,Autumn,0,0,110,102.0,8.0
2023-09-21,S002,P0003,Groceries,South,Autumn,0,0,90,113.9,-23.9
2023-09-22,S002,P0003,Groceries,South,Autumn,0,0,72,99.3,-27.3
2023-09-23,S002,P0003,Groceries,South,Autumn,1,0,133,122.7,10.3
2023-09-24,S002,P0003,Groceries,South,Autumn,0,0,107,114.2,-7.2
2023-09-25,S002,P0003,Groceries,South,Autumn,0,0,165,135.2,29.8
2023-09-26,S002,P0003,Groceries,South,Autumn,0,0,102,106.1,-4.1
2023-09-27,S002,P0003,Groceries,South,Autumn,0,0,119,111.6,7.3
2023-09-28,S002,P0003,Groceries,South,Autumn,0,0,70,99.5,-29.5
2023-09-29,S002,P0003,Groceries,South,Autumn,0,0,135,115.3,19.7
2023-09-30,S002,P0003,Groceries,South,Autumn,0,0,78,97.7,-19.7
2023-10-01,S002,P0003,Groceries,South,Autumn,0,0,78,100.1,-22.1
2023-10-02,S002,P0003,Groceries,South,Autumn,1,0,189,182.7,6.3
2023-10-03,S002,P0003,Groceries,South,Autumn,0,0,93,100.7,-7.7
2023-10-04,S002,P0003,Groceries,South,Autumn,0,0,107,107.5,-0.5
2023-10-05,S002,P0003,Groceries,South,Autumn,1,0,175,166.0,9.0
2023-10-06,S002,P0003,Groceries,South,Autumn,1,0,142,138.8,3.2
2023-10-07,S002,P0003,Groceries,South,Autumn,0,1,40,87.6,-47.6
2023-10-08,S002,P0003,Groceries,South,Autumn,0,1,157,126.2,30.8
2023-10-09,S002,P0003,Groceries,South,Autumn,1,1,187,132.7,54.3
2023-10-10,S002,P0003,Groceries,South,Autumn,0,1,123,103.7,19.3
2023-10-11,S002,P0003,Groceries,South,Autumn,1,1,68,121.6,-53.6
2023-10-12,S002,P0003,Groceries,South,Autumn,0,1,83,89.1,-6.1
2023-10-13,S002,P0003,Groceries,South,Autumn,0,1,77,78.5,-1.5
2023-10-14,S002,P0003,Groceries,South,Autumn,0,1,18,78.4,-60.4
2023-10-15,S002,P0003,Groceries,South,Autumn,0,1,110,85.1,24.9
2023-10-16,S002,P0003,Groceries,South,Autumn,0,1,62,79.7,-17.7
2023-10-17,S002,P0003,Groceries,South,Autumn,1,1,71,93.6,-22.6
2023-10-18,S002,P0003,Groceries,South,Autumn,1,1,60,96.8,-36.8
2023-10-19,S002,P0003,Groceries,South,Autumn,1,1,89,96.6,-7.7
2023-10-20,S002,P0003,Groceries,South,Autumn,0,1,49,80.8,-31.8
2023-10-21,S002,P0003,Groceries,South,Autumn,0,1,109,91.5,17.5
2023-10-22,S002,P0003,Groceries,South,Autumn,0,1,98,95.5,2.5
2023-10-23,S002,P0003,Groceries,South,Autumn,1,1,114,115.8,-1.8
2023-10-24,S002,P0003,Groceries,South,Autumn,0,1,114,96.8,17.2
2023-10-25,S002,P0003,Groceries,South,Autumn,1,0,113,129.0,-16.0
2023-10-26,S002,P0003,Groceries,South,Autumn,0,0,45,104.1,-59.1
2023-10-27,S002,P0003,Groceries,South,Autumn,0,0,83,114.8,-31.8
2023-10-28,S002,P0003,Groceries,South,Autumn,0,0,68,113.0,-45.0
2023-10-29,S002,P0003,Groceries,South,Autumn,0,0,128,116.4,11.6
2023-10-30,S002,P0003,Groceries,South,Autumn,0,0,69,107.4,-38.4
2023-10-31,S002,P0003,Groceries,South,Autumn,0,0,76,109.3,-33.3
2023-11-01,S002,P0003,Groceries,South,Autumn,0,0,99,109.5,-10.5
2023-11-02,S002,P0003,Groceries,South,Autumn,0,0,74,111.9,-37.9
2023-11-03,S002,P0003,Groceries,South,Autumn,0,0,48,102.5,-54.5
2023-11-04,S002,P0003,Groceries,South,Autumn,0,0,119,111.8,7.2
2023-11-05,S002,P0003,Groceries,South,Autumn,0,0,4,95.7,-91.7
2023-11-06,S002,P0003,Groceries,South,Autumn,1,0,90,128.9,-38.9
2023-11-07,S002,P0003,Groceries,South,Autumn,0,0,117,111.2,5.8
2023-11-08,S002,P0003,Groceries,South,Autumn,1,0,191,146.8,44.2
2023-11-09,S002,P0003,Groceries,South,Autumn,0,0,61,96.1,-35.1
2023-11-10,S002,P0003,Groceries,South,Autumn,0,0,89,109.8,-20.8
2023-11-11,S002,P0003,Groceries,South,Autumn,1,0,115,137.9,-22.9
2023-11-12,S002,P0003,Groceries,South,Autumn,1,0,140,158.4,-18.4
2023-11-13,S002,P0003,Groceries,South,Autumn,0,0,91,113.4,-22.4
2023-11-14,S002,P0003,Groceries,South,Autumn,1,0,119,123.7,-4.7
2023-11-15,S002,P0003,Groceries,South,Autumn,1,0,159,147.0,12.0
2023-11-16,S002,P0003,Groceries,South,Autumn,0,0,117,101.9,15.1
2023-11-17,S002,P0003,Groceries,South,Autumn,0,0,137,106.5,30.5
2023-11-18,S002,P0003,Groceries,South,Autumn,1,0,103,137.4,-34.3
2023-11-19,S002,P0003,Groceries,South,Autumn,1,0,184,169.3,14.7
2023-11-20,S002,P0003,Groceries,South,Autumn,0,0,84,101.6,-17.6
2023-11-21,S002,P0003,Groceries,South,Autumn,0,0,123,111.8,11.2
2023-11-22,S002,P0003,Groceries,South,Autumn,0,0,76,99.1,-23.1
2023-11-23,S002,P0003,Groceries,South,Autumn,1,0,110,137.7,-27.7
2023-11-24,S002,P0003,Groceries,South,Autumn,0,0,93,98.1,-5.1
2023-11-25,S002,P0003,Groceries,South,Autumn,0,0,119,101.2,17.8
2023-11-26,S002,P0003,Groceries,South,Autumn,0,0,91,99.1,-8.1
2023-11-27,S002,P0003,Groceries,South,Autumn,1,0,170,178.3,-8.3
2023-11-28,S002,P0003,Groceries,South,Autumn,0,0,82,100.7,-18.7
2023-11-29,S002,P0003,Groceries,South,Autumn,0,0,124,107.9,16.1
2023-11-30,S002,P0003,Groceries,South,Autumn,0,0,91,101.9,-10.9
2023-12-01,S002,P0003,Groceries,South,Winter,1,0,121,135.2,-14.2
2023-12-02,S002,P0003,Groceries,South,Winter,1,0,179,152.0,27.0
2023-12-03,S002,P0003,Groceries,South,Winter,0,0,72,100.1,-28.1
2023-12-04,S002,P0003,Groceries,South,Winter,0,0,135,124.2,10.8
2023-12-05,S002,P0003,Groceries,South,Winter,0,0,82,113.3,-31.3
2023-12-06,S002,P0003,Groceries,South,Winter,1,0,193,171.4,21.6
2023-12-07,S002,P0003,Groceries,South,Winter,0,0,99,115.0,-16.0
2023-12-08,S002,P0003,Groceries,South,Winter,0,0,117,106.8,10.2
2023-12-09,S002,P0003,Groceries,South,Winter,1,0,146,152.4,-6.4
2023-12-10,S002,P0003,Groceries,South,Winter,1,0,154,169.4,-15.4
2023-12-11,S002,P0003,Groceries,South,Winter,0,0,95,100.3,-5.3
2023-12-12,S002,P0003,Groceries,South,Winter,1,0,104,129.6,-25.6
2023-12-13,S002,P0003,Groceries,South,Winter,0,0,62,117.0,-55.0
2023-12-14,S002,P0003,Groceries,South,Winter,0,0,102,112.9,-10.9
2023-12-15,S002,P0003,Groceries,South,Winter,0,0,91,110.9,-19.9
2023-12-16,S002,P0003,Groceries,South,Winter,1,0,145,144.0,1.0
2023-12-17,S002,P0003,Groceries,South,Winter,0,0,66,98.5,-32.5
2023-12-18,S002,P0003,Groceries,South,Winter,1,0,154,162.1,-8.1
2023-12-19,S002,P0003,Groceries,South,Winter,1,0,116,142.7,-26.7
2023-12-20,S002,P0003,Groceries,South,Winter,0,0,118,105.4,12.6
2023-12-21,S002,P0003,Groceries,South,Winter,0,0,147,125.8,21.2
2023-12-22,S002,P0003,Groceries,South,Winter,0,0,91,103.7,-12.7
2023-12-23,S002,P0003,Groceries,South,Winter,0,0,144,110.7,33.3
2023-12-24,S002,P0003,Groceries,South,Winter,0,0,69,103.4,-34.3
2023-12-25,S002,P0003,Groceries,South,Winter,0,0,95,98.3,-3.3
2023-12-26,S002,P0003,Groceries,South,Winter,0,0,50,107.0,-57.0
2023-12-27,S002,P0003,Groceries,South,Winter,1,1,74,123.9,-49.9
2023-12-28,S002,P0003,Groceries,South,Winter,0,1,69,78.8,-9.8
2023-12-29,S002,P0003,Groceries,South,Winter,0,1,89,97.2,-8.2
2023-12-30,S002,P0003,Groceries,South,Winter,0,1,14,63.5,-49.5
2023-12-31,S002,P0003,Groceries,South,Winter,0,1,34,99.6,-65.6
2024-01-01,S002,P0003,Groceries,South,Winter,0,1,91,78.4,12.6
2024-01-02,S002,P0003,Groceries,South,Winter,0,1,127,99.6,27.4
2024-01-03,S002,P0003,Groceries,South,Winter,0,1,119,91.8,27.2
2024-01-04,S002,P0003,Groceries,South,Winter,0,1,93,80.3,12.7
2024-01-05,S002,P0003,Groceries,South,Winter,1,1,89,88.0,1.0
2024-01-06,S002,P0003,Groceries,South,Winter,1,1,94,96.4,-2.4
2024-01-07,S002,P0003,Groceries,South,Winter,0,1,72,81.8,-9.8
2024-01-08,S002,P0003,Groceries,South,Winter,1,1,66,135.2,-69.2
2024-01-09,S002,P0003,Groceries,South,Winter,0,0,50,108.4,-58.4
2024-01-10,S002,P0003,Groceries,South,Winter,1,0,148,141.8,6.2
2024-01-11,S002,P0003,Groceries,South,Winter,1,0,193,135.5,57.5
2024-01-12,S002,P0003,Groceries,South,Winter,0,0,47,103.6,-56.6
2024-01-13,S002,P0003,Groceries,South,Winter,0,0,72,106.0,-34.0
2024-01-14,S002,P0003,Groceries,South,Winter,0,0,76,107.7,-31.7
2024-01-15,S002,P0003,Groceries,South,Winter,0,0,62,109.7,-47.7
2024-01-16,S002,P0003,Groceries,South,Winter,1,0,95,131.1,-36.1
2024-01-17,S002,P0003,Groceries,South,Winter,0,0,77,106.0,-29.0
2024-01-18,S002,P0003,Groceries,South,Winter,0,0,101,111.7,-10.7
2024-01-19,S002,P0003,Groceries,South,Winter,1,0,100,139.3,-39.3
2024-01-20,S002,P0003,Groceries,South,Winter,0,0,38,102.2,-64.2
2024-01-21,S002,P0003,Groceries,South,Winter,0,0,82,97.6,-15.6
2024-01-22,S002,P0003,Groceries,South,Winter,1,0,168,135.5,32.5
2024-01-23,S002,P0003,Groceries,South,Winter,0,0,110,109.0,1.0
2024-01-24,S002,P0003,Groceries,South,Winter,1,0,60,132.9,-72.9
2024-01-25,S002,P0003,Groceries,South,Winter,0,0,78,116.3,-38.3
2024-01-26,S002,P0003,Groceries,South,Winter,0,0,159,120.8,38.2
2024-01-27,S002,P0003,Groceries,South,Winter,0,0,143,134.5,8.5
2024-01-28,S002,P0003,Groceries,South,Winter,1,0,170,142.8,27.2
2024-01-29,S002,P0003,Groceries,South,Winter,0,0,102,103.7,-1.7
2024-01-30,S002,P0003,Groceries,South,Winter,0,0,79,98.3,-19.3
2023-09-07,S002,P0004,Groceries,South,Autumn,1,0,184,140.4,43.6
2023-09-08,S002,P0004,Groceries,South,Autumn,0,0,75,119.8,-44.8
2023-09-09,S002,P0004,Groceries,South,Autumn,0,0,135,124.1,10.9
2023-09-10,S002,P0004,Groceries,South,Autumn,0,0,100,108.4,-8.4
2023-09-11,S002,P0004,Groceries,South,Autumn,0,0,104,108.8,-4.8
2023-09-12,S002,P0004,Groceries,South,Autumn,0,0,67,102.4,-35.4
2023-09-13,S002,P0004,Groceries,South,Autumn,1,0,152,129.4,22.6
2023-09-14,S002,P0004,Groceries,South,Autumn,0,0,64,97.5,-33.5
2023-09-15,S002,P0004,Groceries,South,Autumn,1,0,110,129.7,-19.7
2023-09-16,S002,P0004,Groceries,South,Autumn,1,0,128,134.3,-6.3
2023-09-17,S002,P0004,Groceries,South,Autumn,0,0,98,104.4,-6.5
2023-09-18,S002,P0004,Groceries,South,Autumn,1,0,119,133.2,-14.2
2023-09-19,S002,P0004,Groceries,South,Autumn,1,0,40,172.1,-132.1
2023-09-20,S002,P0004,Groceries,South,Autumn,0,0,172,104.8,67.2
2023-09-21,S002,P0004,Groceries,South,Autumn,0,0,153,116.5,36.5
2023-09-22,S002,P0004,Groceries,South,Autumn,1,0,104,137.4,-33.4
2023-09-23,S002,P0004,Groceries,South,Autumn,1,0,165,133.4,31.6
2023-09-24,S002,P0004,Groceries,South,Autumn,0,0,143,117.1,25.9
2023-09-25,S002,P0004,Groceries,South,Autumn,0,0,182,123.2,58.8
2023-09-26,S002,P0004,Groceries,South,Autumn,0,0,62,106.7,-44.7
2023-09-27,S002,P0004,Groceries,South,Autumn,0,0,76,100.3,-24.3
2023-09-28,S002,P0004,Groceries,South,Autumn,1,0,150,128.7,21.3
2023-09-29,S002,P0004,Groceries,South,Autumn,0,0,153,118.6,34.4
2023-09-30,S002,P0004,Groceries,South,Autumn,0,0,101,100.8,0.2
2023-10-01,S002,P0004,Groceries,South,Autumn,0,0,45,99.5,-54.5
2023-10-02,S002,P0004,Groceries,South,Autumn,1,0,124,143.3,-19.3
2023-10-03,S002,P0004,Groceries,South,Autumn,0,0,88,100.6,-12.7
2023-10-04,S002,P0004,Groceries,South,Autumn,1,0,216,131.2,84.8
2023-10-05,S002,P0004,Groceries,South,Autumn,0,0,138,121.8,16.2
2023-10-06,S002,P0004,Groceries,South,Autumn,0,0,44,112.8,-68.8
2023-10-07,S002,P0004,Groceries,South,Autumn,1,1,54,97.8,-43.8
2023-10-08,S002,P0004,Groceries,South,Autumn,0,1,103,72.3,30.7
2023-10-09,S002,P0004,Groceries,South,Autumn,0,1,87,78.7,8.3
2023-10-10,S002,P0004,Groceries,South,Autumn,0,1,62,75.4,-13.4
2023-10-11,S002,P0004,Groceries,South,Autumn,1,1,35,97.8,-62.8
2023-10-12,S002,P0004,Groceries,South,Autumn,0,1,80,104.9,-24.9
2023-10-13,S002,P0004,Groceries,South,Autumn,1,1,82,94.9,-12.9
2023-10-14,S002,P0004,Groceries,South,Autumn,0,1,54,86.3,-32.3
2023-10-15,S002,P0004,Groceries,South,Autumn,0,1,63,82.2,-19.2
2023-10-16,S002,P0004,Groceries,South,Autumn,0,1,78,89.0,-11.0
2023-10-17,S002,P0004,Groceries,South,Autumn,1,1,59,99.9,-40.9
2023-10-18,S002,P0004,Groceries,South,Autumn,1,1,13,96.8,-83.8
2023-10-19,S002,P0004,Groceries,South,Autumn,1,1,121,89.4,31.6
2023-10-20,S002,P0004,Groceries,South,Autumn,1,1,93,96.1,-3.1
2023-10-21,S002,P0004,Groceries,South,Autumn,0,1,76,86.9,-10.9
2023-10-22,S002,P0004,Groceries,South,Autumn,0,1,127,100.0,27.0
2023-10-23,S002,P0004,Groceries,South,Autumn,0,1,58,99.5,-41.5
2023-10-24,S002,P0004,Groceries,South,Autumn,0,1,114,99.6,14.4
2023-10-25,S002,P0004,Groceries,South,Autumn,0,0,44,93.3,-49.3
2023-10-26,S002,P0004,Groceries,South,Autumn,0,0,123,108.1,14.9
2023-10-27,S002,P0004,Groceries,South,Autumn,0,0,139,114.0,25.0
2023-10-28,S002,P0004,Groceries,South,Autumn,1,0,174,148.0,26.0
2023-10-29,S002,P0004,Groceries,South,Autumn,0,0,124,107.6,16.4
2023-10-30,S002,P0004,Groceries,South,Autumn,0,0,123,106.6,16.4
2023-10-31,S002,P0004,Groceries,South,Autumn,0,0,26,109.0,-83.0
2023-11-01,S002,P0004,Groceries,South,Autumn,1,0,149,138.0,11.0
2023-11-02,S002,P0004,Groceries,South,Autumn,0,0,147,115.2,31.8
2023-11-03,S002,P0004,Groceries,South,Autumn,0,0,73,104.9,-31.9
2023-11-04,S002,P0004,Groceries,South,Autumn,1,0,179,128.2,50.8
2023-11-05,S002,P0004,Groceries,South,Autumn,1,0,87,133.4,-46.4
2023-11-06,S002,P0004,Groceries,South,Autumn,0,0,118,98.2,19.8
2023-11-07,S002,P0004,Groceries,South,Autumn,0,0,102,120.5,-18.5
2023-11-08,S002,P0004,Groceries,South,Autumn,1,0,136,132.2,3.8
2023-11-09,S002,P0004,Groceries,South,Autumn,0,0,59,92.6,-33.6
2023-11-10,S002,P0004,Groceries,South,Autumn,0,0,117,109.4,7.6
2023-11-11,S002,P0004,Groceries,South,Autumn,1,0,165,129.0,36.0
2023-11-12,S002,P0004,Groceries,South,Autumn,0,0,98,116.2,-18.2
2023-11-13,S002,P0004,Groceries,South,Autumn,0,0,106,117.7,-11.7
2023-11-14,S002,P0004,Groceries,South,Autumn,0,0,166,111.0,55.0
2023-11-15,S002,P0004,Groceries,South,Autumn,0,0,110,99.6,10.4
2023-11-16,S002,P0004,Groceries,South,Autumn,0,0,129,97.4,31.6
2023-11-17,S002,P0004,Groceries,South,Autumn,0,0,149,101.1,47.9
2023-11-18,S002,P0004,Groceries,South,Autumn,1,0,123,155.0,-32.0
2023-11-19,S002,P0004,Groceries,South,Autumn,1,0,87,141.1,-54.1
2023-11-20,S002,P0004,Groceries,South,Autumn,0,0,97,107.9,-10.9
2023-11-21,S002,P0004,Groceries,South,Autumn,0,0,126,99.4,26.6
2023-11-22,S002,P0004,Groceries,South,Autumn,0,0,133,102.1,30.9
2023-11-23,S002,P0004,Groceries,South,Autumn,1,0,139,134.9,4.1
2023-11-24,S002,P0004,Groceries,South,Autumn,1,0,164,132.1,31.9
2023-11-25,S002,P0004,Groceries,South,Autumn,0,0,114,97.6,16.3
2023-11-26,S002,P0004,Groceries,South,Autumn,0,0,73,94.0,-21.0
2023-11-27,S002,P0004,Groceries,South,Autumn,0,0,112,119.7,-7.7
2023-11-28,S002,P0004,Groceries,South,Autumn,1,0,134,133.5,0.5
2023-11-29,S002,P0004,Groceries,South,Autumn,0,0,74,98.8,-24.8
2023-11-30,S002,P0004,Groceries,South,Autumn,0,0,39,95.4,-56.4
2023-12-01,S002,P0004,Groceries,South,Winter,1,0,168,131.6,36.4
2023-12-02,S002,P0004,Groceries,South,Winter,0,0,54,101.6,-47.6
2023-12-03,S002,P0004,Groceries,South,Winter,0,0,114,93.9,20.1
2023-12-04,S002,P0004,Groceries,South,Winter,0,0,102,115.2,-13.2
2023-12-05,S002,P0004,Groceries,South,Winter,1,0,208,139.8,68.2
2023-12-06,S002,P0004,Groceries,South,Winter,1,0,125,147.9,-22.9
2023-12-07,S002,P0004,Groceries,South,Winter,0,0,137,117.6,19.4
2023-12-08,S002,P0004,Groceries,South,Winter,0,0,74,96.9,-22.9
2023-12-09,S002,P0004,Groceries,South,Winter,0,0,168,123.0,45.0
2023-12-10,S002,P0004,Groceries,South,Winter,0,0,154,116.5,37.5
2023-12-11,S002,P0004,Groceries,South,Winter,1,0,136,135.4,0.6
2023-12-12,S002,P0004,Groceries,South,Winter,1,0,131,135.3,-4.3
2023-12-13,S002,P0004,Groceries,South,Winter,0,0,114,125.1,-11.1
2023-12-14,S002,P0004,Groceries,South,Winter,0,0,110,125.8,-15.8
2023-12-15,S002,P0004,Groceries,South,Winter,0,0,116,122.1,-6.1
2023-12-16,S002,P0004,Groceries,South,Winter,1,0,141,132.5,8.5
2023-12-17,S002,P0004,Groceries,South,Winter,0,0,146,109.7,36.3
2023-12-18,S002,P0004,Groceries,South,Winter,0,0,92,122.7,-30.7
2023-12-19,S002,P0004,Groceries,South,Winter,0,0,54,102.8,-48.8
2023-12-20,S002,P0004,Groceries,South,Winter,0,0,93,94.2,-1.2
2023-12-21,S002,P0004,Groceries,South,Winter,0,0,150,106.7,43.3
2023-12-22,S002,P0004,Groceries,South,Winter,1,0,178,135.8,42.2
2023-12-23,S002,P0004,Groceries,South,Winter,0,0,135,112.1,22.9
2023-12-24,S002,P0004,Groceries,South,Winter,1,0,205,135.9,69.1
2023-12-25,S002,P0004,Groceries,South,Winter,1,0,112,128.5,-16.5
2023-12-26,S002,P0004,Groceries,South,Winter,0,0,99,123.1,-24.1
2023-12-27,S002,P0004,Groceries,South,Winter,0,1,79,83.0,-4.0
2023-12-28,S002,P0004,Groceries,South,Winter,1,1,58,126.1,-68.1
2023-12-29,S002,P0004,Groceries,South,Winter,0,1,73,82.0,-9.0
2023-12-30,S002,P0004,Groceries,South,Winter,0,1,90,77.2,12.8
2023-12-31,S002,P0004,Groceries,South,Winter,0,1,69,78.4,-9.4
2024-01-01,S002,P0004,Groceries,South,Winter,0,1,75,67.8,7.2
2024-01-02,S002,P0004,Groceries,South,Winter,0,1,94,81.2,12.8
2024-01-03,S002,P0004,Groceries,South,Winter,0,1,86,66.1,19.9
2024-01-04,S002,P0004,Groceries,South,Winter,0,1,52,79.9,-27.9
2024-01-05,S002,P0004,Groceries,South,Winter,0,1,72,68.5,3.5
2024-01-06,S002,P0004,Groceries,South,Winter,0,1,32,68.0,-36.0
2024-01-07,S002,P0004,Groceries,South,Winter,0,1,105,78.9,26.1
2024-01-08,S002,P0004,Groceries,South,Winter,1,1,45,97.7,-52.7
2024-01-09,S002,P0004,Groceries,South,Winter,0,0,142,92.5,49.5
2024-01-10,S002,P0004,Groceries,South,Winter,0,0,150,88.9,61.1
2024-01-11,S002,P0004,Groceries,South,Winter,1,0,111,120.8,-9.8
2024-01-12,S002,P0004,Groceries,South,Winter,1,0,98,129.2,-31.2
2024-01-13,S002,P0004,Groceries,South,Winter,0,0,72,101.7,-29.7
2024-01-14,S002,P0004,Groceries,South,Winter,1,0,111,133.5,-22.5
2024-01-15,S002,P0004,Groceries,South,Winter,0,0,139,105.6,33.4
2024-01-16,S002,P0004,Groceries,South,Winter,1,0,208,128.2,79.8
2024-01-17,S002,P0004,Groceries,South,Winter,0,0,87,110.0,-23.0
2024-01-18,S002,P0004,Groceries,South,Winter,1,0,188,144.5,43.5
2024-01-19,S002,P0004,Groceries,South,Winter,0,0,152,106.6,45.4
2024-01-20,S002,P0004,Groceries,South,Winter,1,0,235,148.7,86.3
2024-01-21,S002,P0004,Groceries,South,Winter,1,0,181,132.4,48.6
2024-01-22,S002,P0004,Groceries,South,Winter,0,0,108,112.8,-4.8
2024-01-23,S002,P0004,Groceries,South,Winter,0,0,123,101.0,22.0
2024-01-24,S002,P0004,Groceries,South,Winter,0,0,128,125.1,2.9
2024-01-25,S002,P0004,Groceries,South,Winter,0,0,109,124.8,-15.8
2024-01-26,S002,P0004,Groceries,South,Winter,1,0,122,164.7,-42.7
2024-01-27,S002,P0004,Groceries,South,Winter,0,0,111,124.8,-13.8
2024-01-28,S002,P0004,Groceries,South,Winter,1,0,124,136.5,-12.5
2024-01-29,S002,P0004,Groceries,South,Winter,0,0,139,98.8,40.2
2024-01-30,S002,P0004,Groceries,South,Winter,0,0,73,94.6,-21.6
2023-09-07,S002,P0005,Electronics,South,Autumn,0,0,71,97.5,-26.5
2023-09-08,S002,P0005,Electronics,South,Autumn,0,0,129,101.4,27.6
2023-09-09,S002,P0005,Electronics,South,Autumn,0,0,50,97.1,-47.1
2023-09-10,S002,P0005,Electronics,South,Autumn,0,0,97,89.4,7.5
2023-09-11,S002,P0005,Electronics,South,Autumn,0,0,63,89.7,-26.7
2023-09-12,S002,P0005,Electronics,South,Autumn,0,0,134,89.6,44.4
2023-09-13,S002,P0005,Electronics,South,Autumn,0,0,100,91.3,8.7
2023-09-14,S002,P0005,Electronics,South,Autumn,1,0,110,125.2,-15.2
2023-09-15,S002,P0005,Electronics,South,Autumn,1,0,156,125.5,30.5
2023-09-16,S002,P0005,Electronics,South,Autumn,1,0,123,118.4,4.6
2023-09-17,S002,P0005,Electronics,South,Autumn,0,0,106,95.2,10.8
2023-09-18,S002,P0005,Electronics,South,Autumn,0,0,87,95.3,-8.3
2023-09-19,S002,P0005,Electronics,South,Autumn,0,0,73,103.9,-30.9
2023-09-20,S002,P0005,Electronics,South,Autumn,0,0,94,89.2,4.8
2023-09-21,S002,P0005,Electronics,South,Autumn,1,0,109,128.7,-19.7
2023-09-22,S002,P0005,Electronics,South,Autumn,1,0,226,130.2,95.8
2023-09-23,S002,P0005,Electronics,South,Autumn,1,0,138,127.1,10.9
2023-09-24,S002,P0005,Electronics,South,Autumn,1,0,126,132.1,-6.1
2023-09-25,S002,P0005,Electronics,South,Autumn,1,0,180,143.0,36.9
2023-09-26,S002,P0005,Electronics,South,Autumn,0,0,132,106.3,25.7
2023-09-27,S002,P0005,Electronics,South,Autumn,1,0,106,118.9,-12.9
2023-09-28,S002,P0005,Electronics,South,Autumn,0,0,95,94.4,0.6
2023-09-29,S002,P0005,Electronics,South,Autumn,0,0,96,93.5,2.5
2023-09-30,S002,P0005,Electronics,South,Autumn,0,0,35,83.0,-48.0
2023-10-01,S002,P0005,Electronics,South,Autumn,0,0,91,90.5,0.5
2023-10-02,S002,P0005,Electronics,South,Autumn,0,0,111,105.8,5.2
2023-10-03,S002,P0005,Electronics,South,Autumn,1,0,106,121.6,-15.6
2023-10-04,S002,P0005,Electronics,South,Autumn,0,0,63,87.8,-24.8
2023-10-05,S002,P0005,Electronics,South,Autumn,0,0,81,100.6,-19.6
2023-10-06,S002,P0005,Electronics,South,Autumn,0,0,100,87.9,12.1
2023-10-07,S002,P0005,Electronics,South,Autumn,0,1,39,50.9,-11.9
2023-10-08,S002,P0005,Electronics,South,Autumn,0,1,41,52.4,-11.4
2023-10-09,S002,P0005,Electronics,South,Autumn,1,1,51,62.7,-11.7
2023-10-10,S002,P0005,Electronics,South,Autumn,1,1,78,65.4,12.6
2023-10-11,S002,P0005,Electronics,South,Autumn,0,1,30,49.6,-19.6
2023-10-12,S002,P0005,Electronics,South,Autumn,1,1,72,67.9,4.1
2023-10-13,S002,P0005,Electronics,South,Autumn,1,1,66,69.4,-3.4
2023-10-14,S002,P0005,Electronics,South,Autumn,1,1,68,65.3,2.7
2023-10-15,S002,P0005,Electronics,South,Autumn,0,1,45,49.1,-4.1
2023-10-16,S002,P0005,Electronics,South,Autumn,1,1,79,80.2,-1.2
2023-10-17,S002,P0005,Electronics,South,Autumn,0,1,44,50.9,-6.9
2023-10-18,S002,P0005,Electronics,South,Autumn,0,1,28,50.4,-22.4
2023-10-19,S002,P0005,Electronics,South,Autumn,0,1,47,50.2,-3.2
2023-10-20,S002,P0005,Electronics,South,Autumn,0,1,26,52.3,-26.3
2023-10-21,S002,P0005,Electronics,South,Autumn,0,1,38,46.9,-8.9
2023-10-22,S002,P0005,Electronics,South,Autumn,1,1,42,80.3,-38.3
2023-10-23,S002,P0005,Electronics,South,Autumn,1,1,88,71.1,16.9
2023-10-24,S002,P0005,Electronics,South,Autumn,1,1,93,76.0,17.0
2023-10-25,S002,P0005,Electronics,South,Autumn,0,0,70,88.9,-18.9
2023-10-26,S002,P0005,Electronics,South,Autumn,0,0,140,92.0,48.0
2023-10-27,S002,P0005,Electronics,South,Autumn,0,0,90,99.7,-9.7
2023-10-28,S002,P0005,Electronics,South,Autumn,0,0,123,105.2,17.8
2023-10-29,S002,P0005,Electronics,South,Autumn,0,0,114,102.2,11.8
2023-10-30,S002,P0005,Electronics,South,Autumn,0,0,46,94.7,-48.7
2023-10-31,S002,P0005,Electronics,South,Autumn,0,0,101,92.7,8.3
2023-11-01,S002,P0005,Electronics,South,Autumn,1,0,143,128.6,14.4
2023-11-02,S002,P0005,Electronics,South,Autumn,0,0,83,104.5,-21.5
2023-11-03,S002,P0005,Electronics,South,Autumn,1,0,77,116.3,-39.3
2023-11-04,S002,P0005,Electronics,South,Autumn,1,0,149,120.9,28.1
2023-11-05,S002,P0005,Electronics,South,Autumn,1,0,179,140.8,38.2
2023-11-06,S002,P0005,Electronics,South,Autumn,0,0,99,93.8,5.2
2023-11-07,S002,P0005,Electronics,South,Autumn,0,0,97,108.5,-11.5
2023-11-08,S002,P0005,Electronics,South,Autumn,0,0,94,92.7,1.3
2023-11-09,S002,P0005,Electronics,South,Autumn,0,0,93,92.1,0.9
2023-11-10,S002,P0005,Electronics,South,Autumn,0,0,18,89.3,-71.3
2023-11-11,S002,P0005,Electronics,South,Autumn,0,0,113,97.1,15.9
2023-11-12,S002,P0005,Electronics,South,Autumn,0,0,158,131.3,26.7
2023-11-13,S002,P0005,Electronics,South,Autumn,1,0,107,135.5,-28.5
2023-11-14,S002,P0005,Electronics,South,Autumn,1,0,180,128.4,51.6
2023-11-15,S002,P0005,Electronics,South,Autumn,0,0,46,87.2,-41.2
2023-11-16,S002,P0005,Electronics,South,Autumn,0,0,116,96.7,19.3
2023-11-17,S002,P0005,Electronics,South,Autumn,0,0,114,96.3,17.7
2023-11-18,S002,P0005,Electronics,South,Autumn,0,0,83,105.2,-22.2
2023-11-19,S002,P0005,Electronics,South,Autumn,1,0,143,132.4,10.6
2023-11-20,S002,P0005,Electronics,South,Autumn,1,0,124,124.4,-0.4
2023-11-21,S002,P0005,Electronics,South,Autumn,0,0,66,92.3,-26.3
2023-11-22,S002,P0005,Electronics,South,Autumn,0,0,112,91.9,20.1
2023-11-23,S002,P0005,Electronics,South,Autumn,1,0,138,126.1,11.9
2023-11-24,S002,P0005,Electronics,South,Autumn,0,0,85,92.6,-7.6
2023-11-25,S002,P0005,Electronics,South,Autumn,1,0,54,106.7,-52.7
2023-11-26,S002,P0005,Electronics,South,Autumn,0,0,85,93.0,-8.0
2023-11-27,S002,P0005,Electronics,South,Autumn,0,0,142,123.7,18.3
2023-11-28,S002,P0005,Electronics,South,Autumn,0,0,51,86.9,-35.9
2023-11-29,S002,P0005,Electronics,South,Autumn,0,0,85,89.1,-4.1
2023-11-30,S002,P0005,Electronics,South,Autumn,0,0,143,89.2,53.8
2023-12-01,S002,P0005,Electronics,South,Winter,1,0,119,122.1,-3.1
2023-12-02,S002,P0005,Electronics,South,Winter,0,0,97,97.2,-0.2
2023-12-03,S002,P0005,Electronics,South,Winter,0,0,61,91.7,-30.7
2023-12-04,S002,P0005,Electronics,South,Winter,0,0,114,114.3,-0.3
2023-12-05,S002,P0005,Electronics,South,Winter,1,0,163,167.2,-4.2
2023-12-06,S002,P0005,Electronics,South,Winter,0,0,145,110.6,34.3
2023-12-07,S002,P0005,Electronics,South,Winter,0,0,63,102.1,-39.1
2023-12-08,S002,P0005,Electronics,South,Winter,0,0,86,92.6,-6.6
2023-12-09,S002,P0005,Electronics,South,Winter,0,0,75,105.5,-30.5
2023-12-10,S002,P0005,Electronics,South,Winter,0,0,97,97.3,-0.3
2023-12-11,S002,P0005,Electronics,South,Winter,0,0,63,91.5,-28.5
2023-12-12,S002,P0005,Electronics,South,Winter,1,0,86,121.6,-35.6
2023-12-13,S002,P0005,Electronics,South,Winter,0,0,103,104.6,-1.6
2023-12-14,S002,P0005,Electronics,South,Winter,1,0,184,142.4,41.6
2023-12-15,S002,P0005,Electronics,South,Winter,1,0,147,137.2,9.8
2023-12-16,S002,P0005,Electronics,South,Winter,1,0,82,118.4,-36.4
2023-12-17,S002,P0005,Electronics,South,Winter,1,0,84,109.4,-25.3
2023-12-18,S002,P0005,Electronics,South,Winter,0,0,137,125.1,11.9
2023-12-19,S002,P0005,Electronics,South,Winter,1,0,101,123.6,-22.7
2023-12-20,S002,P0005,Electronics,South,Winter,0,0,122,95.2,26.8
2023-12-21,S002,P0005,Electronics,South,Winter,0,0,110,99.4,10.6
2023-12-22,S002,P0005,Electronics,South,Winter,1,0,157,127.0,30.0
2023-12-23,S002,P0005,Electronics,South,Winter,0,0,99,95.8,3.2
2023-12-24,S002,P0005,Electronics,South,Winter,0,0,139,108.8,30.2
2023-12-25,S002,P0005,Electronics,South,Winter,0,0,91,87.0,4.0
2023-12-26,S002,P0005,Electronics,South,Winter,0,0,63,104.5,-41.5
2023-12-27,S002,P0005,Electronics,South,Winter,0,1,54,78.6,-24.6
2023-12-28,S002,P0005,Electronics,South,Winter,1,1,72,106.0,-34.0
2023-12-29,S002,P0005,Electronics,South,Winter,0,1,71,77.4,-6.4
2023-12-30,S002,P0005,Electronics,South,Winter,0,1,47,52.2,-5.2
2023-12-31,S002,P0005,Electronics,South,Winter,0,1,44,52.4,-8.4
2024-01-01,S002,P0005,Electronics,South,Winter,0,1,55,53.7,1.3
2024-01-02,S002,P0005,Electronics,South,Winter,1,1,54,74.6,-20.6
2024-01-03,S002,P0005,Electronics,South,Winter,1,1,97,72.7,24.3
2024-01-04,S002,P0005,Electronics,South,Winter,0,1,39,48.8,-9.8
2024-01-05,S002,P0005,Electronics,South,Winter,1,1,75,66.2,8.8
2024-01-06,S002,P0005,Electronics,South,Winter,0,1,42,50.1,-8.1
2024-01-07,S002,P0005,Electronics,South,Winter,0,1,57,54.3,2.7
2024-01-08,S002,P0005,Electronics,South,Winter,0,1,93,57.1,35.9
2024-01-09,S002,P0005,Electronics,South,Winter,0,0,115,91.8,23.2
2024-01-10,S002,P0005,Electronics,South,Winter,0,0,74,88.7,-14.7
2024-01-11,S002,P0005,Electronics,South,Winter,0,0,81,87.8,-6.8
2024-01-12,S002,P0005,Electronics,South,Winter,0,0,103,89.0,14.0
2024-01-13,S002,P0005,Electronics,South,Winter,0,0,30,86.7,-56.7
2024-01-14,S002,P0005,Electronics,South,Winter,0,0,99,94.5,4.5
2024-01-15,S002,P0005,Electronics,South,Winter,0,0,63,94.2,-31.2
2024-01-16,S002,P0005,Electronics,South,Winter,1,0,115,122.2,-7.2
2024-01-17,S002,P0005,Electronics,South,Winter,0,0,113,99.9,13.1
2024-01-18,S002,P0005,Electronics,South,Winter,0,0,37,97.4,-60.4
2024-01-19,S002,P0005,Electronics,South,Winter,1,0,115,129.1,-14.1
2024-01-20,S002,P0005,Electronics,South,Winter,1,0,199,151.7,47.3
2024-01-21,S002,P0005,Electronics,South,Winter,1,0,88,116.6,-28.6
2024-01-22,S002,P0005,Electronics,South,Winter,0,0,79,90.9,-11.9
2024-01-23,S002,P0005,Electronics,South,Winter,0,0,95,91.2,3.8
2024-01-24,S002,P0005,Electronics,South,Winter,1,0,77,122.7,-45.7
2024-01-25,S002,P0005,Electronics,South,Winter,0,0,133,109.6,23.4
2024-01-26,S002,P0005,Electronics,South,Winter,1,0,175,143.6,31.4
2024-01-27,S002,P0005,Electronics,South,Winter,1,0,132,137.7,-5.7
2024-01-28,S002,P0005,Electronics,South,Winter,0,0,101,97.9,3.1
2024-01-29,S002,P0005,Electronics,South,Winter,0,0,68,91.2,-23.2
2024-01-30,S002,P0005,Electronics,South,Winter,0,0,138,99.0,39.0
2023-09-07,S002,P0006,Clothing,South,Autumn,1,0,111,108.6,2.4
2023-09-08,S002,P0006,Clothing,South,Autumn,0,0,76,99.9,-23.9
2023-09-09,S002,P0006,Clothing,South,Autumn,1,0,133,138.7,-5.7
2023-09-10,S002,P0006,Clothing,South,Autumn,0,0,124,95.4,28.6
2023-09-11,S002,P0006,Clothing,South,Autumn,0,0,61,92.7,-31.7
2023-09-12,S002,P0006,Clothing,South,Autumn,0,0,107,95.5,11.5
2023-09-13,S002,P0006,Clothing,South,Autumn,0,0,111,84.2,26.8
2023-09-14,S002,P0006,Clothing,South,Autumn,0,0,115,85.0,30.0
2023-09-15,S002,P0006,Clothing,South,Autumn,0,0,85,82.5,2.5
2023-09-16,S002,P0006,Clothing,South,Autumn,0,0,85,83.8,1.2
2023-09-17,S002,P0006,Clothing,South,Autumn,0,0,66,92.3,-26.3
2023-09-18,S002,P0006,Clothing,South,Autumn,0,0,60,87.9,-27.9
2023-09-19,S002,P0006,Clothing,South,Autumn,0,0,120,99.6,20.3
2023-09-20,S002,P0006,Clothing,South,Autumn,0,0,95,84.2,10.8
2023-09-21,S002,P0006,Clothing,South,Autumn,0,0,108,97.2,10.8
2023-09-22,S002,P0006,Clothing,South,Autumn,0,0,107,81.5,25.5
2023-09-23,S002,P0006,Clothing,South,Autumn,1,0,125,112.0,13.0
2023-09-24,S002,P0006,Clothing,South,Autumn,0,0,53,87.6,-34.6
2023-09-25,S002,P0006,Clothing,South,Autumn,1,0,109,116.1,-7.1
2023-09-26,S002,P0006,Clothing,South,Autumn,1,0,182,134.2,47.8
2023-09-27,S002,P0006,Clothing,South,Autumn,1,0,85,103.8,-18.8
2023-09-28,S002,P0006,Clothing,South,Autumn,1,0,122,114.3,7.7
2023-09-29,S002,P0006,Clothing,South,Autumn,0,0,86,93.4,-7.4
2023-09-30,S002,P0006,Clothing,South,Autumn,0,0,50,89.9,-39.9
2023-10-01,S002,P0006,Clothing,South,Autumn,0,0,20,85.9,-65.9
2023-10-02,S002,P0006,Clothing,South,Autumn,0,0,65,90.1,-25.1
2023-10-03,S002,P0006,Clothing,South,Autumn,0,0,98,81.0,17.0
2023-10-04,S002,P0006,Clothing,South,Autumn,1,0,129,108.2,20.8
2023-10-05,S002,P0006,Clothing,South,Autumn,0,0,15,99.3,-84.3
2023-10-06,S002,P0006,Clothing,South,Autumn,0,0,58,77.3,-19.3
2023-10-07,S002,P0006,Clothing,South,Autumn,0,1,70,82.9,-12.9
2023-10-08,S002,P0006,Clothing,South,Autumn,0,1,84,93.8,-9.8
2023-10-09,S002,P0006,Clothing,South,Autumn,0,1,125,89.1,35.9
2023-10-10,S002,P0006,Clothing,South,Autumn,1,1,114,103.4,10.6
2023-10-11,S002,P0006,Clothing,South,Autumn,1,1,119,111.0,8.0
2023-10-12,S002,P0006,Clothing,South,Autumn,0,1,152,89.4,62.6
2023-10-13,S002,P0006,Clothing,South,Autumn,0,1,63,76.1,-13.1
2023-10-14,S002,P0006,Clothing,South,Autumn,1,1,118,104.1,13.9
2023-10-15,S002,P0006,Clothing,South,Autumn,0,1,117,92.5,24.5
2023-10-16,S002,P0006,Clothing,South,Autumn,1,1,147,123.1,23.9
2023-10-17,S002,P0006,Clothing,South,Autumn,0,1,114,87.4,26.6
2023-10-18,S002,P0006,Clothing,South,Autumn,1,1,96,113.2,-17.2
2023-10-19,S002,P0006,Clothing,South,Autumn,1,1,70,101.8,-31.8
2023-10-20,S002,P0006,Clothing,South,Autumn,0,1,62,79.0,-17.0
2023-10-21,S002,P0006,Clothing,South,Autumn,0,1,111,91.6,19.4
2023-10-22,S002,P0006,Clothing,South,Autumn,1,1,77,113.8,-36.8
2023-10-23,S002,P0006,Clothing,South,Autumn,1,1,72,112.4,-40.4
2023-10-24,S002,P0006,Clothing,South,Autumn,0,1,114,104.6,9.3
2023-10-25,S002,P0006,Clothing,South,Autumn,1,0,142,112.4,29.6
2023-10-26,S002,P0006,Clothing,South,Autumn,0,0,93,92.2,0.8
2023-10-27,S002,P0006,Clothing,South,Autumn,0,0,127,95.9,31.1
2023-10-28,S002,P0006,Clothing,South,Autumn,0,0,142,118.4,23.6
2023-10-29,S002,P0006,Clothing,South,Autumn,0,0,45,92.9,-47.9
2023-10-30,S002,P0006,Clothing,South,Autumn,0,0,78,93.7,-15.7
2023-10-31,S002,P0006,Clothing,South,Autumn,0,0,108,84.9,23.1
2023-11-01,S002,P0006,Clothing,South,Autumn,0,0,145,95.7,49.3
2023-11-02,S002,P0006,Clothing,South,Autumn,0,0,163,117.1,45.9
2023-11-03,S002,P0006,Clothing,South,Autumn,0,0,99,94.4,4.6
2023-11-04,S002,P0006,Clothing,South,Autumn,0,0,60,90.1,-30.1
2023-11-05,S002,P0006,Clothing,South,Autumn,0,0,141,93.0,48.0
2023-11-06,S002,P0006,Clothing,South,Autumn,0,0,87,90.6,-3.6
2023-11-07,S002,P0006,Clothing,South,Autumn,0,0,137,106.5,30.5
2023-11-08,S002,P0006,Clothing,South,Autumn,0,0,80,90.9,-10.9
2023-11-09,S002,P0006,Clothing,South,Autumn,1,0,98,105.3,-7.3
2023-11-10,S002,P0006,Clothing,South,Autumn,1,0,105,105.5,-0.5
2023-11-11,S002,P0006,Clothing,South,Autumn,0,0,127,90.5,36.5
2023-11-12,S002,P0006,Clothing,South,Autumn,1,0,194,146.0,48.0
2023-11-13,S002,P0006,Clothing,South,Autumn,1,0,176,139.3,36.7
2023-11-14,S002,P0006,Clothing,South,Autumn,0,0,56,86.1,-30.1
2023-11-15,S002,P0006,Clothing,South,Autumn,1,0,70,98.9,-28.9
2023-11-16,S002,P0006,Clothing,South,Autumn,0,0,91,90.7,0.3
2023-11-17,S002,P0006,Clothing,South,Autumn,1,0,85,109.3,-24.3
2023-11-18,S002,P0006,Clothing,South,Autumn,1,0,88,113.0,-25.0
2023-11-19,S002,P0006,Clothing,South,Autumn,0,0,100,93.9,6.1
2023-11-20,S002,P0006,Clothing,South,Autumn,0,0,164,96.3,67.7
2023-11-21,S002,P0006,Clothing,South,Autumn,0,0,84,88.6,-4.6
2023-11-22,S002,P0006,Clothing,South,Autumn,1,0,143,120.6,22.4
2023-11-23,S002,P0006,Clothing,South,Autumn,0,0,65,93.0,-28.0
2023-11-24,S002,P0006,Clothing,South,Autumn,0,0,74,89.7,-15.7
2023-11-25,S002,P0006,Clothing,South,Autumn,0,0,133,92.8,40.2
2023-11-26,S002,P0006,Clothing,South,Autumn,0,0,42,90.6,-48.7
2023-11-27,S002,P0006,Clothing,South,Autumn,1,0,140,119.2,20.8
2023-11-28,S002,P0006,Clothing,South,Autumn,1,0,77,97.6,-20.6
2023-11-29,S002,P0006,Clothing,South,Autumn,0,0,69,82.0,-13.0
2023-11-30,S002,P0006,Clothing,South,Autumn,0,0,73,79.6,-6.6
2023-12-01,S002,P0006,Clothing,South,Winter,0,0,124,94.9,29.1
2023-12-02,S002,P0006,Clothing,South,Winter,0,0,161,96.0,65.0
2023-12-03,S002,P0006,Clothing,South,Winter,1,0,137,119.3,17.7
2023-12-04,S002,P0006,Clothing,South,Winter,0,0,80,93.0,-13.0
2023-12-05,S002,P0006,Clothing,South,Winter,0,0,158,116.9,41.1
2023-12-06,S002,P0006,Clothing,South,Winter,1,0,86,111.5,-25.5
2023-12-07,S002,P0006,Clothing,South,Winter,1,0,161,140.2,20.8
2023-12-08,S002,P0006,Clothing,South,Winter,1,0,176,130.4,45.6
2023-12-09,S002,P0006,Clothing,South,Winter,1,0,146,139.6,6.4
2023-12-10,S002,P0006,Clothing,South,Winter,0,0,115,109.2,5.8
2023-12-11,S002,P0006,Clothing,South,Winter,0,0,125,106.3,18.7
2023-12-12,S002,P0006,Clothing,South,Winter,1,0,100,132.7,-32.7
2023-12-13,S002,P0006,Clothing,South,Winter,0,0,140,123.4,16.6
2023-12-14,S002,P0006,Clothing,South,Winter,0,0,203,129.8,73.2
2023-12-15,S002,P0006,Clothing,South,Winter,1,0,255,174.6,80.4
2023-12-16,S002,P0006,Clothing,South,Winter,0,0,36,81.6,-45.6
2023-12-17,S002,P0006,Clothing,South,Winter,1,0,148,131.6,16.4
2023-12-18,S002,P0006,Clothing,South,Winter,1,0,214,177.1,36.9
2023-12-19,S002,P0006,Clothing,South,Winter,0,0,121,114.9,6.1
2023-12-20,S002,P0006,Clothing,South,Winter,0,0,107,109.3,-2.3
2023-12-21,S002,P0006,Clothing,South,Winter,1,0,106,140.0,-34.0
2023-12-22,S002,P0006,Clothing,South,Winter,0,0,40,83.8,-43.8
2023-12-23,S002,P0006,Clothing,South,Winter,0,0,94,102.8,-8.8
2023-12-24,S002,P0006,Clothing,South,Winter,0,0,90,101.0,-11.0
2023-12-25,S002,P0006,Clothing,South,Winter,0,0,142,104.1,37.9
2023-12-26,S002,P0006,Clothing,South,Winter,0,0,97,114.2,-17.2
2023-12-27,S002,P0006,Clothing,South,Winter,0,1,139,118.6,20.4
2023-12-28,S002,P0006,Clothing,South,Winter,0,1,81,89.6,-8.6
2023-12-29,S002,P0006,Clothing,South,Winter,0,1,76,91.4,-15.4
2023-12-30,S002,P0006,Clothing,South,Winter,0,1,157,105.9,51.1
2023-12-31,S002,P0006,Clothing,South,Winter,0,1,121,125.5,-4.5
2024-01-01,S002,P0006,Clothing,South,Winter,0,1,83,93.7,-10.7
2024-01-02,S002,P0006,Clothing,South,Winter,1,1,201,147.4,53.6
2024-01-03,S002,P0006,Clothing,South,Winter,1,1,128,128.1,-0.1
2024-01-04,S002,P0006,Clothing,South,Winter,1,1,205,149.1,55.9
2024-01-05,S002,P0006,Clothing,South,Winter,0,1,136,122.4,13.6
2024-01-06,S002,P0006,Clothing,South,Winter,0,1,102,91.1,10.9
2024-01-07,S002,P0006,Clothing,South,Winter,0,1,103,117.7,-14.7
2024-01-08,S002,P0006,Clothing,South,Winter,1,1,195,162.6,32.4
2024-01-09,S002,P0006,Clothing,South,Winter,0,0,138,114.6,23.4
2024-01-10,S002,P0006,Clothing,South,Winter,0,0,113,111.8,1.2
2024-01-11,S002,P0006,Clothing,South,Winter,0,0,90,108.3,-18.3
2024-01-12,S002,P0006,Clothing,South,Winter,1,0,117,119.7,-2.7
2024-01-13,S002,P0006,Clothing,South,Winter,0,0,85,96.9,-11.9
2024-01-14,S002,P0006,Clothing,South,Winter,0,0,113,106.8,6.2
2024-01-15,S002,P0006,Clothing,South,Winter,0,0,103,108.7,-5.7
2024-01-16,S002,P0006,Clothing,South,Winter,0,0,91,102.2,-11.2
2024-01-17,S002,P0006,Clothing,South,Winter,0,0,21,93.6,-72.6
2024-01-18,S002,P0006,Clothing,South,Winter,0,0,72,97.6,-25.6
2024-01-19,S002,P0006,Clothing,South,Winter,0,0,87,84.6,2.4
2024-01-20,S002,P0006,Clothing,South,Winter,0,0,96,96.3,-0.3
2024-01-21,S002,P0006,Clothing,South,Winter,1,0,84,113.8,-29.8
2024-01-22,S002,P0006,Clothing,South,Winter,0,0,88,84.3,3.7
2024-01-23,S002,P0006,Clothing,South,Winter,1,0,80,109.4,-29.4
2024-01-24,S002,P0006,Clothing,South,Winter,1,0,165,131.3,33.7
2024-01-25,S002,P0006,Clothing,South,Winter,1,0,226,137.9,88.1
2024-01-26,S002,P0006,Clothing,South,Winter,0,0,121,106.5,14.5
2024-01-27,S002,P0006,Clothing,South,Winter,0,0,167,128.7,38.3
2024-01-28,S002,P0006,Clothing,South,Winter,1,0,167,148.7,18.3
2024-01-29,S002,P0006,Clothing,South,Winter,0,0,100,104.3,-4.3
2024-01-30,S002,P0006,Clothing,South,Winter,0,0,118,106.6,11.4
2023-09-07,S002,P0007,Toys,South,Autumn,1,0,99,107.5,-8.5
2023-09-08,S002,P0007,Toys,South,Autumn,1,0,116,133.9,-17.9
2023-09-09,S002,P0007,Toys,South,Autumn,1,0,104,132.4,-28.4
2023-09-10,S002,P0007,Toys,South,Autumn,0,0,83,92.8,-9.8
2023-09-11,S002,P0007,Toys,South,Autumn,0,0,106,93.5,12.5
2023-09-12,S002,P0007,Toys,South,Autumn,0,0,116,95.0,21.0
2023-09-13,S002,P0007,Toys,South,Autumn,0,0,66,86.6,-20.6
2023-09-14,S002,P0007,Toys,South,Autumn,1,0,154,114.1,39.9
2023-09-15,S002,P0007,Toys,South,Autumn,1,0,104,114.1,-10.1
2023-09-16,S002,P0007,Toys,South,Autumn,0,0,49,86.3,-37.3
2023-09-17,S002,P0007,Toys,South,Autumn,0,0,92,93.2,-1.2
2023-09-18,S002,P0007,Toys,South,Autumn,1,0,94,121.8,-27.8
2023-09-19,S002,P0007,Toys,South,Autumn,1,0,200,159.2,40.8
2023-09-20,S002,P0007,Toys,South,Autumn,0,0,46,86.4,-40.4
2023-09-21,S002,P0007,Toys,South,Autumn,0,0,79,101.4,-22.4
2023-09-22,S002,P0007,Toys,South,Autumn,0,0,86,87.0,-1.0
2023-09-23,S002,P0007,Toys,South,Autumn,1,0,68,114.6,-46.6
2023-09-24,S002,P0007,Toys,South,Autumn,0,0,74,102.4,-28.4
2023-09-25,S002,P0007,Toys,South,Autumn,0,0,118,98.7,19.3
2023-09-26,S002,P0007,Toys,South,Autumn,0,0,128,95.1,32.9
2023-09-27,S002,P0007,Toys,South,Autumn,0,0,53,87.9,-34.9
2023-09-28,S002,P0007,Toys,South,Autumn,1,0,78,106.3,-28.3
2023-09-29,S002,P0007,Toys,South,Autumn,0,0,57,88.5,-31.5
2023-09-30,S002,P0007,Toys,South,Autumn,0,0,103,88.3,14.7
2023-10-01,S002,P0007,Toys,South,Autumn,1,0,55,108.8,-53.8
2023-10-02,S002,P0007,Toys,South,Autumn,1,0,108,122.0,-14.0
2023-10-03,S002,P0007,Toys,South,Autumn,0,0,86,86.7,-0.7
2023-10-04,S002,P0007,Toys,South,Autumn,0,0,79,87.0,-8.0
2023-10-05,S002,P0007,Toys,South,Autumn,0,0,138,96.7,41.3
2023-10-06,S002,P0007,Toys,South,Autumn,1,0,64,106.9,-42.9
2023-10-07,S002,P0007,Toys,South,Autumn,1,1,46,29.4,16.6
2023-10-08,S002,P0007,Toys,South,Autumn,0,1,30,25.7,4.3
2023-10-09,S002,P0007,Toys,South,Autumn,0,1,13,26.0,-13.0
2023-10-10,S002,P0007,Toys,South,Autumn,1,1,38,35.3,2.7
2023-10-11,S002,P0007,Toys,South,Autumn,1,1,37,31.3,5.7
2023-10-12,S002,P0007,Toys,South,Autumn,0,1,17,28.3,-11.3
2023-10-13,S002,P0007,Toys,South,Autumn,0,1,15,23.9,-8.9
2023-10-14,S002,P0007,Toys,South,Autumn,1,1,26,33.0,-7.0
2023-10-15,S002,P0007,Toys,South,Autumn,0,1,47,30.2,16.8
2023-10-16,S002,P0007,Toys,South,Autumn,0,1,13,29.1,-16.1
2023-10-17,S002,P0007,Toys,South,Autumn,0,1,41,30.2,10.8
2023-10-18,S002,P0007,Toys,South,Autumn,1,1,77,44.8,32.2
2023-10-19,S002,P0007,Toys,South,Autumn,0,1,7,26.2,-19.2
2023-10-20,S002,P0007,Toys,South,Autumn,0,1,12,26.2,-14.2
2023-10-21,S002,P0007,Toys,South,Autumn,1,1,43,33.5,9.5
2023-10-22,S002,P0007,Toys,South,Autumn,0,1,39,31.4,7.6
2023-10-23,S002,P0007,Toys,South,Autumn,0,1,31,27.6,3.4
2023-10-24,S002,P0007,Toys,South,Autumn,0,1,30,26.5,3.5
2023-10-25,S002,P0007,Toys,South,Autumn,1,0,101,124.9,-23.9
2023-10-26,S002,P0007,Toys,South,Autumn,0,0,125,104.9,20.1
2023-10-27,S002,P0007,Toys,South,Autumn,0,0,52,93.5,-41.5
2023-10-28,S002,P0007,Toys,South,Autumn,0,0,130,105.2,24.8
2023-10-29,S002,P0007,Toys,South,Autumn,0,0,59,92.0,-33.0
2023-10-30,S002,P0007,Toys,South,Autumn,0,0,121,86.6,34.4
2023-10-31,S002,P0007,Toys,South,Autumn,0,0,76,86.5,-10.5
2023-11-01,S002,P0007,Toys,South,Autumn,0,0,44,96.9,-52.9
2023-11-02,S002,P0007,Toys,South,Autumn,0,0,109,100.4,8.6
2023-11-03,S002,P0007,Toys,South,Autumn,0,0,87,89.4,-2.4
2023-11-04,S002,P0007,Toys,South,Autumn,0,0,162,97.7,64.3
2023-11-05,S002,P0007,Toys,South,Autumn,1,0,105,112.2,-7.2
2023-11-06,S002,P0007,Toys,South,Autumn,0,0,57,89.6,-32.6
2023-11-07,S002,P0007,Toys,South,Autumn,1,0,225,130.4,94.6
2023-11-08,S002,P0007,Toys,South,Autumn,0,0,76,103.1,-27.1
2023-11-09,S002,P0007,Toys,South,Autumn,0,0,158,93.4,64.6
2023-11-10,S002,P0007,Toys,South,Autumn,0,0,89,101.7,-12.7
2023-11-11,S002,P0007,Toys,South,Autumn,0,0,75,95.9,-20.9
2023-11-12,S002,P0007,Toys,South,Autumn,0,0,132,106.2,25.8
2023-11-13,S002,P0007,Toys,South,Autumn,1,0,155,131.3,23.7
2023-11-14,S002,P0007,Toys,South,Autumn,0,0,113,106.2,6.8
2023-11-15,S002,P0007,Toys,South,Autumn,0,0,93,87.5,5.5
2023-11-16,S002,P0007,Toys,South,Autumn,1,0,83,118.1,-35.1
2023-11-17,S002,P0007,Toys,South,Autumn,1,0,89,116.8,-27.8
2023-11-18,S002,P0007,Toys,South,Autumn,1,0,167,144.0,23.0
2023-11-19,S002,P0007,Toys,South,Autumn,0,0,90,95.3,-5.3
2023-11-20,S002,P0007,Toys,South,Autumn,0,0,118,95.6,22.4
2023-11-21,S002,P0007,Toys,South,Autumn,1,0,107,116.4,-9.4
2023-11-22,S002,P0007,Toys,South,Autumn,1,0,74,113.6,-39.7
2023-11-23,S002,P0007,Toys,South,Autumn,1,0,136,122.6,13.4
2023-11-24,S002,P0007,Toys,South,Autumn,0,0,118,90.3,27.7
2023-11-25,S002,P0007,Toys,South,Autumn,0,0,124,90.6,33.4
2023-11-26,S002,P0007,Toys,South,Autumn,1,0,125,120.1,4.9
2023-11-27,S002,P0007,Toys,South,Autumn,0,0,128,102.3,25.7
2023-11-28,S002,P0007,Toys,South,Autumn,0,0,74,88.1,-14.1
2023-11-29,S002,P0007,Toys,South,Autumn,0,0,88,87.4,0.6
2023-11-30,S002,P0007,Toys,South,Autumn,0,0,71,88.1,-17.1
2023-12-01,S002,P0007,Toys,South,Winter,0,0,50,93.8,-43.8
2023-12-02,S002,P0007,Toys,South,Winter,1,0,149,121.7,27.3
2023-12-03,S002,P0007,Toys,South,Winter,0,0,58,88.9,-30.9
2023-12-04,S002,P0007,Toys,South,Winter,0,0,151,102.8,48.2
2023-12-05,S002,P0007,Toys,South,Winter,0,0,44,95.2,-51.2
2023-12-06,S002,P0007,Toys,South,Winter,1,0,135,126.8,8.2
2023-12-07,S002,P0007,Toys,South,Winter,1,0,112,139.4,-27.4
2023-12-08,S002,P0007,Toys,South,Winter,0,0,105,90.0,15.0
2023-12-09,S002,P0007,Toys,South,Winter,0,0,53,103.7,-50.7
2023-12-10,S002,P0007,Toys,South,Winter,1,0,132,119.8,12.2
2023-12-11,S002,P0007,Toys,South,Winter,1,0,131,116.7,14.3
2023-12-12,S002,P0007,Toys,South,Winter,0,0,59,90.0,-31.0
2023-12-13,S002,P0007,Toys,South,Winter,0,0,113,102.6,10.4
2023-12-14,S002,P0007,Toys,South,Winter,0,0,38,102.0,-64.0
2023-12-15,S002,P0007,Toys,South,Winter,1,0,105,132.8,-27.8
2023-12-16,S002,P0007,Toys,South,Winter,1,0,105,105.6,-0.7
2023-12-17,S002,P0007,Toys,South,Winter,0,0,100,89.7,10.3
2023-12-18,S002,P0007,Toys,South,Winter,0,0,173,100.8,72.2
2023-12-19,S002,P0007,Toys,South,Winter,1,0,75,121.8,-46.8
2023-12-20,S002,P0007,Toys,South,Winter,0,0,57,88.3,-31.3
2023-12-21,S002,P0007,Toys,South,Winter,0,0,63,93.5,-30.5
2023-12-22,S002,P0007,Toys,South,Winter,0,0,42,93.0,-51.0
2023-12-23,S002,P0007,Toys,South,Winter,1,0,133,122.1,10.9
2023-12-24,S002,P0007,Toys,South,Winter,1,0,126,118.1,7.9
2023-12-25,S002,P0007,Toys,South,Winter,0,0,92,88.6,3.4
2023-12-26,S002,P0007,Toys,South,Winter,0,0,76,95.5,-19.5
2023-12-27,S002,P0007,Toys,South,Winter,0,1,20,29.3,-9.3
2023-12-28,S002,P0007,Toys,South,Winter,0,1,19,25.8,-6.8
2023-12-29,S002,P0007,Toys,South,Winter,0,1,16,29.8,-13.8
2023-12-30,S002,P0007,Toys,South,Winter,0,1,9,26.7,-17.7
2023-12-31,S002,P0007,Toys,South,Winter,0,1,30,27.2,2.8
2024-01-01,S002,P0007,Toys,South,Winter,1,1,36,37.6,-1.6
2024-01-02,S002,P0007,Toys,South,Winter,0,1,32,29.3,2.7
2024-01-03,S002,P0007,Toys,South,Winter,1,1,61,39.0,22.0
2024-01-04,S002,P0007,Toys,South,Winter,1,1,62,41.5,20.5
2024-01-05,S002,P0007,Toys,South,Winter,0,1,9,29.2,-20.2
2024-01-06,S002,P0007,Toys,South,Winter,0,1,67,39.1,27.9
2024-01-07,S002,P0007,Toys,South,Winter,0,1,49,34.0,15.0
2024-01-08,S002,P0007,Toys,South,Winter,0,1,30,28.7,1.3
2024-01-09,S002,P0007,Toys,South,Winter,0,0,67,103.1,-36.1
2024-01-10,S002,P0007,Toys,South,Winter,1,0,137,125.6,11.4
2024-01-11,S002,P0007,Toys,South,Winter,0,0,50,93.1,-43.1
2024-01-12,S002,P0007,Toys,South,Winter,0,0,43,99.4,-56.4
2024-01-13,S002,P0007,Toys,South,Winter,1,0,56,114.8,-58.8
2024-01-14,S002,P0007,Toys,South,Winter,0,0,120,94.0,26.0
2024-01-15,S002,P0007,Toys,South,Winter,0,0,115,88.2,26.8
2024-01-16,S002,P0007,Toys,South,Winter,1,0,134,119.0,15.0
2024-01-17,S002,P0007,Toys,South,Winter,1,0,99,120.4,-21.5
2024-01-18,S002,P0007,Toys,South,Winter,0,0,49,97.8,-48.8
2024-01-19,S002,P0007,Toys,South,Winter,0,0,61,90.0,-29.0
2024-01-20,S002,P0007,Toys,South,Winter,1,0,101,128.8,-27.8
2024-01-21,S002,P0007,Toys,South,Winter,0,0,47,90.9,-43.9
2024-01-22,S002,P0007,Toys,South,Winter,0,0,68,91.4,-23.4
2024-01-23,S002,P0007,Toys,South,Winter,0,0,104,91.5,12.5
2024-01-24,S002,P0007,Toys,South,Winter,0,0,99,102.0,-3.0
2024-01-25,S002,P0007,Toys,South,Winter,1,0,155,146.3,8.7
2024-01-26,S002,P0007,Toys,South,Winter,0,0,75,107.6,-32.6
2024-01-27,S002,P0007,Toys,South,Winter,1,0,174,136.0,38.0
2024-01-28,S002,P0007,Toys,South,Winter,0,0,60,93.5,-33.5
2024-01-29,S002,P0007,Toys,South,Winter,0,0,129,91.4,37.6
2024-01-30,S002,P0007,Toys,South,Winter,0,0,109,89.9,19.1
2023-09-07,S002,P0008,Groceries,South,Autumn,1,0,152,139.8,12.2
2023-09-08,S002,P0008,Groceries,South,Autumn,1,0,236,163.1,72.9
2023-09-09,S002,P0008,Groceries,South,Autumn,0,0,114,132.2,-18.2
2023-09-10,S002,P0008,Groceries,South,Autumn,1,0,79,126.9,-47.9
2023-09-11,S002,P0008,Groceries,South,Autumn,0,0,119,111.2,7.8
2023-09-12,S002,P0008,Groceries,South,Autumn,1,0,155,143.4,11.6
2023-09-13,S002,P0008,Groceries,South,Autumn,0,0,112,107.5,4.5
2023-09-14,S002,P0008,Groceries,South,Autumn,0,0,118,108.9,9.1
2023-09-15,S002,P0008,Groceries,South,Autumn,0,0,99,106.6,-7.6
2023-09-16,S002,P0008,Groceries,South,Autumn,0,0,91,101.7,-10.7
2023-09-17,S002,P0008,Groceries,South,Autumn,0,0,156,119.2,36.8
2023-09-18,S002,P0008,Groceries,South,Autumn,0,0,124,117.4,6.7
2023-09-19,S002,P0008,Groceries,South,Autumn,1,0,187,169.4,17.6
2023-09-20,S002,P0008,Groceries,South,Autumn,0,0,77,103.7,-26.7
2023-09-21,S002,P0008,Groceries,South,Autumn,1,0,173,162.1,10.9
2023-09-22,S002,P0008,Groceries,South,Autumn,1,0,122,129.4,-7.4
2023-09-23,S002,P0008,Groceries,South,Autumn,0,0,108,108.4,-0.4
2023-09-24,S002,P0008,Groceries,South,Autumn,0,0,124,124.7,-0.7
2023-09-25,S002,P0008,Groceries,South,Autumn,1,0,220,168.0,52.0
2023-09-26,S002,P0008,Groceries,South,Autumn,0,0,133,109.6,23.3
2023-09-27,S002,P0008,Groceries,South,Autumn,1,0,147,140.0,7.0
2023-09-28,S002,P0008,Groceries,South,Autumn,0,0,99,108.0,-9.0
2023-09-29,S002,P0008,Groceries,South,Autumn,0,0,162,106.7,55.3
2023-09-30,S002,P0008,Groceries,South,Autumn,0,0,107,104.1,2.9
2023-10-01,S002,P0008,Groceries,South,Autumn,1,0,165,133.8,31.2
2023-10-02,S002,P0008,Groceries,South,Autumn,1,0,161,173.6,-12.6
2023-10-03,S002,P0008,Groceries,South,Autumn,0,0,74,94.1,-20.1
2023-10-04,S002,P0008,Groceries,South,Autumn,1,0,106,129.8,-23.8
2023-10-05,S002,P0008,Groceries,South,Autumn,0,0,97,126.8,-29.8
2023-10-06,S002,P0008,Groceries,South,Autumn,0,0,154,113.6,40.4
2023-10-07,S002,P0008,Groceries,South,Autumn,0,1,65,77.1,-12.1
2023-10-08,S002,P0008,Groceries,South,Autumn,1,1,172,118.4,53.6
2023-10-09,S002,P0008,Groceries,South,Autumn,0,1,119,81.7,37.3
2023-10-10,S002,P0008,Groceries,South,Autumn,0,1,59,74.8,-15.8
2023-10-11,S002,P0008,Groceries,South,Autumn,0,1,75,79.2,-4.2
2023-10-12,S002,P0008,Groceries,South,Autumn,1,1,122,105.5,16.5
2023-10-13,S002,P0008,Groceries,South,Autumn,0,1,75,79.1,-4.1
2023-10-14,S002,P0008,Groceries,South,Autumn,0,1,97,77.8,19.2
2023-10-15,S002,P0008,Groceries,South,Autumn,0,1,99,81.5,17.5
2023-10-16,S002,P0008,Groceries,South,Autumn,0,1,63,84.7,-21.7
2023-10-17,S002,P0008,Groceries,South,Autumn,0,1,108,83.7,24.3
2023-10-18,S002,P0008,Groceries,South,Autumn,1,1,117,98.2,18.8
2023-10-19,S002,P0008,Groceries,South,Autumn,1,1,93,103.9,-10.9
2023-10-20,S002,P0008,Groceries,South,Autumn,0,1,59,81.7,-22.7
2023-10-21,S002,P0008,Groceries,South,Autumn,1,1,125,100.5,24.5
2023-10-22,S002,P0008,Groceries,South,Autumn,0,1,94,97.5,-3.5
2023-10-23,S002,P0008,Groceries,South,Autumn,1,1,148,110.2,37.8
2023-10-24,S002,P0008,Groceries,South,Autumn,0,1,66,89.2,-23.2
2023-10-25,S002,P0008,Groceries,South,Autumn,0,0,117,116.0,1.0
2023-10-26,S002,P0008,Groceries,South,Autumn,0,0,31,99.9,-68.9
2023-10-27,S002,P0008,Groceries,South,Autumn,1,0,122,128.5,-6.5
2023-10-28,S002,P0008,Groceries,South,Autumn,0,0,118,120.4,-2.4
2023-10-29,S002,P0008,Groceries,South,Autumn,0,0,85,109.2,-24.2
2023-10-30,S002,P0008,Groceries,South,Autumn,0,0,133,116.3,16.7
2023-10-31,S002,P0008,Groceries,South,Autumn,0,0,101,104.6,-3.6
2023-11-01,S002,P0008,Groceries,South,Autumn,0,0,93,106.0,-13.0
2023-11-02,S002,P0008,Groceries,South,Autumn,0,0,81,118.3,-37.3
2023-11-03,S002,P0008,Groceries,South,Autumn,1,0,154,145.8,8.2
2023-11-04,S002,P0008,Groceries,South,Autumn,0,0,69,104.5,-35.5
2023-11-05,S002,P0008,Groceries,South,Autumn,1,0,156,141.1,14.9
2023-11-06,S002,P0008,Groceries,South,Autumn,0,0,129,110.8,18.2
2023-11-07,S002,P0008,Groceries,South,Autumn,0,0,103,123.5,-20.5
2023-11-08,S002,P0008,Groceries,South,Autumn,0,0,79,104.3,-25.3
2023-11-09,S002,P0008,Groceries,South,Autumn,1,0,144,142.4,1.6
2023-11-10,S002,P0008,Groceries,South,Autumn,1,0,131,140.2,-9.2
2023-11-11,S002,P0008,Groceries,South,Autumn,0,0,75,100.4,-25.4
2023-11-12,S002,P0008,Groceries,South,Autumn,1,0,157,157.3,-0.3
2023-11-13,S002,P0008,Groceries,South,Autumn,1,0,149,157.0,-7.9
2023-11-14,S002,P0008,Groceries,South,Autumn,0,0,33,96.9,-63.9
2023-11-15,S002,P0008,Groceries,South,Autumn,0,0,98,105.3,-7.3
2023-11-16,S002,P0008,Groceries,South,Autumn,0,0,146,112.6,33.4
2023-11-17,S002,P0008,Groceries,South,Autumn,1,0,118,134.6,-16.6
2023-11-18,S002,P0008,Groceries,South,Autumn,1,0,154,162.3,-8.3
2023-11-19,S002,P0008,Groceries,South,Autumn,0,0,86,108.0,-22.0
2023-11-20,S002,P0008,Groceries,South,Autumn,1,0,26,134.4,-108.4
2023-11-21,S002,P0008,Groceries,South,Autumn,0,0,50,95.3,-45.3
2023-11-22,S002,P0008,Groceries,South,Autumn,0,0,65,96.6,-31.6
2023-11-23,S002,P0008,Groceries,South,Autumn,0,0,118,112.3,5.7
2023-11-24,S002,P0008,Groceries,South,Autumn,1,0,85,110.8,-25.8
2023-11-25,S002,P0008,Groceries,South,Autumn,0,0,142,99.5,42.5
2023-11-26,S002,P0008,Groceries,South,Autumn,0,0,150,94.8,55.2
2023-11-27,S002,P0008,Groceries,South,Autumn,0,0,198,111.4,86.6
2023-11-28,S002,P0008,Groceries,South,Autumn,0,0,112,112.1,-0.1
2023-11-29,S002,P0008,Groceries,South,Autumn,0,0,113,113.4,-0.4
2023-11-30,S002,P0008,Groceries,South,Autumn,0,0,163,106.2,56.8
2023-12-01,S002,P0008,Groceries,South,Winter,0,0,85,105.6,-20.5
2023-12-02,S002,P0008,Groceries,South,Winter,0,0,127,110.4,16.6
2023-12-03,S002,P0008,Groceries,South,Winter,0,0,119,104.8,14.2
2023-12-04,S002,P0008,Groceries,South,Winter,1,0,97,154.9,-57.9
2023-12-05,S002,P0008,Groceries,South,Winter,1,0,235,159.8,75.2
2023-12-06,S002,P0008,Groceries,South,Winter,0,0,181,130.3,50.7
2023-12-07,S002,P0008,Groceries,South,Winter,0,0,153,126.6,26.4
2023-12-08,S002,P0008,Groceries,South,Winter,0,0,95,101.7,-6.7
2023-12-09,S002,P0008,Groceries,South,Winter,0,0,76,107.4,-31.4
2023-12-10,S002,P0008,Groceries,South,Winter,0,0,106,109.9,-3.9
2023-12-11,S002,P0008,Groceries,South,Winter,0,0,71,90.7,-19.7
2023-12-12,S002,P0008,Groceries,South,Winter,1,0,64,120.0,-56.0
2023-12-13,S002,P0008,Groceries,South,Winter,0,0,159,126.1,32.9
2023-12-14,S002,P0008,Groceries,South,Winter,1,0,215,168.2,46.8
2023-12-15,S002,P0008,Groceries,South,Winter,1,0,211,166.0,45.0
2023-12-16,S002,P0008,Groceries,South,Winter,0,0,104,99.4,4.6
2023-12-17,S002,P0008,Groceries,South,Winter,1,0,105,131.5,-26.5
2023-12-18,S002,P0008,Groceries,South,Winter,0,0,119,120.2,-1.2
2023-12-19,S002,P0008,Groceries,South,Winter,0,0,73,100.6,-27.6
2023-12-20,S002,P0008,Groceries,South,Winter,1,0,68,125.0,-57.0
2023-12-21,S002,P0008,Groceries,South,Winter,0,0,126,108.9,17.1
2023-12-22,S002,P0008,Groceries,South,Winter,1,0,178,140.4,37.6
2023-12-23,S002,P0008,Groceries,South,Winter,1,0,127,142.6,-15.7
2023-12-24,S002,P0008,Groceries,South,Winter,0,0,146,117.0,29.0
2023-12-25,S002,P0008,Groceries,South,Winter,0,0,122,111.8,10.2
2023-12-26,S002,P0008,Groceries,South,Winter,1,0,223,167.0,56.0
2023-12-27,S002,P0008,Groceries,South,Winter,0,1,97,90.5,6.5
2023-12-28,S002,P0008,Groceries,South,Winter,0,1,105,84.0,21.0
2023-12-29,S002,P0008,Groceries,South,Winter,0,1,115,90.3,24.7
2023-12-30,S002,P0008,Groceries,South,Winter,0,1,76,84.9,-8.9
2023-12-31,S002,P0008,Groceries,South,Winter,0,1,47,73.8,-26.8
2024-01-01,S002,P0008,Groceries,South,Winter,0,1,52,67.1,-15.1
2024-01-02,S002,P0008,Groceries,South,Winter,0,1,58,83.3,-25.3
2024-01-03,S002,P0008,Groceries,South,Winter,1,1,81,88.9,-7.9
2024-01-04,S002,P0008,Groceries,South,Winter,1,1,64,99.4,-35.4
2024-01-05,S002,P0008,Groceries,South,Winter,1,1,114,92.7,21.3
2024-01-06,S002,P0008,Groceries,South,Winter,0,1,68,65.5,2.5
2024-01-07,S002,P0008,Groceries,South,Winter,0,1,104,89.3,14.7
2024-01-08,S002,P0008,Groceries,South,Winter,0,1,73,80.7,-7.7
2024-01-09,S002,P0008,Groceries,South,Winter,1,0,145,119.2,25.8
2024-01-10,S002,P0008,Groceries,South,Winter,0,0,73,92.6,-19.7
2024-01-11,S002,P0008,Groceries,South,Winter,1,0,189,126.9,62.1
2024-01-12,S002,P0008,Groceries,South,Winter,0,0,106,118.6,-12.7
2024-01-13,S002,P0008,Groceries,South,Winter,0,0,85,104.4,-19.4
2024-01-14,S002,P0008,Groceries,South,Winter,0,0,142,123.5,18.5
2024-01-15,S002,P0008,Groceries,South,Winter,0,0,72,107.1,-35.1
2024-01-16,S002,P0008,Groceries,South,Winter,1,0,110,134.3,-24.3
2024-01-17,S002,P0008,Groceries,South,Winter,1,0,92,136.3,-44.3
2024-01-18,S002,P0008,Groceries,South,Winter,0,0,127,119.8,7.2
2024-01-19,S002,P0008,Groceries,South,Winter,0,0,105,103.2,1.8
2024-01-20,S002,P0008,Groceries,South,Winter,0,0,118,115.2,2.8
2024-01-21,S002,P0008,Groceries,South,Winter,0,0,132,116.1,15.9
2024-01-22,S002,P0008,Groceries,South,Winter,0,0,66,99.0,-33.0
2024-01-23,S002,P0008,Groceries,South,Winter,1,0,157,138.8,18.2
2024-01-24,S002,P0008,Groceries,South,Winter,1,0,130,145.4,-15.4
2024-01-25,S002,P0008,Groceries,South,Winter,0,0,120,121.5,-1.5
2024-01-26,S002,P0008,Groceries,South,Winter,0,0,104,115.4,-11.3
2024-01-27,S002,P0008,Groceries,South,Winter,1,0,173,149.7,23.3
2024-01-28,S002,P0008,Groceries,South,Winter,0,0,124,113.9,10.1
2024-01-29,S002,P0008,Groceries,South,Winter,0,0,111,103.9,7.1
2024-01-30,S002,P0008,Groceries,South,Winter,0,0,96,102.1,-6.1
2023-09-07,S002,P0009,Groceries,South,Autumn,0,0,148,112.4,35.6
2023-09-08,S002,P0009,Groceries,South,Autumn,0,0,83,114.7,-31.7
2023-09-09,S002,P0009,Groceries,South,Autumn,1,0,191,162.2,28.8
2023-09-10,S002,P0009,Groceries,South,Autumn,0,0,112,111.0,1.0
2023-09-11,S002,P0009,Groceries,South,Autumn,1,0,172,147.0,24.9
2023-09-12,S002,P0009,Groceries,South,Autumn,1,0,154,141.3,12.7
2023-09-13,S002,P0009,Groceries,South,Autumn,1,0,209,133.8,75.2
2023-09-14,S002,P0009,Groceries,South,Autumn,0,0,101,105.3,-4.3
2023-09-15,S002,P0009,Groceries,South,Autumn,1,0,133,134.0,-1.0
2023-09-16,S002,P0009,Groceries,South,Autumn,0,0,122,111.9,10.1
2023-09-17,S002,P0009,Groceries,South,Autumn,1,0,166,145.1,20.9
2023-09-18,S002,P0009,Groceries,South,Autumn,1,0,110,137.9,-27.9
2023-09-19,S002,P0009,Groceries,South,Autumn,0,0,108,125.5,-17.5
2023-09-20,S002,P0009,Groceries,South,Autumn,0,0,87,94.9,-7.9
2023-09-21,S002,P0009,Groceries,South,Autumn,0,0,70,110.9,-40.9
2023-09-22,S002,P0009,Groceries,South,Autumn,0,0,77,95.2,-18.2
2023-09-23,S002,P0009,Groceries,South,Autumn,1,0,96,132.1,-36.1
2023-09-24,S002,P0009,Groceries,South,Autumn,0,0,151,122.0,29.0
2023-09-25,S002,P0009,Groceries,South,Autumn,0,0,109,117.8,-8.8
2023-09-26,S002,P0009,Groceries,South,Autumn,0,0,117,110.1,6.9
2023-09-27,S002,P0009,Groceries,South,Autumn,0,0,59,93.7,-34.7
2023-09-28,S002,P0009,Groceries,South,Autumn,0,0,84,98.8,-14.8
2023-09-29,S002,P0009,Groceries,South,Autumn,0,0,136,112.6,23.5
2023-09-30,S002,P0009,Groceries,South,Autumn,0,0,120,106.7,13.3
2023-10-01,S002,P0009,Groceries,South,Autumn,0,0,54,89.8,-35.8
2023-10-02,S002,P0009,Groceries,South,Autumn,1,0,172,149.5,22.5
2023-10-03,S002,P0009,Groceries,South,Autumn,1,0,192,155.7,36.3
2023-10-04,S002,P0009,Groceries,South,Autumn,0,0,45,91.8,-46.8
2023-10-05,S002,P0009,Groceries,South,Autumn,0,0,112,111.3,0.7
2023-10-06,S002,P0009,Groceries,South,Autumn,0,0,67,92.0,-25.0
2023-10-07,S002,P0009,Groceries,South,Autumn,0,1,87,82.9,4.1
2023-10-08,S002,P0009,Groceries,South,Autumn,1,1,66,117.9,-51.9
2023-10-09,S002,P0009,Groceries,South,Autumn,0,1,75,79.7,-4.7
2023-10-10,S002,P0009,Groceries,South,Autumn,0,1,64,76.2,-12.2
2023-10-11,S002,P0009,Groceries,South,Autumn,0,1,73,80.4,-7.4
2023-10-12,S002,P0009,Groceries,South,Autumn,0,1,64,90.4,-26.4
2023-10-13,S002,P0009,Groceries,South,Autumn,0,1,51,82.7,-31.7
2023-10-14,S002,P0009,Groceries,South,Autumn,1,1,78,94.1,-16.1
2023-10-15,S002,P0009,Groceries,South,Autumn,0,1,77,78.0,-1.0
2023-10-16,S002,P0009,Groceries,South,Autumn,0,1,94,81.0,13.0
2023-10-17,S002,P0009,Groceries,South,Autumn,0,1,107,82.7,24.3
2023-10-18,S002,P0009,Groceries,South,Autumn,1,1,107,96.7,10.3
2023-10-19,S002,P0009,Groceries,South,Autumn,0,1,64,77.6,-13.6
2023-10-20,S002,P0009,Groceries,South,Autumn,0,1,45,77.6,-32.6
2023-10-21,S002,P0009,Groceries,South,Autumn,1,1,105,94.1,10.9
2023-10-22,S002,P0009,Groceries,South,Autumn,0,1,96,95.8,0.2
2023-10-23,S002,P0009,Groceries,South,Autumn,1,1,142,109.0,33.0
2023-10-24,S002,P0009,Groceries,South,Autumn,0,1,72,89.1,-17.1
2023-10-25,S002,P0009,Groceries,South,Autumn,0,0,76,96.0,-20.0
2023-10-26,S002,P0009,Groceries,South,Autumn,1,0,181,135.5,45.5
2023-10-27,S002,P0009,Groceries,South,Autumn,1,0,169,141.2,27.8
2023-10-28,S002,P0009,Groceries,South,Autumn,1,0,178,154.3,23.7
2023-10-29,S002,P0009,Groceries,South,Autumn,0,0,108,100.6,7.4
2023-10-30,S002,P0009,Groceries,South,Autumn,0,0,99,105.5,-6.5
2023-10-31,S002,P0009,Groceries,South,Autumn,0,0,76,95.2,-19.2
2023-11-01,S002,P0009,Groceries,South,Autumn,0,0,74,96.7,-22.7
2023-11-02,S002,P0009,Groceries,South,Autumn,1,0,177,146.8,30.2
2023-11-03,S002,P0009,Groceries,South,Autumn,1,0,162,145.8,16.2
2023-11-04,S002,P0009,Groceries,South,Autumn,1,0,144,133.3,10.7
2023-11-05,S002,P0009,Groceries,South,Autumn,0,0,107,94.6,12.4
2023-11-06,S002,P0009,Groceries,South,Autumn,0,0,74,92.1,-18.1
2023-11-07,S002,P0009,Groceries,South,Autumn,0,0,113,119.4,-6.4
2023-11-08,S002,P0009,Groceries,South,Autumn,1,0,139,131.6,7.4
2023-11-09,S002,P0009,Groceries,South,Autumn,0,0,125,108.0,17.0
2023-11-10,S002,P0009,Groceries,South,Autumn,0,0,91,95.7,-4.7
2023-11-11,S002,P0009,Groceries,South,Autumn,0,0,131,107.8,23.2
2023-11-12,S002,P0009,Groceries,South,Autumn,0,0,66,107.6,-41.6
2023-11-13,S002,P0009,Groceries,South,Autumn,1,0,136,144.6,-8.6
2023-11-14,S002,P0009,Groceries,South,Autumn,1,0,147,145.9,1.1
2023-11-15,S002,P0009,Groceries,South,Autumn,0,0,64,93.7,-29.7
2023-11-16,S002,P0009,Groceries,South,Autumn,0,0,75,93.9,-18.9
2023-11-17,S002,P0009,Groceries,South,Autumn,0,0,138,106.5,31.5
2023-11-18,S002,P0009,Groceries,South,Autumn,1,0,169,147.9,21.1
2023-11-19,S002,P0009,Groceries,South,Autumn,0,0,178,114.2,63.8
2023-11-20,S002,P0009,Groceries,South,Autumn,0,0,139,112.8,26.2
2023-11-21,S002,P0009,Groceries,South,Autumn,1,0,142,131.4,10.6
2023-11-22,S002,P0009,Groceries,South,Autumn,0,0,90,95.2,-5.2
2023-11-23,S002,P0009,Groceries,South,Autumn,0,0,107,93.8,13.2
2023-11-24,S002,P0009,Groceries,South,Autumn,0,0,129,108.4,20.6
2023-11-25,S002,P0009,Groceries,South,Autumn,1,0,206,143.7,62.3
2023-11-26,S002,P0009,Groceries,South,Autumn,0,0,61,85.7,-24.7
2023-11-27,S002,P0009,Groceries,South,Autumn,0,0,35,105.9,-70.9
2023-11-28,S002,P0009,Groceries,South,Autumn,1,0,199,141.5,57.5
2023-11-29,S002,P0009,Groceries,South,Autumn,0,0,84,98.0,-14.0
2023-11-30,S002,P0009,Groceries,South,Autumn,0,0,61,94.1,-33.1
2023-12-01,S002,P0009,Groceries,South,Winter,1,0,118,132.6,-14.6
2023-12-02,S002,P0009,Groceries,South,Winter,0,0,143,115.3,27.7
2023-12-03,S002,P0009,Groceries,South,Winter,1,0,67,127.1,-60.1
2023-12-04,S002,P0009,Groceries,South,Winter,1,0,181,156.6,24.4
2023-12-05,S002,P0009,Groceries,South,Winter,0,0,89,104.7,-15.7
2023-12-06,S002,P0009,Groceries,South,Winter,1,0,91,142.4,-51.4
2023-12-07,S002,P0009,Groceries,South,Winter,0,0,186,123.6,62.4
2023-12-08,S002,P0009,Groceries,South,Winter,0,0,166,111.0,55.0
2023-12-09,S002,P0009,Groceries,South,Winter,0,0,159,129.7,29.3
2023-12-10,S002,P0009,Groceries,South,Winter,0,0,92,94.4,-2.4
2023-12-11,S002,P0009,Groceries,South,Winter,0,0,152,110.3,41.7
2023-12-12,S002,P0009,Groceries,South,Winter,1,0,244,148.5,95.5
2023-12-13,S002,P0009,Groceries,South,Winter,1,0,182,167.9,14.1
2023-12-14,S002,P0009,Groceries,South,Winter,0,0,193,130.9,62.1
2023-12-15,S002,P0009,Groceries,South,Winter,0,0,130,124.4,5.6
2023-12-16,S002,P0009,Groceries,South,Winter,0,0,88,105.8,-17.8
2023-12-17,S002,P0009,Groceries,South,Winter,1,0,127,133.4,-6.4
2023-12-18,S002,P0009,Groceries,South,Winter,1,0,194,172.0,22.0
2023-12-19,S002,P0009,Groceries,South,Winter,0,0,83,88.8,-5.8
2023-12-20,S002,P0009,Groceries,South,Winter,0,0,124,108.6,15.4
2023-12-21,S002,P0009,Groceries,South,Winter,1,0,174,143.5,30.5
2023-12-22,S002,P0009,Groceries,South,Winter,0,0,81,94.0,-13.0
2023-12-23,S002,P0009,Groceries,South,Winter,0,0,160,112.1,47.9
2023-12-24,S002,P0009,Groceries,South,Winter,0,0,85,90.6,-5.6
2023-12-25,S002,P0009,Groceries,South,Winter,0,0,110,106.3,3.7
2023-12-26,S002,P0009,Groceries,South,Winter,1,0,249,160.8,88.2
2023-12-27,S002,P0009,Groceries,South,Winter,0,1,105,103.0,2.0
2023-12-28,S002,P0009,Groceries,South,Winter,0,1,66,74.5,-8.5
2023-12-29,S002,P0009,Groceries,South,Winter,0,1,128,94.1,33.9
2023-12-30,S002,P0009,Groceries,South,Winter,0,1,74,77.6,-3.6
2023-12-31,S002,P0009,Groceries,South,Winter,0,1,35,75.8,-40.8
2024-01-01,S002,P0009,Groceries,South,Winter,0,1,89,82.8,6.2
2024-01-02,S002,P0009,Groceries,South,Winter,1,1,116,111.8,4.2
2024-01-03,S002,P0009,Groceries,South,Winter,0,1,80,66.5,13.5
2024-01-04,S002,P0009,Groceries,South,Winter,0,1,44,75.2,-31.2
2024-01-05,S002,P0009,Groceries,South,Winter,0,1,66,69.2,-3.2
2024-01-06,S002,P0009,Groceries,South,Winter,1,1,92,87.0,5.0
2024-01-07,S002,P0009,Groceries,South,Winter,0,1,120,80.0,40.0
2024-01-08,S002,P0009,Groceries,South,Winter,0,1,91,79.8,11.2
2024-01-09,S002,P0009,Groceries,South,Winter,1,0,150,121.5,28.5
2024-01-10,S002,P0009,Groceries,South,Winter,0,0,106,90.9,15.1
2024-01-11,S002,P0009,Groceries,South,Winter,1,0,109,129.4,-20.3
2024-01-12,S002,P0009,Groceries,South,Winter,0,0,116,105.3,10.7
2024-01-13,S002,P0009,Groceries,South,Winter,0,0,138,112.7,25.3
2024-01-14,S002,P0009,Groceries,South,Winter,0,0,111,102.4,8.6
2024-01-15,S002,P0009,Groceries,South,Winter,0,0,71,104.2,-33.2
2024-01-16,S002,P0009,Groceries,South,Winter,1,0,123,130.8,-7.8
2024-01-17,S002,P0009,Groceries,South,Winter,1,0,184,145.8,38.2
2024-01-18,S002,P0009,Groceries,South,Winter,0,0,150,119.7,30.3
2024-01-19,S002,P0009,Groceries,South,Winter,0,0,80,81.0,-1.0
2024-01-20,S002,P0009,Groceries,South,Winter,1,0,139,140.8,-1.8
2024-01-21,S002,P0009,Groceries,South,Winter,1,0,157,131.9,25.1
2024-01-22,S002,P0009,Groceries,South,Winter,0,0,116,96.3,19.7
2024-01-23,S002,P0009,Groceries,South,Winter,0,0,61,80.5,-19.5
2024-01-24,S002,P0009,Groceries,South,Winter,1,0,284,156.3,127.7
2024-01-25,S002,P0009,Groceries,South,Winter,0,0,135,132.2,2.8
2024-01-26,S002,P0009,Groceries,South,Winter,0,0,135,127.6,7.5
2024-01-27,S002,P0009,Groceries,South,Winter,1,0,148,162.3,-14.3
2024-01-28,S002,P0009,Groceries,South,Winter,0,0,131,111.7,19.3
2024-01-29,S002,P0009,Groceries,South,Winter,0,0,85,93.4,-8.4
2024-01-30,S002,P0009,Groceries,South,Winter,0,0,108,94.9,13.1
2023-09-07,S002,P0010,Groceries,South,Autumn,1,0,176,174.7,1.3
2023-09-08,S002,P0010,Groceries,South,Autumn,0,0,74,112.3,-38.3
2023-09-09,S002,P0010,Groceries,South,Autumn,0,0,113,126.9,-13.9
2023-09-10,S002,P0010,Groceries,South,Autumn,0,0,144,148.0,-4.1
2023-09-11,S002,P0010,Groceries,South,Autumn,0,0,49,101.4,-52.4
2023-09-12,S002,P0010,Groceries,South,Autumn,0,0,93,107.9,-14.9
2023-09-13,S002,P0010,Groceries,South,Autumn,1,0,237,189.9,47.1
2023-09-14,S002,P0010,Groceries,South,Autumn,0,0,153,140.7,12.3
2023-09-15,S002,P0010,Groceries,South,Autumn,1,0,115,149.9,-34.9
2023-09-16,S002,P0010,Groceries,South,Autumn,0,0,136,136.8,-0.8
2023-09-17,S002,P0010,Groceries,South,Autumn,1,0,115,153.3,-38.3
2023-09-18,S002,P0010,Groceries,South,Autumn,0,0,100,113.4,-13.5
2023-09-19,S002,P0010,Groceries,South,Autumn,1,0,233,198.8,34.2
2023-09-20,S002,P0010,Groceries,South,Autumn,0,0,83,104.5,-21.5
2023-09-21,S002,P0010,Groceries,South,Autumn,1,0,122,168.6,-46.6
2023-09-22,S002,P0010,Groceries,South,Autumn,0,0,104,107.0,-3.0
2023-09-23,S002,P0010,Groceries,South,Autumn,0,0,128,130.6,-2.6
2023-09-24,S002,P0010,Groceries,South,Autumn,0,0,135,127.6,7.4
2023-09-25,S002,P0010,Groceries,South,Autumn,0,0,159,162.9,-3.9
2023-09-26,S002,P0010,Groceries,South,Autumn,0,0,119,112.3,6.7
2023-09-27,S002,P0010,Groceries,South,Autumn,0,0,84,102.8,-18.8
2023-09-28,S002,P0010,Groceries,South,Autumn,0,0,150,140.2,9.8
2023-09-29,S002,P0010,Groceries,South,Autumn,0,0,102,107.7,-5.7
2023-09-30,S002,P0010,Groceries,South,Autumn,0,0,118,134.3,-16.3
2023-10-01,S002,P0010,Groceries,South,Autumn,0,0,51,103.1,-52.1
2023-10-02,S002,P0010,Groceries,South,Autumn,1,0,225,209.8,15.2
2023-10-03,S002,P0010,Groceries,South,Autumn,1,0,191,180.1,10.9
2023-10-04,S002,P0010,Groceries,South,Autumn,1,0,134,140.9,-6.9
2023-10-05,S002,P0010,Groceries,South,Autumn,0,0,117,126.3,-9.3
2023-10-06,S002,P0010,Groceries,South,Autumn,0,0,79,104.9,-25.9
2023-10-07,S002,P0010,Groceries,South,Autumn,1,1,126,132.5,-6.5
2023-10-08,S002,P0010,Groceries,South,Autumn,0,1,87,99.9,-12.9
2023-10-09,S002,P0010,Groceries,South,Autumn,0,1,33,91.6,-58.6
2023-10-10,S002,P0010,Groceries,South,Autumn,0,1,47,80.4,-33.4
2023-10-11,S002,P0010,Groceries,South,Autumn,0,1,104,100.4,3.7
2023-10-12,S002,P0010,Groceries,South,Autumn,1,1,122,127.9,-5.9
2023-10-13,S002,P0010,Groceries,South,Autumn,0,1,52,75.8,-23.8
2023-10-14,S002,P0010,Groceries,South,Autumn,1,1,66,92.3,-26.3
2023-10-15,S002,P0010,Groceries,South,Autumn,0,1,94,86.9,7.1
2023-10-16,S002,P0010,Groceries,South,Autumn,0,1,80,87.9,-7.9
2023-10-17,S002,P0010,Groceries,South,Autumn,0,1,47,77.7,-30.7
2023-10-18,S002,P0010,Groceries,South,Autumn,0,1,57,78.2,-21.2
2023-10-19,S002,P0010,Groceries,South,Autumn,1,1,61,97.6,-36.6
2023-10-20,S002,P0010,Groceries,South,Autumn,0,1,71,93.7,-22.7
2023-10-21,S002,P0010,Groceries,South,Autumn,1,1,113,115.7,-2.7
2023-10-22,S002,P0010,Groceries,South,Autumn,1,1,102,109.3,-7.3
2023-10-23,S002,P0010,Groceries,South,Autumn,0,1,93,100.9,-7.9
2023-10-24,S002,P0010,Groceries,South,Autumn,0,1,88,103.4,-15.4
2023-10-25,S002,P0010,Groceries,South,Autumn,0,0,124,111.9,12.1
2023-10-26,S002,P0010,Groceries,South,Autumn,0,0,46,110.2,-64.2
2023-10-27,S002,P0010,Groceries,South,Autumn,0,0,87,113.9,-26.9
2023-10-28,S002,P0010,Groceries,South,Autumn,1,0,161,168.1,-7.1
2023-10-29,S002,P0010,Groceries,South,Autumn,0,0,102,107.5,-5.5
2023-10-30,S002,P0010,Groceries,South,Autumn,0,0,126,116.3,9.7
2023-10-31,S002,P0010,Groceries,South,Autumn,0,0,138,141.6,-3.6
2023-11-01,S002,P0010,Groceries,South,Autumn,0,0,119,122.2,-3.2
2023-11-02,S002,P0010,Groceries,South,Autumn,1,0,259,221.6,37.4
2023-11-03,S002,P0010,Groceries,South,Autumn,0,0,71,103.2,-32.2
2023-11-04,S002,P0010,Groceries,South,Autumn,1,0,145,172.6,-27.6
2023-11-05,S002,P0010,Groceries,South,Autumn,0,0,121,114.0,7.0
2023-11-06,S002,P0010,Groceries,South,Autumn,0,0,94,102.9,-8.9
2023-11-07,S002,P0010,Groceries,South,Autumn,1,0,71,159.1,-88.1
2023-11-08,S002,P0010,Groceries,South,Autumn,1,0,120,145.2,-25.2
2023-11-09,S002,P0010,Groceries,South,Autumn,1,0,206,208.6,-2.7
2023-11-10,S002,P0010,Groceries,South,Autumn,0,0,44,107.1,-63.1
2023-11-11,S002,P0010,Groceries,South,Autumn,0,0,100,105.2,-5.2
2023-11-12,S002,P0010,Groceries,South,Autumn,1,0,173,164.5,8.5
2023-11-13,S002,P0010,Groceries,South,Autumn,0,0,155,138.0,17.0
2023-11-14,S002,P0010,Groceries,South,Autumn,0,0,98,114.5,-16.5
2023-11-15,S002,P0010,Groceries,South,Autumn,1,0,188,188.3,-0.3
2023-11-16,S002,P0010,Groceries,South,Autumn,0,0,91,102.3,-11.3
2023-11-17,S002,P0010,Groceries,South,Autumn,0,0,126,130.1,-4.1
2023-11-18,S002,P0010,Groceries,South,Autumn,0,0,41,117.8,-76.8
2023-11-19,S002,P0010,Groceries,South,Autumn,1,0,113,141.5,-28.5
2023-11-20,S002,P0010,Groceries,South,Autumn,0,0,194,171.6,22.4
2023-11-21,S002,P0010,Groceries,South,Autumn,0,0,106,121.9,-15.9
2023-11-22,S002,P0010,Groceries,South,Autumn,1,0,148,140.2,7.8
2023-11-23,S002,P0010,Groceries,South,Autumn,1,0,168,182.5,-14.5
2023-11-24,S002,P0010,Groceries,South,Autumn,0,0,85,103.5,-18.5
2023-11-25,S002,P0010,Groceries,South,Autumn,0,0,128,119.9,8.1
2023-11-26,S002,P0010,Groceries,South,Autumn,0,0,60,98.4,-38.4
2023-11-27,S002,P0010,Groceries,South,Autumn,0,0,63,114.8,-51.8
2023-11-28,S002,P0010,Groceries,South,Autumn,0,0,101,108.4,-7.4
2023-11-29,S002,P0010,Groceries,South,Autumn,0,0,61,103.1,-42.1
2023-11-30,S002,P0010,Groceries,South,Autumn,0,0,99,112.3,-13.3
2023-12-01,S002,P0010,Groceries,South,Winter,0,0,124,124.0,-0.0
2023-12-02,S002,P0010,Groceries,South,Winter,0,0,164,135.6,28.4
2023-12-03,S002,P0010,Groceries,South,Winter,0,0,133,128.0,5.0
2023-12-04,S002,P0010,Groceries,South,Winter,0,0,201,187.4,13.6
2023-12-05,S002,P0010,Groceries,South,Winter,0,0,67,115.6,-48.7
2023-12-06,S002,P0010,Groceries,South,Winter,0,0,110,125.9,-15.9
2023-12-07,S002,P0010,Groceries,South,Winter,0,0,133,138.6,-5.6
2023-12-08,S002,P0010,Groceries,South,Winter,1,0,122,143.8,-21.8
2023-12-09,S002,P0010,Groceries,South,Winter,1,0,193,169.5,23.5
2023-12-10,S002,P0010,Groceries,South,Winter,1,0,188,179.7,8.3
2023-12-11,S002,P0010,Groceries,South,Winter,1,0,135,162.4,-27.4
2023-12-12,S002,P0010,Groceries,South,Winter,0,0,140,126.6,13.4
2023-12-13,S002,P0010,Groceries,South,Winter,0,0,167,166.3,0.7
2023-12-14,S002,P0010,Groceries,South,Winter,0,0,149,159.4,-10.4
2023-12-15,S002,P0010,Groceries,South,Winter,0,0,94,125.7,-31.7
2023-12-16,S002,P0010,Groceries,South,Winter,0,0,53,99.0,-46.0
2023-12-17,S002,P0010,Groceries,South,Winter,1,0,150,145.6,4.4
2023-12-18,S002,P0010,Groceries,South,Winter,1,0,143,174.0,-31.0
2023-12-19,S002,P0010,Groceries,South,Winter,0,0,162,136.7,25.3
2023-12-20,S002,P0010,Groceries,South,Winter,1,0,178,168.3,9.7
2023-12-21,S002,P0010,Groceries,South,Winter,0,0,143,126.3,16.7
2023-12-22,S002,P0010,Groceries,South,Winter,0,0,98,107.2,-9.2
2023-12-23,S002,P0010,Groceries,South,Winter,0,0,95,108.0,-13.0
2023-12-24,S002,P0010,Groceries,South,Winter,1,0,99,143.8,-44.8
2023-12-25,S002,P0010,Groceries,South,Winter,1,0,102,142.2,-40.2
2023-12-26,S002,P0010,Groceries,South,Winter,0,0,109,123.7,-14.7
2023-12-27,S002,P0010,Groceries,South,Winter,1,1,167,163.2,3.8
2023-12-28,S002,P0010,Groceries,South,Winter,0,1,83,89.1,-6.1
2023-12-29,S002,P0010,Groceries,South,Winter,0,1,116,120.7,-4.7
2023-12-30,S002,P0010,Groceries,South,Winter,0,1,74,86.2,-12.2
2023-12-31,S002,P0010,Groceries,South,Winter,0,1,94,103.7,-9.7
2024-01-01,S002,P0010,Groceries,South,Winter,1,1,90,101.6,-11.5
2024-01-02,S002,P0010,Groceries,South,Winter,0,1,93,88.4,4.6
2024-01-03,S002,P0010,Groceries,South,Winter,0,1,62,86.4,-24.5
2024-01-04,S002,P0010,Groceries,South,Winter,1,1,89,102.3,-13.3
2024-01-05,S002,P0010,Groceries,South,Winter,1,1,130,105.0,25.0
2024-01-06,S002,P0010,Groceries,South,Winter,0,1,81,87.8,-6.8
2024-01-07,S002,P0010,Groceries,South,Winter,1,1,189,145.6,43.4
2024-01-08,S002,P0010,Groceries,South,Winter,0,1,134,126.6,7.4
2024-01-09,S002,P0010,Groceries,South,Winter,0,0,147,123.2,23.8
2024-01-10,S002,P0010,Groceries,South,Winter,1,0,74,135.4,-61.4
2024-01-11,S002,P0010,Groceries,South,Winter,0,0,118,107.1,10.9
2024-01-12,S002,P0010,Groceries,South,Winter,0,0,174,152.0,22.0
2024-01-13,S002,P0010,Groceries,South,Winter,0,0,124,120.8,3.2
2024-01-14,S002,P0010,Groceries,South,Winter,0,0,152,139.5,12.5
2024-01-15,S002,P0010,Groceries,South,Winter,0,0,140,132.1,7.9
2024-01-16,S002,P0010,Groceries,South,Winter,1,0,103,132.4,-29.4
2024-01-17,S002,P0010,Groceries,South,Winter,1,0,182,183.9,-1.9
2024-01-18,S002,P0010,Groceries,South,Winter,0,0,164,153.2,10.8
2024-01-19,S002,P0010,Groceries,South,Winter,0,0,86,105.8,-19.8
2024-01-20,S002,P0010,Groceries,South,Winter,0,0,86,122.9,-36.9
2024-01-21,S002,P0010,Groceries,South,Winter,1,0,156,163.7,-7.7
2024-01-22,S002,P0010,Groceries,South,Winter,0,0,180,146.2,33.8
2024-01-23,S002,P0010,Groceries,South,Winter,0,0,98,107.2,-9.2
2024-01-24,S002,P0010,Groceries,South,Winter,1,0,169,166.4,2.6
2024-01-25,S002,P0010,Groceries,South,Winter,0,0,115,125.5,-10.5
2024-01-26,S002,P0010,Groceries,South,Winter,0,0,120,146.2,-26.2
2024-01-27,S002,P0010,Groceries,South,Winter,1,0,159,163.8,-4.8
2024-01-28,S002,P0010,Groceries,South,Winter,0,0,112,115.4,-3.4
2024-01-29,S002,P0010,Groceries,South,Winter,0,0,120,114.9,5.1
2024-01-30,S002,P0010,Groceries,South,Winter,0,0,107,105.7,1.3
2023-09-07,S002,P0011,Groceries,South,Autumn,1,0,113,115.5,-2.5
2023-09-08,S002,P0011,Groceries,South,Autumn,1,0,283,225.3,57.7
2023-09-09,S002,P0011,Groceries,South,Autumn,0,0,157,165.6,-8.6
2023-09-10,S002,P0011,Groceries,South,Autumn,1,0,174,173.1,0.9
2023-09-11,S002,P0011,Groceries,South,Autumn,1,0,62,129.4,-67.4
2023-09-12,S002,P0011,Groceries,South,Autumn,0,0,117,115.5,1.5
2023-09-13,S002,P0011,Groceries,South,Autumn,0,0,83,101.8,-18.8
2023-09-14,S002,P0011,Groceries,South,Autumn,0,0,120,119.9,0.1
2023-09-15,S002,P0011,Groceries,South,Autumn,0,0,88,103.9,-15.9
2023-09-16,S002,P0011,Groceries,South,Autumn,1,0,131,116.4,14.6
2023-09-17,S002,P0011,Groceries,South,Autumn,1,0,155,177.0,-22.0
2023-09-18,S002,P0011,Groceries,South,Autumn,0,0,150,172.1,-22.1
2023-09-19,S002,P0011,Groceries,South,Autumn,0,0,84,101.1,-17.1
2023-09-20,S002,P0011,Groceries,South,Autumn,0,0,180,171.7,8.3
2023-09-21,S002,P0011,Groceries,South,Autumn,0,0,75,103.8,-28.8
2023-09-22,S002,P0011,Groceries,South,Autumn,1,0,78,100.9,-22.9
2023-09-23,S002,P0011,Groceries,South,Autumn,0,0,119,138.2,-19.2
2023-09-24,S002,P0011,Groceries,South,Autumn,0,0,136,144.5,-8.5
2023-09-25,S002,P0011,Groceries,South,Autumn,0,0,94,108.6,-14.7
2023-09-26,S002,P0011,Groceries,South,Autumn,0,0,97,114.3,-17.3
2023-09-27,S002,P0011,Groceries,South,Autumn,0,0,89,97.6,-8.6
2023-09-28,S002,P0011,Groceries,South,Autumn,0,0,76,102.4,-26.4
2023-09-29,S002,P0011,Groceries,South,Autumn,0,0,101,108.6,-7.6
2023-09-30,S002,P0011,Groceries,South,Autumn,0,0,124,128.5,-4.5
2023-10-01,S002,P0011,Groceries,South,Autumn,1,0,131,171.1,-40.1
2023-10-02,S002,P0011,Groceries,South,Autumn,0,0,126,146.2,-20.2
2023-10-03,S002,P0011,Groceries,South,Autumn,0,0,48,94.8,-46.8
2023-10-04,S002,P0011,Groceries,South,Autumn,0,0,116,120.6,-4.6
2023-10-05,S002,P0011,Groceries,South,Autumn,0,0,158,172.9,-14.9
2023-10-06,S002,P0011,Groceries,South,Autumn,0,0,101,103.6,-2.7
2023-10-07,S002,P0011,Groceries,South,Autumn,1,1,106,128.0,-22.0
2023-10-08,S002,P0011,Groceries,South,Autumn,1,1,114,145.8,-31.8
2023-10-09,S002,P0011,Groceries,South,Autumn,0,1,37,80.4,-43.4
2023-10-10,S002,P0011,Groceries,South,Autumn,1,1,90,121.2,-31.2
2023-10-11,S002,P0011,Groceries,South,Autumn,0,1,66,86.0,-20.0
2023-10-12,S002,P0011,Groceries,South,Autumn,1,1,113,146.2,-33.2
2023-10-13,S002,P0011,Groceries,South,Autumn,0,1,87,84.1,2.9
2023-10-14,S002,P0011,Groceries,South,Autumn,0,1,79,91.6,-12.6
2023-10-15,S002,P0011,Groceries,South,Autumn,0,1,63,80.9,-17.9
2023-10-16,S002,P0011,Groceries,South,Autumn,0,1,112,101.3,10.7
2023-10-17,S002,P0011,Groceries,South,Autumn,1,1,73,93.2,-20.2
2023-10-18,S002,P0011,Groceries,South,Autumn,0,1,92,103.8,-11.8
2023-10-19,S002,P0011,Groceries,South,Autumn,1,1,97,125.4,-28.4
2023-10-20,S002,P0011,Groceries,South,Autumn,0,1,40,77.2,-37.2
2023-10-21,S002,P0011,Groceries,South,Autumn,1,1,33,92.0,-59.0
2023-10-22,S002,P0011,Groceries,South,Autumn,0,1,70,93.1,-23.1
2023-10-23,S002,P0011,Groceries,South,Autumn,1,1,89,124.0,-35.0
2023-10-24,S002,P0011,Groceries,South,Autumn,0,1,76,90.3,-14.3
2023-10-25,S002,P0011,Groceries,South,Autumn,0,0,96,113.9,-17.9
2023-10-26,S002,P0011,Groceries,South,Autumn,1,0,181,144.8,36.2
2023-10-27,S002,P0011,Groceries,South,Autumn,0,0,110,115.7,-5.7
2023-10-28,S002,P0011,Groceries,South,Autumn,0,0,114,131.7,-17.7
2023-10-29,S002,P0011,Groceries,South,Autumn,0,0,105,105.7,-0.7
2023-10-30,S002,P0011,Groceries,South,Autumn,0,0,104,113.2,-9.2
2023-10-31,S002,P0011,Groceries,South,Autumn,0,0,57,96.1,-39.1
2023-11-01,S002,P0011,Groceries,South,Autumn,0,0,101,124.3,-23.3
2023-11-02,S002,P0011,Groceries,South,Autumn,0,0,141,151.0,-10.0
2023-11-03,S002,P0011,Groceries,South,Autumn,0,0,150,144.1,5.9
2023-11-04,S002,P0011,Groceries,South,Autumn,1,0,169,140.6,28.4
2023-11-05,S002,P0011,Groceries,South,Autumn,0,0,35,87.5,-52.5
2023-11-06,S002,P0011,Groceries,South,Autumn,1,0,100,126.2,-26.2
2023-11-07,S002,P0011,Groceries,South,Autumn,0,0,119,132.0,-13.0
2023-11-08,S002,P0011,Groceries,South,Autumn,0,0,111,127.1,-16.1
2023-11-09,S002,P0011,Groceries,South,Autumn,0,0,134,120.5,13.5
2023-11-10,S002,P0011,Groceries,South,Autumn,0,0,90,110.8,-20.8
2023-11-11,S002,P0011,Groceries,South,Autumn,1,0,131,146.9,-15.9
2023-11-12,S002,P0011,Groceries,South,Autumn,0,0,150,149.0,1.0
2023-11-13,S002,P0011,Groceries,South,Autumn,0,0,38,99.8,-61.8
2023-11-14,S002,P0011,Groceries,South,Autumn,0,0,78,106.0,-28.0
2023-11-15,S002,P0011,Groceries,South,Autumn,1,0,34,96.8,-62.8
2023-11-16,S002,P0011,Groceries,South,Autumn,0,0,32,89.3,-57.3
2023-11-17,S002,P0011,Groceries,South,Autumn,1,0,138,147.1,-9.1
2023-11-18,S002,P0011,Groceries,South,Autumn,1,0,214,185.9,28.1
2023-11-19,S002,P0011,Groceries,South,Autumn,0,0,139,149.4,-10.4
2023-11-20,S002,P0011,Groceries,South,Autumn,0,0,74,99.6,-25.6
2023-11-21,S002,P0011,Groceries,South,Autumn,1,0,165,162.7,2.3
2023-11-22,S002,P0011,Groceries,South,Autumn,0,0,86,105.2,-19.2
2023-11-23,S002,P0011,Groceries,South,Autumn,0,0,130,136.8,-6.8
2023-11-24,S002,P0011,Groceries,South,Autumn,1,0,93,129.2,-36.2
2023-11-25,S002,P0011,Groceries,South,Autumn,1,0,67,107.2,-40.2
2023-11-26,S002,P0011,Groceries,South,Autumn,1,0,91,125.6,-34.6
2023-11-27,S002,P0011,Groceries,South,Autumn,0,0,82,117.7,-35.7
2023-11-28,S002,P0011,Groceries,South,Autumn,0,0,95,105.3,-10.3
2023-11-29,S002,P0011,Groceries,South,Autumn,0,0,113,120.5,-7.5
2023-11-30,S002,P0011,Groceries,South,Autumn,0,0,64,99.4,-35.4
2023-12-01,S002,P0011,Groceries,South,Winter,1,0,130,130.5,-0.5
2023-12-02,S002,P0011,Groceries,South,Winter,0,0,141,132.6,8.4
2023-12-03,S002,P0011,Groceries,South,Winter,0,0,94,124.7,-30.7
2023-12-04,S002,P0011,Groceries,South,Winter,1,0,164,171.1,-7.1
2023-12-05,S002,P0011,Groceries,South,Winter,0,0,135,155.0,-20.0
2023-12-06,S002,P0011,Groceries,South,Winter,1,0,47,148.8,-101.8
2023-12-07,S002,P0011,Groceries,South,Winter,1,0,159,181.0,-22.0
2023-12-08,S002,P0011,Groceries,South,Winter,0,0,139,124.2,14.8
2023-12-09,S002,P0011,Groceries,South,Winter,1,0,163,182.0,-19.0
2023-12-10,S002,P0011,Groceries,South,Winter,0,0,124,129.3,-5.3
2023-12-11,S002,P0011,Groceries,South,Winter,1,0,82,123.5,-41.5
2023-12-12,S002,P0011,Groceries,South,Winter,0,0,108,126.5,-18.5
2023-12-13,S002,P0011,Groceries,South,Winter,0,0,141,154.2,-13.2
2023-12-14,S002,P0011,Groceries,South,Winter,0,0,123,138.2,-15.2
2023-12-15,S002,P0011,Groceries,South,Winter,0,0,135,144.6,-9.7
2023-12-16,S002,P0011,Groceries,South,Winter,1,0,159,180.6,-21.6
2023-12-17,S002,P0011,Groceries,South,Winter,0,0,79,100.6,-21.6
2023-12-18,S002,P0011,Groceries,South,Winter,0,0,205,186.6,18.4
2023-12-19,S002,P0011,Groceries,South,Winter,1,0,130,167.0,-37.0
2023-12-20,S002,P0011,Groceries,South,Winter,0,0,119,125.0,-6.0
2023-12-21,S002,P0011,Groceries,South,Winter,0,0,63,97.9,-34.9
2023-12-22,S002,P0011,Groceries,South,Winter,1,0,25,98.8,-73.8
2023-12-23,S002,P0011,Groceries,South,Winter,0,0,98,110.0,-12.0
2023-12-24,S002,P0011,Groceries,South,Winter,0,0,124,132.9,-8.9
2023-12-25,S002,P0011,Groceries,South,Winter,0,0,42,87.2,-45.2
2023-12-26,S002,P0011,Groceries,South,Winter,1,0,192,184.2,7.8
2023-12-27,S002,P0011,Groceries,South,Winter,0,1,108,109.2,-1.2
2023-12-28,S002,P0011,Groceries,South,Winter,0,1,82,96.5,-14.5
2023-12-29,S002,P0011,Groceries,South,Winter,0,1,84,117.4,-33.4
2023-12-30,S002,P0011,Groceries,South,Winter,0,1,65,89.1,-24.1
2023-12-31,S002,P0011,Groceries,South,Winter,0,1,75,97.2,-22.2
2024-01-01,S002,P0011,Groceries,South,Winter,1,1,129,109.7,19.3
2024-01-02,S002,P0011,Groceries,South,Winter,0,1,77,104.8,-27.8
2024-01-03,S002,P0011,Groceries,South,Winter,1,1,135,136.0,-1.0
2024-01-04,S002,P0011,Groceries,South,Winter,1,1,44,103.3,-59.3
2024-01-05,S002,P0011,Groceries,South,Winter,1,1,106,120.5,-14.5
2024-01-06,S002,P0011,Groceries,South,Winter,1,1,99,118.8,-19.8
2024-01-07,S002,P0011,Groceries,South,Winter,0,1,99,113.4,-14.4
2024-01-08,S002,P0011,Groceries,South,Winter,0,1,79,108.6,-29.6
2024-01-09,S002,P0011,Groceries,South,Winter,0,0,165,139.3,25.7
2024-01-10,S002,P0011,Groceries,South,Winter,0,0,123,130.8,-7.8
2024-01-11,S002,P0011,Groceries,South,Winter,1,0,201,213.7,-12.7
2024-01-12,S002,P0011,Groceries,South,Winter,0,0,61,97.3,-36.3
2024-01-13,S002,P0011,Groceries,South,Winter,1,0,155,178.2,-23.2
2024-01-14,S002,P0011,Groceries,South,Winter,0,0,97,106.3,-9.3
2024-01-15,S002,P0011,Groceries,South,Winter,1,0,225,207.9,17.1
2024-01-16,S002,P0011,Groceries,South,Winter,0,0,105,120.3,-15.3
2024-01-17,S002,P0011,Groceries,South,Winter,1,0,96,128.3,-32.3
2024-01-18,S002,P0011,Groceries,South,Winter,0,0,130,138.5,-8.5
2024-01-19,S002,P0011,Groceries,South,Winter,0,0,103,101.8,1.2
2024-01-20,S002,P0011,Groceries,South,Winter,1,0,136,157.4,-21.4
2024-01-21,S002,P0011,Groceries,South,Winter,0,0,118,106.9,11.1
2024-01-22,S002,P0011,Groceries,South,Winter,0,0,146,128.4,17.6
2024-01-23,S002,P0011,Groceries,South,Winter,0,0,69,101.2,-32.2
2024-01-24,S002,P0011,Groceries,South,Winter,0,0,119,135.5,-16.5
2024-01-25,S002,P0011,Groceries,South,Winter,0,0,80,106.7,-26.7
2024-01-26,S002,P0011,Groceries,South,Winter,0,0,78,115.3,-37.3
2024-01-27,S002,P0011,Groceries,South,Winter,0,0,66,99.7,-33.7
2024-01-28,S002,P0011,Groceries,South,Winter,0,0,121,143.8,-22.8
2024-01-29,S002,P0011,Groceries,South,Winter,0,0,152,137.8,14.2
2024-01-30,S002,P0011,Groceries,South,Winter,0,0,62,97.3,-35.3
2023-09-07,S002,P0012,Electronics,South,Autumn,0,0,85,92.4,-7.4
2023-09-08,S002,P0012,Electronics,South,Autumn,1,0,100,109.6,-9.6
2023-09-09,S002,P0012,Electronics,South,Autumn,0,0,85,97.1,-12.1
2023-09-10,S002,P0012,Electronics,South,Autumn,1,0,134,122.6,11.4
2023-09-11,S002,P0012,Electronics,South,Autumn,0,0,33,93.1,-60.1
2023-09-12,S002,P0012,Electronics,South,Autumn,0,0,51,85.9,-34.9
2023-09-13,S002,P0012,Electronics,South,Autumn,1,0,110,108.0,2.0
2023-09-14,S002,P0012,Electronics,South,Autumn,0,0,25,74.5,-49.5
2023-09-15,S002,P0012,Electronics,South,Autumn,0,0,95,80.3,14.7
2023-09-16,S002,P0012,Electronics,South,Autumn,0,0,102,85.4,16.5
2023-09-17,S002,P0012,Electronics,South,Autumn,1,0,53,108.8,-55.8
2023-09-18,S002,P0012,Electronics,South,Autumn,1,0,175,120.4,54.6
2023-09-19,S002,P0012,Electronics,South,Autumn,0,0,59,96.5,-37.5
2023-09-20,S002,P0012,Electronics,South,Autumn,0,0,85,80.7,4.3
2023-09-21,S002,P0012,Electronics,South,Autumn,0,0,155,100.7,54.3
2023-09-22,S002,P0012,Electronics,South,Autumn,1,0,32,94.8,-62.8
2023-09-23,S002,P0012,Electronics,South,Autumn,0,0,101,93.7,7.3
2023-09-24,S002,P0012,Electronics,South,Autumn,0,0,114,100.1,13.9
2023-09-25,S002,P0012,Electronics,South,Autumn,1,0,112,109.3,2.7
2023-09-26,S002,P0012,Electronics,South,Autumn,0,0,113,93.5,19.5
2023-09-27,S002,P0012,Electronics,South,Autumn,0,0,108,88.1,19.9
2023-09-28,S002,P0012,Electronics,South,Autumn,1,0,110,102.9,7.1
2023-09-29,S002,P0012,Electronics,South,Autumn,0,0,74,91.1,-17.1
2023-09-30,S002,P0012,Electronics,South,Autumn,0,0,108,90.5,17.5
2023-10-01,S002,P0012,Electronics,South,Autumn,0,0,102,87.0,15.0
2023-10-02,S002,P0012,Electronics,South,Autumn,1,0,149,134.4,14.6
2023-10-03,S002,P0012,Electronics,South,Autumn,1,0,87,98.7,-11.7
2023-10-04,S002,P0012,Electronics,South,Autumn,0,0,88,84.9,3.1
2023-10-05,S002,P0012,Electronics,South,Autumn,0,0,119,100.0,19.0
2023-10-06,S002,P0012,Electronics,South,Autumn,0,0,50,80.8,-30.8
2023-10-07,S002,P0012,Electronics,South,Autumn,0,1,27,63.3,-36.3
2023-10-08,S002,P0012,Electronics,South,Autumn,0,1,29,46.3,-17.3
2023-10-09,S002,P0012,Electronics,South,Autumn,0,1,47,51.0,-4.0
2023-10-10,S002,P0012,Electronics,South,Autumn,1,1,31,56.9,-25.9
2023-10-11,S002,P0012,Electronics,South,Autumn,0,1,51,44.8,6.2
2023-10-12,S002,P0012,Electronics,South,Autumn,1,1,51,74.8,-23.8
2023-10-13,S002,P0012,Electronics,South,Autumn,1,1,104,53.3,50.7
2023-10-14,S002,P0012,Electronics,South,Autumn,1,1,70,54.5,15.5
2023-10-15,S002,P0012,Electronics,South,Autumn,0,1,63,46.5,16.5
2023-10-16,S002,P0012,Electronics,South,Autumn,0,1,78,53.9,24.1
2023-10-17,S002,P0012,Electronics,South,Autumn,0,1,27,47.4,-20.4
2023-10-18,S002,P0012,Electronics,South,Autumn,1,1,62,59.7,2.3
2023-10-19,S002,P0012,Electronics,South,Autumn,0,1,30,47.4,-17.4
2023-10-20,S002,P0012,Electronics,South,Autumn,1,1,90,59.1,30.9
2023-10-21,S002,P0012,Electronics,South,Autumn,1,1,38,60.2,-22.2
2023-10-22,S002,P0012,Electronics,South,Autumn,0,1,72,50.3,21.7
2023-10-23,S002,P0012,Electronics,South,Autumn,0,1,68,53.1,14.9
2023-10-24,S002,P0012,Electronics,South,Autumn,0,1,43,51.4,-8.4
2023-10-25,S002,P0012,Electronics,South,Autumn,1,0,127,115.7,11.3
2023-10-26,S002,P0012,Electronics,South,Autumn,0,0,76,84.9,-8.9
2023-10-27,S002,P0012,Electronics,South,Autumn,0,0,99,94.9,4.1
2023-10-28,S002,P0012,Electronics,South,Autumn,0,0,66,96.4,-30.4
2023-10-29,S002,P0012,Electronics,South,Autumn,0,0,91,98.1,-7.1
2023-10-30,S002,P0012,Electronics,South,Autumn,0,0,93,94.1,-1.1
2023-10-31,S002,P0012,Electronics,South,Autumn,0,0,56,80.6,-24.6
2023-11-01,S002,P0012,Electronics,South,Autumn,1,0,133,118.6,14.4
2023-11-02,S002,P0012,Electronics,South,Autumn,0,0,89,98.0,-9.0
2023-11-03,S002,P0012,Electronics,South,Autumn,1,0,115,108.6,6.4
2023-11-04,S002,P0012,Electronics,South,Autumn,0,0,112,95.0,17.0
2023-11-05,S002,P0012,Electronics,South,Autumn,0,0,38,87.3,-49.3
2023-11-06,S002,P0012,Electronics,South,Autumn,0,0,104,94.6,9.4
2023-11-07,S002,P0012,Electronics,South,Autumn,0,0,82,96.7,-14.7
2023-11-08,S002,P0012,Electronics,South,Autumn,0,0,70,86.4,-16.4
2023-11-09,S002,P0012,Electronics,South,Autumn,1,0,70,109.9,-39.9
2023-11-10,S002,P0012,Electronics,South,Autumn,1,0,88,112.8,-24.8
2023-11-11,S002,P0012,Electronics,South,Autumn,0,0,129,95.1,33.9
2023-11-12,S002,P0012,Electronics,South,Autumn,0,0,140,101.9,38.1
2023-11-13,S002,P0012,Electronics,South,Autumn,0,0,71,93.1,-22.1
2023-11-14,S002,P0012,Electronics,South,Autumn,1,0,91,112.7,-21.7
2023-11-15,S002,P0012,Electronics,South,Autumn,0,0,148,88.0,60.0
2023-11-16,S002,P0012,Electronics,South,Autumn,0,0,108,88.9,19.1
2023-11-17,S002,P0012,Electronics,South,Autumn,0,0,99,87.4,11.6
2023-11-18,S002,P0012,Electronics,South,Autumn,1,0,203,126.1,76.9
2023-11-19,S002,P0012,Electronics,South,Autumn,1,0,107,113.6,-6.6
2023-11-20,S002,P0012,Electronics,South,Autumn,0,0,43,92.3,-49.3
2023-11-21,S002,P0012,Electronics,South,Autumn,0,0,74,87.7,-13.7
2023-11-22,S002,P0012,Electronics,South,Autumn,0,0,124,91.3,32.7
2023-11-23,S002,P0012,Electronics,South,Autumn,1,0,139,123.9,15.1
2023-11-24,S002,P0012,Electronics,South,Autumn,1,0,159,117.5,41.5
2023-11-25,S002,P0012,Electronics,South,Autumn,0,0,140,87.2,52.8
2023-11-26,S002,P0012,Electronics,South,Autumn,1,0,91,107.2,-16.2
2023-11-27,S002,P0012,Electronics,South,Autumn,0,0,107,104.2,2.8
2023-11-28,S002,P0012,Electronics,South,Autumn,0,0,92,85.0,7.0
2023-11-29,S002,P0012,Electronics,South,Autumn,0,0,124,87.8,36.2
2023-11-30,S002,P0012,Electronics,South,Autumn,0,0,51,80.5,-29.5
2023-12-01,S002,P0012,Electronics,South,Winter,0,0,110,92.7,17.3
2023-12-02,S002,P0012,Electronics,South,Winter,1,0,107,112.0,-5.0
2023-12-03,S002,P0012,Electronics,South,Winter,1,0,102,100.8,1.2
2023-12-04,S002,P0012,Electronics,South,Winter,0,0,114,105.3,8.7
2023-12-05,S002,P0012,Electronics,South,Winter,0,0,75,90.0,-15.0
2023-12-06,S002,P0012,Electronics,South,Winter,0,0,85,85.9,-0.9
2023-12-07,S002,P0012,Electronics,South,Winter,0,0,110,101.7,8.3
2023-12-08,S002,P0012,Electronics,South,Winter,0,0,71,86.9,-15.9
2023-12-09,S002,P0012,Electronics,South,Winter,1,0,109,120.2,-11.2
2023-12-10,S002,P0012,Electronics,South,Winter,1,0,128,109.3,18.7
2023-12-11,S002,P0012,Electronics,South,Winter,1,0,142,118.3,23.7
2023-12-12,S002,P0012,Electronics,South,Winter,0,0,96,91.1,4.9
2023-12-13,S002,P0012,Electronics,South,Winter,0,0,98,95.1,2.9
2023-12-14,S002,P0012,Electronics,South,Winter,0,0,130,107.5,22.5
2023-12-15,S002,P0012,Electronics,South,Winter,1,0,110,111.3,-1.3
2023-12-16,S002,P0012,Electronics,South,Winter,0,0,104,88.7,15.3
2023-12-17,S002,P0012,Electronics,South,Winter,1,0,122,116.1,5.9
2023-12-18,S002,P0012,Electronics,South,Winter,0,0,106,98.5,7.5
2023-12-19,S002,P0012,Electronics,South,Winter,1,0,119,107.8,11.2
2023-12-20,S002,P0012,Electronics,South,Winter,0,0,108,89.2,18.8
2023-12-21,S002,P0012,Electronics,South,Winter,0,0,118,93.4,24.6
2023-12-22,S002,P0012,Electronics,South,Winter,1,0,108,116.6,-8.5
2023-12-23,S002,P0012,Electronics,South,Winter,0,0,89,91.1,-2.1
2023-12-24,S002,P0012,Electronics,South,Winter,0,0,79,89.3,-10.3
2023-12-25,S002,P0012,Electronics,South,Winter,1,0,32,100.7,-68.7
2023-12-26,S002,P0012,Electronics,South,Winter,0,0,76,94.8,-18.8
2023-12-27,S002,P0012,Electronics,South,Winter,0,1,47,47.3,-0.3
2023-12-28,S002,P0012,Electronics,South,Winter,0,1,51,45.5,5.5
2023-12-29,S002,P0012,Electronics,South,Winter,0,1,46,50.4,-4.4
2023-12-30,S002,P0012,Electronics,South,Winter,0,1,50,47.4,2.5
2023-12-31,S002,P0012,Electronics,South,Winter,0,1,30,43.7,-13.7
2024-01-01,S002,P0012,Electronics,South,Winter,0,1,31,46.0,-15.0
2024-01-02,S002,P0012,Electronics,South,Winter,0,1,76,52.1,23.9
2024-01-03,S002,P0012,Electronics,South,Winter,0,1,59,51.1,7.9
2024-01-04,S002,P0012,Electronics,South,Winter,0,1,26,53.5,-27.5
2024-01-05,S002,P0012,Electronics,South,Winter,0,1,51,47.6,3.4
2024-01-06,S002,P0012,Electronics,South,Winter,0,1,75,51.9,23.1
2024-01-07,S002,P0012,Electronics,South,Winter,1,1,18,73.3,-55.3
2024-01-08,S002,P0012,Electronics,South,Winter,0,1,58,55.4,2.6
2024-01-09,S002,P0012,Electronics,South,Winter,1,0,93,116.3,-23.3
2024-01-10,S002,P0012,Electronics,South,Winter,0,0,118,87.6,30.4
2024-01-11,S002,P0012,Electronics,South,Winter,1,0,65,119.7,-54.7
2024-01-12,S002,P0012,Electronics,South,Winter,1,0,122,117.3,4.7
2024-01-13,S002,P0012,Electronics,South,Winter,1,0,162,120.6,41.4
2024-01-14,S002,P0012,Electronics,South,Winter,0,0,79,98.8,-19.8
2024-01-15,S002,P0012,Electronics,South,Winter,0,0,124,94.0,30.0
2024-01-16,S002,P0012,Electronics,South,Winter,0,0,89,89.2,-0.2
2024-01-17,S002,P0012,Electronics,South,Winter,1,0,72,101.4,-29.4
2024-01-18,S002,P0012,Electronics,South,Winter,1,0,105,109.3,-4.3
2024-01-19,S002,P0012,Electronics,South,Winter,0,0,68,90.3,-22.3
2024-01-20,S002,P0012,Electronics,South,Winter,0,0,115,108.7,6.3
2024-01-21,S002,P0012,Electronics,South,Winter,0,0,45,84.4,-39.3
2024-01-22,S002,P0012,Electronics,South,Winter,1,0,94,110.5,-16.5
2024-01-23,S002,P0012,Electronics,South,Winter,1,0,91,113.4,-22.4
2024-01-24,S002,P0012,Electronics,South,Winter,0,0,119,97.9,21.1
2024-01-25,S002,P0012,Electronics,South,Winter,1,0,86,132.5,-46.5
2024-01-26,S002,P0012,Electronics,South,Winter,0,0,49,96.7,-47.7
2024-01-27,S002,P0012,Electronics,South,Winter,0,0,81,98.1,-17.1
2024-01-28,S002,P0012,Electronics,South,Winter,0,0,87,92.2,-5.2
2024-01-29,S002,P0012,Electronics,South,Winter,0,0,77,86.8,-9.8
2024-01-30,S002,P0012,Electronics,South,Winter,0,0,96,92.6,3.3
2023-09-07,S002,P0013,Groceries,South,Autumn,0,0,106,111.4,-5.4
2023-09-08,S002,P0013,Groceries,South,Autumn,0,0,108,112.2,-4.2
2023-09-09,S002,P0013,Groceries,South,Autumn,1,0,138,141.7,-3.7
2023-09-10,S002,P0013,Groceries,South,Autumn,1,0,131,126.9,4.1
2023-09-11,S002,P0013,Groceries,South,Autumn,0,0,135,121.0,14.0
2023-09-12,S002,P0013,Groceries,South,Autumn,0,0,169,126.6,42.4
2023-09-13,S002,P0013,Groceries,South,Autumn,0,0,148,124.7,23.3
2023-09-14,S002,P0013,Groceries,South,Autumn,1,0,86,114.3,-28.3
2023-09-15,S002,P0013,Groceries,South,Autumn,1,0,215,136.5,78.5
2023-09-16,S002,P0013,Groceries,South,Autumn,1,0,131,122.2,8.8
2023-09-17,S002,P0013,Groceries,South,Autumn,0,0,116,114.4,1.6
2023-09-18,S002,P0013,Groceries,South,Autumn,0,0,146,118.4,27.6
2023-09-19,S002,P0013,Groceries,South,Autumn,0,0,121,117.7,3.3
2023-09-20,S002,P0013,Groceries,South,Autumn,0,0,120,114.8,5.2
2023-09-21,S002,P0013,Groceries,South,Autumn,0,0,93,115.9,-22.9
2023-09-22,S002,P0013,Groceries,South,Autumn,1,0,177,137.3,39.7
2023-09-23,S002,P0013,Groceries,South,Autumn,0,0,82,95.6,-13.6
2023-09-24,S002,P0013,Groceries,South,Autumn,1,0,142,144.5,-2.5
2023-09-25,S002,P0013,Groceries,South,Autumn,0,0,127,129.1,-2.1
2023-09-26,S002,P0013,Groceries,South,Autumn,1,0,88,133.9,-45.9
2023-09-27,S002,P0013,Groceries,South,Autumn,0,0,86,96.0,-10.0
2023-09-28,S002,P0013,Groceries,South,Autumn,0,0,126,104.8,21.2
2023-09-29,S002,P0013,Groceries,South,Autumn,0,0,142,110.0,32.0
2023-09-30,S002,P0013,Groceries,South,Autumn,0,0,51,91.0,-40.0
2023-10-01,S002,P0013,Groceries,South,Autumn,0,0,121,104.1,16.9
2023-10-02,S002,P0013,Groceries,South,Autumn,1,0,151,135.5,15.5
2023-10-03,S002,P0013,Groceries,South,Autumn,1,0,102,137.9,-35.9
2023-10-04,S002,P0013,Groceries,South,Autumn,0,0,87,100.8,-13.8
2023-10-05,S002,P0013,Groceries,South,Autumn,0,0,96,117.8,-21.8
2023-10-06,S002,P0013,Groceries,South,Autumn,0,0,51,90.8,-39.8
2023-10-07,S002,P0013,Groceries,South,Autumn,0,1,52,76.6,-24.6
2023-10-08,S002,P0013,Groceries,South,Autumn,0,1,95,93.3,1.7
2023-10-09,S002,P0013,Groceries,South,Autumn,0,1,56,79.8,-23.8
2023-10-10,S002,P0013,Groceries,South,Autumn,1,1,92,92.7,-0.7
2023-10-11,S002,P0013,Groceries,South,Autumn,0,1,47,75.4,-28.4
2023-10-12,S002,P0013,Groceries,South,Autumn,1,1,60,101.0,-41.0
2023-10-13,S002,P0013,Groceries,South,Autumn,0,1,103,85.2,17.8
2023-10-14,S002,P0013,Groceries,South,Autumn,0,1,73,78.0,-5.0
2023-10-15,S002,P0013,Groceries,South,Autumn,0,1,65,76.5,-11.5
2023-10-16,S002,P0013,Groceries,South,Autumn,1,1,67,93.4,-26.4
2023-10-17,S002,P0013,Groceries,South,Autumn,1,1,93,102.6,-9.6
2023-10-18,S002,P0013,Groceries,South,Autumn,0,1,62,82.7,-20.7
2023-10-19,S002,P0013,Groceries,South,Autumn,0,1,35,76.9,-41.9
2023-10-20,S002,P0013,Groceries,South,Autumn,1,1,86,88.0,-2.0
2023-10-21,S002,P0013,Groceries,South,Autumn,0,1,73,76.8,-3.8
2023-10-22,S002,P0013,Groceries,South,Autumn,1,1,89,99.6,-10.6
2023-10-23,S002,P0013,Groceries,South,Autumn,1,1,75,92.4,-17.4
2023-10-24,S002,P0013,Groceries,South,Autumn,0,1,92,89.9,2.1
2023-10-25,S002,P0013,Groceries,South,Autumn,1,0,125,118.3,6.7
2023-10-26,S002,P0013,Groceries,South,Autumn,0,0,141,106.6,34.4
2023-10-27,S002,P0013,Groceries,South,Autumn,0,0,137,108.6,28.4
2023-10-28,S002,P0013,Groceries,South,Autumn,0,0,132,120.8,11.2
2023-10-29,S002,P0013,Groceries,South,Autumn,0,0,114,108.6,5.4
2023-10-30,S002,P0013,Groceries,South,Autumn,0,0,95,104.4,-9.4
2023-10-31,S002,P0013,Groceries,South,Autumn,0,0,138,110.9,27.1
2023-11-01,S002,P0013,Groceries,South,Autumn,1,0,186,145.3,40.7
2023-11-02,S002,P0013,Groceries,South,Autumn,0,0,110,124.2,-14.2
2023-11-03,S002,P0013,Groceries,South,Autumn,0,0,88,101.8,-13.8
2023-11-04,S002,P0013,Groceries,South,Autumn,0,0,147,111.2,35.8
2023-11-05,S002,P0013,Groceries,South,Autumn,1,0,128,131.8,-3.8
2023-11-06,S002,P0013,Groceries,South,Autumn,0,0,130,112.0,18.0
2023-11-07,S002,P0013,Groceries,South,Autumn,0,0,98,117.5,-19.5
2023-11-08,S002,P0013,Groceries,South,Autumn,1,0,113,136.5,-23.5
2023-11-09,S002,P0013,Groceries,South,Autumn,0,0,86,93.2,-7.2
2023-11-10,S002,P0013,Groceries,South,Autumn,0,0,140,108.6,31.4
2023-11-11,S002,P0013,Groceries,South,Autumn,0,0,123,102.4,20.6
2023-11-12,S002,P0013,Groceries,South,Autumn,0,0,157,128.9,28.1
2023-11-13,S002,P0013,Groceries,South,Autumn,0,0,224,141.5,82.5
2023-11-14,S002,P0013,Groceries,South,Autumn,1,0,207,149.9,57.1
2023-11-15,S002,P0013,Groceries,South,Autumn,0,0,86,87.9,-1.9
2023-11-16,S002,P0013,Groceries,South,Autumn,1,0,70,129.6,-59.6
2023-11-17,S002,P0013,Groceries,South,Autumn,0,0,43,73.3,-30.3
2023-11-18,S002,P0013,Groceries,South,Autumn,1,0,81,138.4,-57.4
2023-11-19,S002,P0013,Groceries,South,Autumn,0,0,69,86.4,-17.4
2023-11-20,S002,P0013,Groceries,South,Autumn,1,0,103,133.1,-30.1
2023-11-21,S002,P0013,Groceries,South,Autumn,1,0,107,123.2,-16.2
2023-11-22,S002,P0013,Groceries,South,Autumn,0,0,91,84.6,6.4
2023-11-23,S002,P0013,Groceries,South,Autumn,1,0,133,114.1,18.9
2023-11-24,S002,P0013,Groceries,South,Autumn,0,0,57,78.7,-21.7
2023-11-25,S002,P0013,Groceries,South,Autumn,1,0,135,118.2,16.8
2023-11-26,S002,P0013,Groceries,South,Autumn,0,0,80,92.2,-12.2
2023-11-27,S002,P0013,Groceries,South,Autumn,0,0,146,122.0,24.0
2023-11-28,S002,P0013,Groceries,South,Autumn,0,0,94,94.7,-0.7
2023-11-29,S002,P0013,Groceries,South,Autumn,0,0,64,93.2,-29.2
2023-11-30,S002,P0013,Groceries,South,Autumn,0,0,154,108.7,45.3
2023-12-01,S002,P0013,Groceries,South,Winter,1,0,177,143.6,33.4
2023-12-02,S002,P0013,Groceries,South,Winter,1,0,74,135.0,-61.0
2023-12-03,S002,P0013,Groceries,South,Winter,0,0,82,98.0,-16.0
2023-12-04,S002,P0013,Groceries,South,Winter,1,0,227,150.3,76.7
2023-12-05,S002,P0013,Groceries,South,Winter,1,0,91,133.6,-42.6
2023-12-06,S002,P0013,Groceries,South,Winter,1,0,111,139.6,-28.6
2023-12-07,S002,P0013,Groceries,South,Winter,0,0,96,110.8,-14.8
2023-12-08,S002,P0013,Groceries,South,Winter,0,0,61,80.9,-19.9
2023-12-09,S002,P0013,Groceries,South,Winter,0,0,94,118.0,-24.0
2023-12-10,S002,P0013,Groceries,South,Winter,0,0,68,101.2,-33.2
2023-12-11,S002,P0013,Groceries,South,Winter,0,0,144,90.8,53.2
2023-12-12,S002,P0013,Groceries,South,Winter,0,0,61,89.4,-28.4
2023-12-13,S002,P0013,Groceries,South,Winter,1,0,183,146.2,36.8
2023-12-14,S002,P0013,Groceries,South,Winter,0,0,73,104.9,-31.9
2023-12-15,S002,P0013,Groceries,South,Winter,0,0,173,119.2,53.8
2023-12-16,S002,P0013,Groceries,South,Winter,0,0,123,98.8,24.2
2023-12-17,S002,P0013,Groceries,South,Winter,1,0,92,132.0,-40.0
2023-12-18,S002,P0013,Groceries,South,Winter,0,0,207,138.4,68.6
2023-12-19,S002,P0013,Groceries,South,Winter,0,0,125,111.0,14.0
2023-12-20,S002,P0013,Groceries,South,Winter,1,0,150,141.8,8.2
2023-12-21,S002,P0013,Groceries,South,Winter,0,0,71,82.6,-11.6
2023-12-22,S002,P0013,Groceries,South,Winter,1,0,40,116.7,-76.7
2023-12-23,S002,P0013,Groceries,South,Winter,0,0,138,108.3,29.7
2023-12-24,S002,P0013,Groceries,South,Winter,0,0,111,108.2,2.8
2023-12-25,S002,P0013,Groceries,South,Winter,0,0,87,90.6,-3.6
2023-12-26,S002,P0013,Groceries,South,Winter,0,0,100,111.2,-11.2
2023-12-27,S002,P0013,Groceries,South,Winter,1,1,80,102.1,-22.1
2023-12-28,S002,P0013,Groceries,South,Winter,0,1,64,76.7,-12.7
2023-12-29,S002,P0013,Groceries,South,Winter,0,1,124,90.3,33.7
2023-12-30,S002,P0013,Groceries,South,Winter,0,1,50,76.1,-26.1
2023-12-31,S002,P0013,Groceries,South,Winter,0,1,39,85.5,-46.5
2024-01-01,S002,P0013,Groceries,South,Winter,0,1,99,69.9,29.1
2024-01-02,S002,P0013,Groceries,South,Winter,1,1,63,87.8,-24.8
2024-01-03,S002,P0013,Groceries,South,Winter,0,1,72,68.2,3.8
2024-01-04,S002,P0013,Groceries,South,Winter,0,1,109,78.8,30.2
2024-01-05,S002,P0013,Groceries,South,Winter,1,1,84,88.8,-4.8
2024-01-06,S002,P0013,Groceries,South,Winter,0,1,80,67.8,12.2
2024-01-07,S002,P0013,Groceries,South,Winter,1,1,123,101.1,21.9
2024-01-08,S002,P0013,Groceries,South,Winter,0,1,34,76.4,-42.4
2024-01-09,S002,P0013,Groceries,South,Winter,1,0,151,125.0,26.0
2024-01-10,S002,P0013,Groceries,South,Winter,1,0,63,119.9,-56.9
2024-01-11,S002,P0013,Groceries,South,Winter,0,0,4,85.0,-81.0
2024-01-12,S002,P0013,Groceries,South,Winter,0,0,152,106.5,45.5
2024-01-13,S002,P0013,Groceries,South,Winter,0,0,146,100.3,45.7
2024-01-14,S002,P0013,Groceries,South,Winter,0,0,146,114.4,31.6
2024-01-15,S002,P0013,Groceries,South,Winter,0,0,111,109.1,1.9
2024-01-16,S002,P0013,Groceries,South,Winter,1,0,128,130.8,-2.8
2024-01-17,S002,P0013,Groceries,South,Winter,1,0,118,144.7,-26.7
2024-01-18,S002,P0013,Groceries,South,Winter,0,0,107,116.4,-9.4
2024-01-19,S002,P0013,Groceries,South,Winter,0,0,168,120.6,47.4
2024-01-20,S002,P0013,Groceries,South,Winter,0,0,131,124.5,6.5
2024-01-21,S002,P0013,Groceries,South,Winter,0,0,82,89.9,-7.9
2024-01-22,S002,P0013,Groceries,South,Winter,0,0,114,95.6,18.4
2024-01-23,S002,P0013,Groceries,South,Winter,1,0,138,131.9,6.1
2024-01-24,S002,P0013,Groceries,South,Winter,0,0,134,113.2,20.8
2024-01-25,S002,P0013,Groceries,South,Winter,1,0,114,141.9,-27.9
2024-01-26,S002,P0013,Groceries,South,Winter,0,0,120,123.0,-3.0
2024-01-27,S002,P0013,Groceries,South,Winter,1,0,117,138.0,-20.9
2024-01-28,S002,P0013,Groceries,South,Winter,0,0,130,107.6,22.4
2024-01-29,S002,P0013,Groceries,South,Winter,0,0,80,82.4,-2.4
2024-01-30,S002,P0013,Groceries,South,Winter,0,0,129,103.2,25.8
2023-09-07,S002,P0014,Electronics,South,Autumn,0,0,92,83.4,8.6
2023-09-08,S002,P0014,Electronics,South,Autumn,0,0,70,89.3,-19.3
2023-09-09,S002,P0014,Electronics,South,Autumn,0,0,120,139.9,-19.9
2023-09-10,S002,P0014,Electronics,South,Autumn,0,0,96,82.7,13.3
2023-09-11,S002,P0014,Electronics,South,Autumn,1,0,67,119.7,-52.7
2023-09-12,S002,P0014,Electronics,South,Autumn,0,0,61,83.3,-22.3
2023-09-13,S002,P0014,Electronics,South,Autumn,1,0,96,134.8,-38.8
2023-09-14,S002,P0014,Electronics,South,Autumn,0,0,96,120.1,-24.1
2023-09-15,S002,P0014,Electronics,South,Autumn,1,0,142,129.7,12.3
2023-09-16,S002,P0014,Electronics,South,Autumn,0,0,48,80.9,-32.9
2023-09-17,S002,P0014,Electronics,South,Autumn,0,0,88,112.1,-24.1
2023-09-18,S002,P0014,Electronics,South,Autumn,1,0,207,142.6,64.4
2023-09-19,S002,P0014,Electronics,South,Autumn,0,0,125,129.4,-4.4
2023-09-20,S002,P0014,Electronics,South,Autumn,0,0,108,103.0,5.0
2023-09-21,S002,P0014,Electronics,South,Autumn,0,0,136,134.9,1.1
2023-09-22,S002,P0014,Electronics,South,Autumn,0,0,76,90.0,-14.0
2023-09-23,S002,P0014,Electronics,South,Autumn,0,0,56,83.1,-27.1
2023-09-24,S002,P0014,Electronics,South,Autumn,0,0,83,83.6,-0.6
2023-09-25,S002,P0014,Electronics,South,Autumn,0,0,91,120.4,-29.4
2023-09-26,S002,P0014,Electronics,South,Autumn,1,0,121,136.4,-15.4
2023-09-27,S002,P0014,Electronics,South,Autumn,1,0,116,125.2,-9.2
2023-09-28,S002,P0014,Electronics,South,Autumn,1,0,166,154.5,11.5
2023-09-29,S002,P0014,Electronics,South,Autumn,0,0,61,83.6,-22.6
2023-09-30,S002,P0014,Electronics,South,Autumn,0,0,112,114.2,-2.2
2023-10-01,S002,P0014,Electronics,South,Autumn,0,0,75,87.6,-12.6
2023-10-02,S002,P0014,Electronics,South,Autumn,0,0,94,99.2,-5.2
2023-10-03,S002,P0014,Electronics,South,Autumn,0,0,74,84.4,-10.4
2023-10-04,S002,P0014,Electronics,South,Autumn,0,0,28,82.3,-54.3
2023-10-05,S002,P0014,Electronics,South,Autumn,0,0,122,126.9,-4.9
2023-10-06,S002,P0014,Electronics,South,Autumn,0,0,149,131.0,18.0
2023-10-07,S002,P0014,Electronics,South,Autumn,0,1,82,72.1,9.9
2023-10-08,S002,P0014,Electronics,South,Autumn,1,1,57,96.9,-39.9
2023-10-09,S002,P0014,Electronics,South,Autumn,1,1,44,75.6,-31.6
2023-10-10,S002,P0014,Electronics,South,Autumn,0,1,57,56.6,0.4
2023-10-11,S002,P0014,Electronics,South,Autumn,1,1,65,86.0,-21.0
2023-10-12,S002,P0014,Electronics,South,Autumn,1,1,99,115.7,-16.7
2023-10-13,S002,P0014,Electronics,South,Autumn,0,1,47,49.1,-2.1
2023-10-14,S002,P0014,Electronics,South,Autumn,1,1,87,80.8,6.2
2023-10-15,S002,P0014,Electronics,South,Autumn,1,1,110,98.1,11.9
2023-10-16,S002,P0014,Electronics,South,Autumn,0,1,39,49.1,-10.1
2023-10-17,S002,P0014,Electronics,South,Autumn,1,1,44,68.2,-24.2
2023-10-18,S002,P0014,Electronics,South,Autumn,1,1,33,71.9,-38.9
2023-10-19,S002,P0014,Electronics,South,Autumn,1,1,57,65.6,-8.6
2023-10-20,S002,P0014,Electronics,South,Autumn,0,1,78,65.0,13.0
2023-10-21,S002,P0014,Electronics,South,Autumn,0,1,40,51.1,-11.1
2023-10-22,S002,P0014,Electronics,South,Autumn,1,1,56,73.4,-17.4
2023-10-23,S002,P0014,Electronics,South,Autumn,0,1,89,74.4,14.6
2023-10-24,S002,P0014,Electronics,South,Autumn,0,1,22,48.4,-26.4
2023-10-25,S002,P0014,Electronics,South,Autumn,0,0,67,92.7,-25.7
2023-10-26,S002,P0014,Electronics,South,Autumn,0,0,49,88.3,-39.3
2023-10-27,S002,P0014,Electronics,South,Autumn,0,0,132,107.3,24.7
2023-10-28,S002,P0014,Electronics,South,Autumn,0,0,65,83.2,-18.2
2023-10-29,S002,P0014,Electronics,South,Autumn,0,0,52,83.6,-31.6
2023-10-30,S002,P0014,Electronics,South,Autumn,0,0,86,105.9,-19.9
2023-10-31,S002,P0014,Electronics,South,Autumn,0,0,46,80.9,-34.9
2023-11-01,S002,P0014,Electronics,South,Autumn,0,0,100,108.6,-8.6
2023-11-02,S002,P0014,Electronics,South,Autumn,1,0,126,138.6,-12.6
2023-11-03,S002,P0014,Electronics,South,Autumn,1,0,150,150.2,-0.2
2023-11-04,S002,P0014,Electronics,South,Autumn,1,0,145,131.0,14.0
2023-11-05,S002,P0014,Electronics,South,Autumn,1,0,140,155.8,-15.8
2023-11-06,S002,P0014,Electronics,South,Autumn,0,0,83,95.8,-12.8
2023-11-07,S002,P0014,Electronics,South,Autumn,0,0,78,101.0,-23.0
2023-11-08,S002,P0014,Electronics,South,Autumn,1,0,162,146.8,15.2
2023-11-09,S002,P0014,Electronics,South,Autumn,0,0,99,118.5,-19.5
2023-11-10,S002,P0014,Electronics,South,Autumn,1,0,54,109.4,-55.4
2023-11-11,S002,P0014,Electronics,South,Autumn,1,0,123,114.8,8.2
2023-11-12,S002,P0014,Electronics,South,Autumn,1,0,86,121.2,-35.2
2023-11-13,S002,P0014,Electronics,South,Autumn,0,0,46,68.7,-22.7
2023-11-14,S002,P0014,Electronics,South,Autumn,1,0,121,141.3,-20.3
2023-11-15,S002,P0014,Electronics,South,Autumn,1,0,69,116.4,-47.4
2023-11-16,S002,P0014,Electronics,South,Autumn,0,0,99,106.2,-7.2
2023-11-17,S002,P0014,Electronics,South,Autumn,0,0,72,83.2,-11.2
2023-11-18,S002,P0014,Electronics,South,Autumn,0,0,88,96.5,-8.5
2023-11-19,S002,P0014,Electronics,South,Autumn,0,0,102,113.3,-11.3
2023-11-20,S002,P0014,Electronics,South,Autumn,0,0,57,78.4,-21.4
2023-11-21,S002,P0014,Electronics,South,Autumn,0,0,39,75.7,-36.7
2023-11-22,S002,P0014,Electronics,South,Autumn,0,0,40,74.7,-34.7
2023-11-23,S002,P0014,Electronics,South,Autumn,0,0,88,82.1,5.9
2023-11-24,S002,P0014,Electronics,South,Autumn,0,0,30,74.0,-44.0
2023-11-25,S002,P0014,Electronics,South,Autumn,0,0,101,84.7,16.3
2023-11-26,S002,P0014,Electronics,South,Autumn,0,0,68,82.1,-14.1
2023-11-27,S002,P0014,Electronics,South,Autumn,0,0,47,81.3,-34.3
2023-11-28,S002,P0014,Electronics,South,Autumn,0,0,69,94.6,-25.6
2023-11-29,S002,P0014,Electronics,South,Autumn,0,0,65,74.7,-9.7
2023-11-30,S002,P0014,Electronics,South,Autumn,0,0,70,76.9,-6.9
2023-12-01,S002,P0014,Electronics,South,Winter,0,0,99,104.0,-5.0
2023-12-02,S002,P0014,Electronics,South,Winter,0,0,42,77.3,-35.3
2023-12-03,S002,P0014,Electronics,South,Winter,1,0,97,120.7,-23.7
2023-12-04,S002,P0014,Electronics,South,Winter,0,0,118,116.4,1.6
2023-12-05,S002,P0014,Electronics,South,Winter,0,0,97,96.0,1.0
2023-12-06,S002,P0014,Electronics,South,Winter,0,0,109,116.8,-7.8
2023-12-07,S002,P0014,Electronics,South,Winter,0,0,46,78.0,-32.0
2023-12-08,S002,P0014,Electronics,South,Winter,0,0,106,94.5,11.5
2023-12-09,S002,P0014,Electronics,South,Winter,1,0,117,136.4,-19.3
2023-12-10,S002,P0014,Electronics,South,Winter,1,0,135,126.7,8.3
2023-12-11,S002,P0014,Electronics,South,Winter,1,0,80,120.9,-40.9
2023-12-12,S002,P0014,Electronics,South,Winter,1,0,93,111.9,-18.9
2023-12-13,S002,P0014,Electronics,South,Winter,0,0,86,96.8,-10.8
2023-12-14,S002,P0014,Electronics,South,Winter,1,0,129,126.7,2.3
2023-12-15,S002,P0014,Electronics,South,Winter,0,0,97,92.8,4.2
2023-12-16,S002,P0014,Electronics,South,Winter,1,0,113,132.6,-19.6
2023-12-17,S002,P0014,Electronics,South,Winter,0,0,86,89.2,-3.2
2023-12-18,S002,P0014,Electronics,South,Winter,0,0,102,125.4,-23.4
2023-12-19,S002,P0014,Electronics,South,Winter,0,0,133,123.5,9.5
2023-12-20,S002,P0014,Electronics,South,Winter,0,0,99,109.1,-10.1
2023-12-21,S002,P0014,Electronics,South,Winter,1,0,103,111.0,-8.0
2023-12-22,S002,P0014,Electronics,South,Winter,0,0,74,83.5,-9.5
2023-12-23,S002,P0014,Electronics,South,Winter,1,0,96,110.9,-14.9
2023-12-24,S002,P0014,Electronics,South,Winter,1,0,130,135.2,-5.2
2023-12-25,S002,P0014,Electronics,South,Winter,0,0,54,82.9,-28.9
2023-12-26,S002,P0014,Electronics,South,Winter,0,0,168,147.0,20.9
2023-12-27,S002,P0014,Electronics,South,Winter,0,1,58,76.9,-18.9
2023-12-28,S002,P0014,Electronics,South,Winter,0,1,11,61.1,-50.1
2023-12-29,S002,P0014,Electronics,South,Winter,0,1,57,64.0,-7.0
2023-12-30,S002,P0014,Electronics,South,Winter,0,1,29,46.4,-17.4
2023-12-31,S002,P0014,Electronics,South,Winter,0,1,80,59.1,20.9
2024-01-01,S002,P0014,Electronics,South,Winter,1,1,61,86.1,-25.1
2024-01-02,S002,P0014,Electronics,South,Winter,0,1,43,51.2,-8.2
2024-01-03,S002,P0014,Electronics,South,Winter,0,1,47,58.9,-11.9
2024-01-04,S002,P0014,Electronics,South,Winter,0,1,51,51.7,-0.7
2024-01-05,S002,P0014,Electronics,South,Winter,1,1,38,55.2,-17.2
2024-01-06,S002,P0014,Electronics,South,Winter,0,1,49,62.3,-13.3
2024-01-07,S002,P0014,Electronics,South,Winter,0,1,53,46.8,6.2
2024-01-08,S002,P0014,Electronics,South,Winter,0,1,37,44.6,-7.6
2024-01-09,S002,P0014,Electronics,South,Winter,1,0,81,118.8,-37.8
2024-01-10,S002,P0014,Electronics,South,Winter,0,0,51,88.8,-37.8
2024-01-11,S002,P0014,Electronics,South,Winter,0,0,117,95.4,21.6
2024-01-12,S002,P0014,Electronics,South,Winter,0,0,98,95.3,2.7
2024-01-13,S002,P0014,Electronics,South,Winter,0,0,122,137.9,-15.9
2024-01-14,S002,P0014,Electronics,South,Winter,0,0,72,95.0,-23.0
2024-01-15,S002,P0014,Electronics,South,Winter,0,0,72,87.2,-15.2
2024-01-16,S002,P0014,Electronics,South,Winter,1,0,90,120.2,-30.2
2024-01-17,S002,P0014,Electronics,South,Winter,0,0,77,86.0,-9.0
2024-01-18,S002,P0014,Electronics,South,Winter,1,0,184,170.8,13.2
2024-01-19,S002,P0014,Electronics,South,Winter,1,0,108,136.7,-28.7
2024-01-20,S002,P0014,Electronics,South,Winter,1,0,161,176.2,-15.2
2024-01-21,S002,P0014,Electronics,South,Winter,1,0,135,121.6,13.4
2024-01-22,S002,P0014,Electronics,South,Winter,1,0,80,111.3,-31.3
2024-01-23,S002,P0014,Electronics,South,Winter,0,0,95,92.4,2.6
2024-01-24,S002,P0014,Electronics,South,Winter,0,0,87,97.3,-10.3
2024-01-25,S002,P0014,Electronics,South,Winter,0,0,87,109.3,-22.3
2024-01-26,S002,P0014,Electronics,South,Winter,0,0,121,137.8,-16.8
2024-01-27,S002,P0014,Electronics,South,Winter,1,0,148,166.5,-18.5
2024-01-28,S002,P0014,Electronics,South,Winter,0,0,37,78.0,-41.0
2024-01-29,S002,P0014,Electronics,South,Winter,0,0,90,112.6,-22.6
2024-01-30,S002,P0014,Electronics,South,Winter,0,0,101,107.6,-6.6
2023-09-07,S002,P0015,Clothing,South,Autumn,1,0,47,104.9,-57.9
2023-09-08,S002,P0015,Clothing,South,Autumn,0,0,66,98.4,-32.4
2023-09-09,S002,P0015,Clothing,South,Autumn,1,0,147,134.4,12.6
2023-09-10,S002,P0015,Clothing,South,Autumn,0,0,139,95.9,43.1
2023-09-11,S002,P0015,Clothing,South,Autumn,0,0,78,93.5,-15.5
2023-09-12,S002,P0015,Clothing,South,Autumn,0,0,72,94.2,-22.2
2023-09-13,S002,P0015,Clothing,South,Autumn,0,0,96,84.0,12.0
2023-09-14,S002,P0015,Clothing,South,Autumn,1,0,128,113.2,14.8
2023-09-15,S002,P0015,Clothing,South,Autumn,0,0,114,86.9,27.1
2023-09-16,S002,P0015,Clothing,South,Autumn,0,0,59,82.2,-23.2
2023-09-17,S002,P0015,Clothing,South,Autumn,0,0,103,94.0,9.0
2023-09-18,S002,P0015,Clothing,South,Autumn,1,0,174,123.7,50.3
2023-09-19,S002,P0015,Clothing,South,Autumn,0,0,62,89.7,-27.7
2023-09-20,S002,P0015,Clothing,South,Autumn,0,0,99,84.2,14.8
2023-09-21,S002,P0015,Clothing,South,Autumn,0,0,57,87.0,-30.0
2023-09-22,S002,P0015,Clothing,South,Autumn,1,0,87,100.0,-13.0
2023-09-23,S002,P0015,Clothing,South,Autumn,1,0,97,113.8,-16.8
2023-09-24,S002,P0015,Clothing,South,Autumn,0,0,84,103.9,-19.9
2023-09-25,S002,P0015,Clothing,South,Autumn,0,0,80,95.5,-15.5
2023-09-26,S002,P0015,Clothing,South,Autumn,0,0,58,85.2,-27.2
2023-09-27,S002,P0015,Clothing,South,Autumn,1,0,104,110.4,-6.4
2023-09-28,S002,P0015,Clothing,South,Autumn,1,0,153,118.8,34.2
2023-09-29,S002,P0015,Clothing,South,Autumn,0,0,33,90.4,-57.4
2023-09-30,S002,P0015,Clothing,South,Autumn,0,0,85,83.0,2.0
2023-10-01,S002,P0015,Clothing,South,Autumn,1,0,118,117.6,0.3
2023-10-02,S002,P0015,Clothing,South,Autumn,0,0,83,90.2,-7.2
2023-10-03,S002,P0015,Clothing,South,Autumn,0,0,69,82.3,-13.3
2023-10-04,S002,P0015,Clothing,South,Autumn,0,0,60,80.0,-20.0
2023-10-05,S002,P0015,Clothing,South,Autumn,0,0,147,100.8,46.2
2023-10-06,S002,P0015,Clothing,South,Autumn,1,0,131,134.0,-3.0
2023-10-07,S002,P0015,Clothing,South,Autumn,1,1,130,107.4,22.6
2023-10-08,S002,P0015,Clothing,South,Autumn,1,1,131,141.8,-10.8
2023-10-09,S002,P0015,Clothing,South,Autumn,1,1,170,131.0,38.9
2023-10-10,S002,P0015,Clothing,South,Autumn,0,1,127,93.0,34.0
2023-10-11,S002,P0015,Clothing,South,Autumn,0,1,127,99.3,27.7
2023-10-12,S002,P0015,Clothing,South,Autumn,0,1,240,115.2,124.8
2023-10-13,S002,P0015,Clothing,South,Autumn,0,1,131,104.4,26.6
2023-10-14,S002,P0015,Clothing,South,Autumn,0,1,121,101.6,19.4
2023-10-15,S002,P0015,Clothing,South,Autumn,1,1,217,141.2,75.8
2023-10-16,S002,P0015,Clothing,South,Autumn,0,1,147,109.4,37.6
2023-10-17,S002,P0015,Clothing,South,Autumn,0,1,127,103.6,23.4
2023-10-18,S002,P0015,Clothing,South,Autumn,0,1,155,108.6,46.4
2023-10-19,S002,P0015,Clothing,South,Autumn,0,1,129,106.2,22.8
2023-10-20,S002,P0015,Clothing,South,Autumn,0,1,96,93.7,2.3
2023-10-21,S002,P0015,Clothing,South,Autumn,0,1,69,88.1,-19.1
2023-10-22,S002,P0015,Clothing,South,Autumn,1,1,60,141.2,-81.2
2023-10-23,S002,P0015,Clothing,South,Autumn,0,1,105,109.2,-4.2
2023-10-24,S002,P0015,Clothing,South,Autumn,1,1,157,125.5,31.5
2023-10-25,S002,P0015,Clothing,South,Autumn,0,0,63,95.3,-32.3
2023-10-26,S002,P0015,Clothing,South,Autumn,1,0,99,111.6,-12.6
2023-10-27,S002,P0015,Clothing,South,Autumn,0,0,82,90.3,-8.3
2023-10-28,S002,P0015,Clothing,South,Autumn,1,0,128,124.8,3.2
2023-10-29,S002,P0015,Clothing,South,Autumn,0,0,137,102.0,35.0
2023-10-30,S002,P0015,Clothing,South,Autumn,0,0,112,102.8,9.2
2023-10-31,S002,P0015,Clothing,South,Autumn,0,0,102,89.2,12.8
2023-11-01,S002,P0015,Clothing,South,Autumn,1,0,163,135.1,27.9
2023-11-02,S002,P0015,Clothing,South,Autumn,1,0,95,153.1,-58.1
2023-11-03,S002,P0015,Clothing,South,Autumn,0,0,125,103.7,21.3
2023-11-04,S002,P0015,Clothing,South,Autumn,0,0,103,99.2,3.8
2023-11-05,S002,P0015,Clothing,South,Autumn,0,0,109,100.1,8.9
2023-11-06,S002,P0015,Clothing,South,Autumn,0,0,23,94.4,-71.4
2023-11-07,S002,P0015,Clothing,South,Autumn,0,0,99,97.0,2.0
2023-11-08,S002,P0015,Clothing,South,Autumn,0,0,77,94.5,-17.5
2023-11-09,S002,P0015,Clothing,South,Autumn,0,0,114,88.7,25.3
2023-11-10,S002,P0015,Clothing,South,Autumn,0,0,84,89.2,-5.2
2023-11-11,S002,P0015,Clothing,South,Autumn,1,0,100,108.4,-8.4
2023-11-12,S002,P0015,Clothing,South,Autumn,0,0,118,103.4,14.6
2023-11-13,S002,P0015,Clothing,South,Autumn,0,0,78,96.6,-18.6
2023-11-14,S002,P0015,Clothing,South,Autumn,0,0,75,92.7,-17.7
2023-11-15,S002,P0015,Clothing,South,Autumn,0,0,99,81.8,17.2
2023-11-16,S002,P0015,Clothing,South,Autumn,0,0,55,87.5,-32.5
2023-11-17,S002,P0015,Clothing,South,Autumn,0,0,121,94.4,26.6
2023-11-18,S002,P0015,Clothing,South,Autumn,0,0,119,106.5,12.5
2023-11-19,S002,P0015,Clothing,South,Autumn,0,0,50,91.8,-41.8
2023-11-20,S002,P0015,Clothing,South,Autumn,1,0,81,112.5,-31.5
2023-11-21,S002,P0015,Clothing,South,Autumn,1,0,122,109.6,12.4
2023-11-22,S002,P0015,Clothing,South,Autumn,1,0,112,110.6,1.4
2023-11-23,S002,P0015,Clothing,South,Autumn,1,0,152,125.8,26.2
2023-11-24,S002,P0015,Clothing,South,Autumn,0,0,72,90.9,-18.9
2023-11-25,S002,P0015,Clothing,South,Autumn,0,0,93,90.7,2.3
2023-11-26,S002,P0015,Clothing,South,Autumn,1,0,105,113.4,-8.4
2023-11-27,S002,P0015,Clothing,South,Autumn,1,0,175,143.6,31.4
2023-11-28,S002,P0015,Clothing,South,Autumn,1,0,27,97.2,-70.2
2023-11-29,S002,P0015,Clothing,South,Autumn,0,0,114,88.0,26.0
2023-11-30,S002,P0015,Clothing,South,Autumn,0,0,69,83.0,-14.0
2023-12-01,S002,P0015,Clothing,South,Winter,0,0,149,98.5,50.5
2023-12-02,S002,P0015,Clothing,South,Winter,1,0,147,129.0,18.0
2023-12-03,S002,P0015,Clothing,South,Winter,1,0,172,122.3,49.7
2023-12-04,S002,P0015,Clothing,South,Winter,0,0,123,113.6,9.4
2023-12-05,S002,P0015,Clothing,South,Winter,0,0,118,110.8,7.2
2023-12-06,S002,P0015,Clothing,South,Winter,1,0,132,136.7,-4.7
2023-12-07,S002,P0015,Clothing,South,Winter,0,0,101,121.5,-20.5
2023-12-08,S002,P0015,Clothing,South,Winter,0,0,96,98.0,-2.0
2023-12-09,S002,P0015,Clothing,South,Winter,0,0,106,118.0,-12.0
2023-12-10,S002,P0015,Clothing,South,Winter,0,0,70,94.7,-24.7
2023-12-11,S002,P0015,Clothing,South,Winter,0,0,62,90.8,-28.8
2023-12-12,S002,P0015,Clothing,South,Winter,0,0,116,91.0,25.0
2023-12-13,S002,P0015,Clothing,South,Winter,1,0,97,114.3,-17.3
2023-12-14,S002,P0015,Clothing,South,Winter,1,0,118,134.7,-16.7
2023-12-15,S002,P0015,Clothing,South,Winter,0,0,83,94.6,-11.5
2023-12-16,S002,P0015,Clothing,South,Winter,1,0,149,121.1,27.9
2023-12-17,S002,P0015,Clothing,South,Winter,1,0,127,115.0,12.0
2023-12-18,S002,P0015,Clothing,South,Winter,0,0,162,110.8,51.2
2023-12-19,S002,P0015,Clothing,South,Winter,0,0,78,100.1,-22.1
2023-12-20,S002,P0015,Clothing,South,Winter,0,0,64,93.3,-29.3
2023-12-21,S002,P0015,Clothing,South,Winter,0,0,93,95.6,-2.6
2023-12-22,S002,P0015,Clothing,South,Winter,0,0,117,95.5,21.5
2023-12-23,S002,P0015,Clothing,South,Winter,0,0,61,92.7,-31.7
2023-12-24,S002,P0015,Clothing,South,Winter,0,0,80,93.5,-13.5
2023-12-25,S002,P0015,Clothing,South,Winter,1,0,133,117.9,15.1
2023-12-26,S002,P0015,Clothing,South,Winter,0,0,82,101.6,-19.6
2023-12-27,S002,P0015,Clothing,South,Winter,1,1,221,136.1,84.9
2023-12-28,S002,P0015,Clothing,South,Winter,1,1,106,119.9,-13.9
2023-12-29,S002,P0015,Clothing,South,Winter,0,1,153,115.2,37.8
2023-12-30,S002,P0015,Clothing,South,Winter,0,1,125,100.2,24.8
2023-12-31,S002,P0015,Clothing,South,Winter,0,1,165,109.8,55.2
2024-01-01,S002,P0015,Clothing,South,Winter,1,1,121,131.5,-10.5
2024-01-02,S002,P0015,Clothing,South,Winter,0,1,185,116.8,68.2
2024-01-03,S002,P0015,Clothing,South,Winter,1,1,139,145.3,-6.3
2024-01-04,S002,P0015,Clothing,South,Winter,0,1,154,113.0,41.0
2024-01-05,S002,P0015,Clothing,South,Winter,0,1,133,105.3,27.7
2024-01-06,S002,P0015,Clothing,South,Winter,0,1,31,83.0,-52.0
2024-01-07,S002,P0015,Clothing,South,Winter,1,1,230,158.7,71.3
2024-01-08,S002,P0015,Clothing,South,Winter,0,1,100,105.5,-5.5
2024-01-09,S002,P0015,Clothing,South,Winter,1,0,135,138.1,-3.1
2024-01-10,S002,P0015,Clothing,South,Winter,0,0,96,100.5,-4.5
2024-01-11,S002,P0015,Clothing,South,Winter,0,0,90,101.9,-11.9
2024-01-12,S002,P0015,Clothing,South,Winter,1,0,130,130.3,-0.3
2024-01-13,S002,P0015,Clothing,South,Winter,1,0,162,148.9,13.1
2024-01-14,S002,P0015,Clothing,South,Winter,0,0,137,109.5,27.5
2024-01-15,S002,P0015,Clothing,South,Winter,0,0,170,106.1,63.9
2024-01-16,S002,P0015,Clothing,South,Winter,0,0,92,101.1,-9.1
2024-01-17,S002,P0015,Clothing,South,Winter,0,0,99,104.7,-5.7
2024-01-18,S002,P0015,Clothing,South,Winter,0,0,125,126.7,-1.7
2024-01-19,S002,P0015,Clothing,South,Winter,0,0,123,105.4,17.6
2024-01-20,S002,P0015,Clothing,South,Winter,1,0,202,152.2,49.8
2024-01-21,S002,P0015,Clothing,South,Winter,0,0,139,101.9,37.1
2024-01-22,S002,P0015,Clothing,South,Winter,0,0,111,99.8,11.2
2024-01-23,S002,P0015,Clothing,South,Winter,0,0,108,101.9,6.1
2024-01-24,S002,P0015,Clothing,South,Winter,0,0,79,116.9,-37.9
2024-01-25,S002,P0015,Clothing,South,Winter,0,0,121,122.7,-1.7
2024-01-26,S002,P0015,Clothing,South,Winter,1,0,206,155.0,51.0
2024-01-27,S002,P0015,Clothing,South,Winter,1,0,179,164.1,14.9
2024-01-28,S002,P0015,Clothing,South,Winter,1,0,58,128.5,-70.5
2024-01-29,S002,P0015,Clothing,South,Winter,0,0,122,104.5,17.5
2024-01-30,S002,P0015,Clothing,South,Winter,0,0,67,101.9,-34.9
2023-09-07,S002,P0016,Clothing,South,Autumn,0,0,106,98.0,8.0
2023-09-08,S002,P0016,Clothing,South,Autumn,0,0,84,109.0,-25.0
2023-09-09,S002,P0016,Clothing,South,Autumn,1,0,131,140.3,-9.3
2023-09-10,S002,P0016,Clothing,South,Autumn,1,0,144,129.4,14.6
2023-09-11,S002,P0016,Clothing,South,Autumn,0,0,113,101.3,11.7
2023-09-12,S002,P0016,Clothing,South,Autumn,1,0,85,124.5,-39.5
2023-09-13,S002,P0016,Clothing,South,Autumn,0,0,114,88.8,25.2
2023-09-14,S002,P0016,Clothing,South,Autumn,0,0,108,87.2,20.8
2023-09-15,S002,P0016,Clothing,South,Autumn,0,0,66,87.1,-21.1
2023-09-16,S002,P0016,Clothing,South,Autumn,1,0,162,137.9,24.1
2023-09-17,S002,P0016,Clothing,South,Autumn,0,0,111,98.0,13.0
2023-09-18,S002,P0016,Clothing,South,Autumn,0,0,132,102.3,29.7
2023-09-19,S002,P0016,Clothing,South,Autumn,0,0,106,108.7,-2.7
2023-09-20,S002,P0016,Clothing,South,Autumn,0,0,89,87.2,1.8
2023-09-21,S002,P0016,Clothing,South,Autumn,0,0,115,110.2,4.8
2023-09-22,S002,P0016,Clothing,South,Autumn,1,0,62,112.3,-50.3
2023-09-23,S002,P0016,Clothing,South,Autumn,0,0,112,98.1,13.9
2023-09-24,S002,P0016,Clothing,South,Autumn,1,0,187,154.5,32.5
2023-09-25,S002,P0016,Clothing,South,Autumn,0,0,86,104.6,-18.6
2023-09-26,S002,P0016,Clothing,South,Autumn,0,0,57,93.2,-36.2
2023-09-27,S002,P0016,Clothing,South,Autumn,1,0,118,121.7,-3.7
2023-09-28,S002,P0016,Clothing,South,Autumn,1,0,54,116.3,-62.3
2023-09-29,S002,P0016,Clothing,South,Autumn,0,0,123,100.0,23.0
2023-09-30,S002,P0016,Clothing,South,Autumn,0,0,81,93.1,-12.1
2023-10-01,S002,P0016,Clothing,South,Autumn,0,0,77,87.0,-10.0
2023-10-02,S002,P0016,Clothing,South,Autumn,1,0,179,131.0,48.0
2023-10-03,S002,P0016,Clothing,South,Autumn,0,0,70,87.3,-17.3
2023-10-04,S002,P0016,Clothing,South,Autumn,1,0,156,133.7,22.3
2023-10-05,S002,P0016,Clothing,South,Autumn,1,0,117,140.7,-23.7
2023-10-06,S002,P0016,Clothing,South,Autumn,1,0,130,119.7,10.3
2023-10-07,S002,P0016,Clothing,South,Autumn,1,1,121,125.9,-4.9
2023-10-08,S002,P0016,Clothing,South,Autumn,0,1,81,106.4,-25.4
2023-10-09,S002,P0016,Clothing,South,Autumn,1,1,72,119.4,-47.3
2023-10-10,S002,P0016,Clothing,South,Autumn,0,1,144,105.8,38.2
2023-10-11,S002,P0016,Clothing,South,Autumn,0,1,144,97.7,46.3
2023-10-12,S002,P0016,Clothing,South,Autumn,0,1,77,102.2,-25.2
2023-10-13,S002,P0016,Clothing,South,Autumn,1,1,157,125.6,31.4
2023-10-14,S002,P0016,Clothing,South,Autumn,0,1,92,90.0,2.0
2023-10-15,S002,P0016,Clothing,South,Autumn,0,1,133,102.3,30.7
2023-10-16,S002,P0016,Clothing,South,Autumn,0,1,92,94.8,-2.8
2023-10-17,S002,P0016,Clothing,South,Autumn,0,1,114,98.0,16.0
2023-10-18,S002,P0016,Clothing,South,Autumn,1,1,54,112.7,-58.7
2023-10-19,S002,P0016,Clothing,South,Autumn,0,1,44,88.3,-44.3
2023-10-20,S002,P0016,Clothing,South,Autumn,0,1,90,93.1,-3.1
2023-10-21,S002,P0016,Clothing,South,Autumn,0,1,94,97.7,-3.7
2023-10-22,S002,P0016,Clothing,South,Autumn,0,1,95,100.3,-5.3
2023-10-23,S002,P0016,Clothing,South,Autumn,1,1,172,141.4,30.6
2023-10-24,S002,P0016,Clothing,South,Autumn,0,1,98,99.3,-1.3
2023-10-25,S002,P0016,Clothing,South,Autumn,0,0,62,90.6,-28.7
2023-10-26,S002,P0016,Clothing,South,Autumn,0,0,95,96.1,-1.1
2023-10-27,S002,P0016,Clothing,South,Autumn,0,0,101,97.9,3.1
2023-10-28,S002,P0016,Clothing,South,Autumn,1,0,151,141.2,9.8
2023-10-29,S002,P0016,Clothing,South,Autumn,0,0,54,95.7,-41.7
2023-10-30,S002,P0016,Clothing,South,Autumn,0,0,111,100.3,10.7
2023-10-31,S002,P0016,Clothing,South,Autumn,0,0,157,96.0,61.0
2023-11-01,S002,P0016,Clothing,South,Autumn,1,0,149,132.5,16.5
2023-11-02,S002,P0016,Clothing,South,Autumn,0,0,95,106.1,-11.1
2023-11-03,S002,P0016,Clothing,South,Autumn,1,0,104,127.8,-23.8
2023-11-04,S002,P0016,Clothing,South,Autumn,0,0,93,94.5,-1.5
2023-11-05,S002,P0016,Clothing,South,Autumn,1,0,120,120.4,-0.4
2023-11-06,S002,P0016,Clothing,South,Autumn,0,0,88,92.8,-4.8
2023-11-07,S002,P0016,Clothing,South,Autumn,0,0,108,109.0,-1.0
2023-11-08,S002,P0016,Clothing,South,Autumn,0,0,74,92.0,-18.0
2023-11-09,S002,P0016,Clothing,South,Autumn,1,0,147,120.5,26.5
2023-11-10,S002,P0016,Clothing,South,Autumn,0,0,104,99.0,5.0
2023-11-11,S002,P0016,Clothing,South,Autumn,0,0,62,92.4,-30.4
2023-11-12,S002,P0016,Clothing,South,Autumn,1,0,142,151.1,-9.1
2023-11-13,S002,P0016,Clothing,South,Autumn,1,0,137,133.1,3.9
2023-11-14,S002,P0016,Clothing,South,Autumn,0,0,93,97.5,-4.5
2023-11-15,S002,P0016,Clothing,South,Autumn,0,0,102,87.8,14.2
2023-11-16,S002,P0016,Clothing,South,Autumn,0,0,80,93.9,-13.9
2023-11-17,S002,P0016,Clothing,South,Autumn,1,0,126,122.9,3.1
2023-11-18,S002,P0016,Clothing,South,Autumn,0,0,78,106.0,-28.0
2023-11-19,S002,P0016,Clothing,South,Autumn,1,0,136,130.0,6.0
2023-11-20,S002,P0016,Clothing,South,Autumn,0,0,124,98.8,25.2
2023-11-21,S002,P0016,Clothing,South,Autumn,1,0,146,124.8,21.2
2023-11-22,S002,P0016,Clothing,South,Autumn,0,0,120,95.0,25.0
2023-11-23,S002,P0016,Clothing,South,Autumn,1,0,107,127.5,-20.5
2023-11-24,S002,P0016,Clothing,South,Autumn,0,0,64,95.6,-31.6
2023-11-25,S002,P0016,Clothing,South,Autumn,0,0,46,89.7,-43.7
2023-11-26,S002,P0016,Clothing,South,Autumn,0,0,88,93.7,-5.7
2023-11-27,S002,P0016,Clothing,South,Autumn,0,0,100,106.2,-6.2
2023-11-28,S002,P0016,Clothing,South,Autumn,0,0,82,87.1,-5.1
2023-11-29,S002,P0016,Clothing,South,Autumn,0,0,74,87.1,-13.1
2023-11-30,S002,P0016,Clothing,South,Autumn,0,0,107,90.4,16.6
2023-12-01,S002,P0016,Clothing,South,Winter,1,0,149,121.3,27.7
2023-12-02,S002,P0016,Clothing,South,Winter,0,0,94,96.7,-2.7
2023-12-03,S002,P0016,Clothing,South,Winter,1,0,205,171.1,33.9
2023-12-04,S002,P0016,Clothing,South,Winter,1,0,144,149.4,-5.4
2023-12-05,S002,P0016,Clothing,South,Winter,1,0,189,151.9,37.1
2023-12-06,S002,P0016,Clothing,South,Winter,0,0,81,120.8,-39.8
2023-12-07,S002,P0016,Clothing,South,Winter,1,0,187,171.3,15.7
2023-12-08,S002,P0016,Clothing,South,Winter,1,0,131,145.8,-14.8
2023-12-09,S002,P0016,Clothing,South,Winter,0,0,143,144.0,-1.0
2023-12-10,S002,P0016,Clothing,South,Winter,0,0,105,106.5,-1.5
2023-12-11,S002,P0016,Clothing,South,Winter,0,0,67,96.4,-29.4
2023-12-12,S002,P0016,Clothing,South,Winter,0,0,98,102.4,-4.4
2023-12-13,S002,P0016,Clothing,South,Winter,0,0,84,110.5,-26.5
2023-12-14,S002,P0016,Clothing,South,Winter,0,0,86,110.8,-24.8
2023-12-15,S002,P0016,Clothing,South,Winter,0,0,182,128.2,53.8
2023-12-16,S002,P0016,Clothing,South,Winter,0,0,82,101.0,-19.0
2023-12-17,S002,P0016,Clothing,South,Winter,0,0,102,101.2,0.8
2023-12-18,S002,P0016,Clothing,South,Winter,1,0,101,146.3,-45.3
2023-12-19,S002,P0016,Clothing,South,Winter,0,0,118,103.0,15.0
2023-12-20,S002,P0016,Clothing,South,Winter,0,0,95,95.8,-0.8
2023-12-21,S002,P0016,Clothing,South,Winter,0,0,159,106.5,52.5
2023-12-22,S002,P0016,Clothing,South,Winter,1,0,119,131.8,-12.8
2023-12-23,S002,P0016,Clothing,South,Winter,1,0,128,131.9,-3.9
2023-12-24,S002,P0016,Clothing,South,Winter,0,0,150,112.0,38.0
2023-12-25,S002,P0016,Clothing,South,Winter,0,0,132,109.2,22.8
2023-12-26,S002,P0016,Clothing,South,Winter,1,0,154,151.3,2.7
2023-12-27,S002,P0016,Clothing,South,Winter,0,1,130,121.6,8.4
2023-12-28,S002,P0016,Clothing,South,Winter,0,1,116,112.2,3.8
2023-12-29,S002,P0016,Clothing,South,Winter,0,1,114,111.4,2.6
2023-12-30,S002,P0016,Clothing,South,Winter,0,1,125,109.0,16.0
2023-12-31,S002,P0016,Clothing,South,Winter,0,1,62,110.6,-48.6
2024-01-01,S002,P0016,Clothing,South,Winter,0,1,134,119.1,14.9
2024-01-02,S002,P0016,Clothing,South,Winter,0,1,127,122.8,4.2
2024-01-03,S002,P0016,Clothing,South,Winter,0,1,92,102.6,-10.6
2024-01-04,S002,P0016,Clothing,South,Winter,0,1,107,112.8,-5.8
2024-01-05,S002,P0016,Clothing,South,Winter,0,1,117,106.0,11.0
2024-01-06,S002,P0016,Clothing,South,Winter,0,1,129,102.7,26.3
2024-01-07,S002,P0016,Clothing,South,Winter,1,1,134,149.6,-15.6
2024-01-08,S002,P0016,Clothing,South,Winter,1,1,184,149.9,34.1
2024-01-09,S002,P0016,Clothing,South,Winter,1,0,237,171.8,65.2
2024-01-10,S002,P0016,Clothing,South,Winter,1,0,102,139.4,-37.4
2024-01-11,S002,P0016,Clothing,South,Winter,0,0,132,133.3,-1.3
2024-01-12,S002,P0016,Clothing,South,Winter,0,0,113,111.0,2.0
2024-01-13,S002,P0016,Clothing,South,Winter,1,0,173,171.2,1.8
2024-01-14,S002,P0016,Clothing,South,Winter,1,0,155,167.2,-12.2
2024-01-15,S002,P0016,Clothing,South,Winter,1,0,88,150.3,-62.3
2024-01-16,S002,P0016,Clothing,South,Winter,1,0,159,138.9,20.1
2024-01-17,S002,P0016,Clothing,South,Winter,0,0,88,103.4,-15.4
2024-01-18,S002,P0016,Clothing,South,Winter,1,0,173,164.7,8.3
2024-01-19,S002,P0016,Clothing,South,Winter,0,0,32,94.9,-62.9
2024-01-20,S002,P0016,Clothing,South,Winter,0,0,224,161.6,62.4
2024-01-21,S002,P0016,Clothing,South,Winter,0,0,103,110.0,-7.0
2024-01-22,S002,P0016,Clothing,South,Winter,0,0,49,99.1,-50.1
2024-01-23,S002,P0016,Clothing,South,Winter,1,0,106,134.5,-28.5
2024-01-24,S002,P0016,Clothing,South,Winter,0,0,72,121.0,-49.0
2024-01-25,S002,P0016,Clothing,South,Winter,0,0,132,118.2,13.8
2024-01-26,S002,P0016,Clothing,South,Winter,0,0,101,118.7,-17.7
2024-01-27,S002,P0016,Clothing,South,Winter,0,0,110,124.2,-14.2
2024-01-28,S002,P0016,Clothing,South,Winter,0,0,61,102.0,-41.0
2024-01-29,S002,P0016,Clothing,South,Winter,0,0,137,96.6,40.4
2024-01-30,S002,P0016,Clothing,South,Winter,0,0,105,104.3,0.7
2023-09-07,S002,P0017,Toys,South,Autumn,0,0,119,94.3,24.7
2023-09-08,S002,P0017,Toys,South,Autumn,0,0,150,103.9,46.1
2023-09-09,S002,P0017,Toys,South,Autumn,1,0,125,125.5,-0.5
2023-09-10,S002,P0017,Toys,South,Autumn,1,0,188,128.7,59.3
2023-09-11,S002,P0017,Toys,South,Autumn,1,0,153,137.6,15.4
2023-09-12,S002,P0017,Toys,South,Autumn,0,0,91,88.6,2.4
2023-09-13,S002,P0017,Toys,South,Autumn,0,0,53,73.4,-20.4
2023-09-14,S002,P0017,Toys,South,Autumn,0,0,44,71.2,-27.2
2023-09-15,S002,P0017,Toys,South,Autumn,0,0,62,84.8,-22.8
2023-09-16,S002,P0017,Toys,South,Autumn,1,0,106,108.3,-2.3
2023-09-17,S002,P0017,Toys,South,Autumn,1,0,56,100.5,-44.5
2023-09-18,S002,P0017,Toys,South,Autumn,0,0,152,89.4,62.6
2023-09-19,S002,P0017,Toys,South,Autumn,1,0,120,131.3,-11.3
2023-09-20,S002,P0017,Toys,South,Autumn,0,0,110,92.0,18.0
2023-09-21,S002,P0017,Toys,South,Autumn,1,0,113,125.4,-12.4
2023-09-22,S002,P0017,Toys,South,Autumn,1,0,111,110.6,0.4
2023-09-23,S002,P0017,Toys,South,Autumn,0,0,95,86.6,8.4
2023-09-24,S002,P0017,Toys,South,Autumn,0,0,109,102.6,6.4
2023-09-25,S002,P0017,Toys,South,Autumn,1,0,57,98.9,-41.9
2023-09-26,S002,P0017,Toys,South,Autumn,1,0,95,110.8,-15.8
2023-09-27,S002,P0017,Toys,South,Autumn,0,0,120,89.6,30.4
2023-09-28,S002,P0017,Toys,South,Autumn,0,0,68,84.8,-16.8
2023-09-29,S002,P0017,Toys,South,Autumn,0,0,116,90.9,25.1
2023-09-30,S002,P0017,Toys,South,Autumn,0,0,102,88.0,14.0
2023-10-01,S002,P0017,Toys,South,Autumn,0,0,109,85.8,23.2
2023-10-02,S002,P0017,Toys,South,Autumn,0,0,135,100.0,35.0
2023-10-03,S002,P0017,Toys,South,Autumn,0,0,110,87.0,23.0
2023-10-04,S002,P0017,Toys,South,Autumn,0,0,73,84.3,-11.3
2023-10-05,S002,P0017,Toys,South,Autumn,0,0,167,101.9,65.1
2023-10-06,S002,P0017,Toys,South,Autumn,0,0,69,85.4,-16.5
2023-10-07,S002,P0017,Toys,South,Autumn,0,1,19,41.0,-22.0
2023-10-08,S002,P0017,Toys,South,Autumn,1,1,63,85.9,-22.9
2023-10-09,S002,P0017,Toys,South,Autumn,0,1,11,26.0,-15.0
2023-10-10,S002,P0017,Toys,South,Autumn,1,1,41,28.7,12.3
2023-10-11,S002,P0017,Toys,South,Autumn,0,1,23,23.8,-0.8
2023-10-12,S002,P0017,Toys,South,Autumn,1,1,28,35.3,-7.3
2023-10-13,S002,P0017,Toys,South,Autumn,0,1,8,26.9,-18.9
2023-10-14,S002,P0017,Toys,South,Autumn,0,1,27,27.6,-0.6
2023-10-15,S002,P0017,Toys,South,Autumn,0,1,25,26.0,-1.0
2023-10-16,S002,P0017,Toys,South,Autumn,0,1,44,31.4,12.6
2023-10-17,S002,P0017,Toys,South,Autumn,1,1,49,36.8,12.2
2023-10-18,S002,P0017,Toys,South,Autumn,1,1,16,33.9,-17.9
2023-10-19,S002,P0017,Toys,South,Autumn,1,1,42,36.5,5.5
2023-10-20,S002,P0017,Toys,South,Autumn,1,1,30,33.5,-3.5
2023-10-21,S002,P0017,Toys,South,Autumn,0,1,27,27.8,-0.8
2023-10-22,S002,P0017,Toys,South,Autumn,0,1,16,28.3,-12.3
2023-10-23,S002,P0017,Toys,South,Autumn,0,1,8,27.0,-19.0
2023-10-24,S002,P0017,Toys,South,Autumn,1,1,17,39.6,-22.6
2023-10-25,S002,P0017,Toys,South,Autumn,0,0,78,91.3,-13.3
2023-10-26,S002,P0017,Toys,South,Autumn,1,0,104,116.2,-12.2
2023-10-27,S002,P0017,Toys,South,Autumn,0,0,119,109.7,9.3
2023-10-28,S002,P0017,Toys,South,Autumn,1,0,164,126.5,37.5
2023-10-29,S002,P0017,Toys,South,Autumn,0,0,69,93.4,-24.3
2023-10-30,S002,P0017,Toys,South,Autumn,0,0,71,85.1,-14.1
2023-10-31,S002,P0017,Toys,South,Autumn,0,0,39,85.4,-46.4
2023-11-01,S002,P0017,Toys,South,Autumn,0,0,90,94.4,-4.4
2023-11-02,S002,P0017,Toys,South,Autumn,1,0,144,134.2,9.8
2023-11-03,S002,P0017,Toys,South,Autumn,0,0,117,98.2,18.8
2023-11-04,S002,P0017,Toys,South,Autumn,1,0,158,114.4,43.6
2023-11-05,S002,P0017,Toys,South,Autumn,0,0,59,74.2,-15.2
2023-11-06,S002,P0017,Toys,South,Autumn,0,0,69,78.0,-9.0
2023-11-07,S002,P0017,Toys,South,Autumn,1,0,156,146.9,9.1
2023-11-08,S002,P0017,Toys,South,Autumn,1,0,72,107.0,-35.0
2023-11-09,S002,P0017,Toys,South,Autumn,1,0,103,114.2,-11.2
2023-11-10,S002,P0017,Toys,South,Autumn,0,0,92,87.6,4.4
2023-11-11,S002,P0017,Toys,South,Autumn,0,0,129,89.5,39.5
2023-11-12,S002,P0017,Toys,South,Autumn,0,0,98,100.1,-2.1
2023-11-13,S002,P0017,Toys,South,Autumn,0,0,101,100.6,0.4
2023-11-14,S002,P0017,Toys,South,Autumn,1,0,94,117.0,-23.0
2023-11-15,S002,P0017,Toys,South,Autumn,1,0,110,110.7,-0.7
2023-11-16,S002,P0017,Toys,South,Autumn,0,0,73,82.4,-9.4
2023-11-17,S002,P0017,Toys,South,Autumn,0,0,97,82.1,14.9
2023-11-18,S002,P0017,Toys,South,Autumn,0,0,58,90.2,-32.2
2023-11-19,S002,P0017,Toys,South,Autumn,0,0,73,88.7,-15.7
2023-11-20,S002,P0017,Toys,South,Autumn,0,0,87,88.5,-1.5
2023-11-21,S002,P0017,Toys,South,Autumn,0,0,115,87.1,27.9
2023-11-22,S002,P0017,Toys,South,Autumn,1,0,140,102.0,38.0
2023-11-23,S002,P0017,Toys,South,Autumn,1,0,143,110.4,32.6
2023-11-24,S002,P0017,Toys,South,Autumn,0,0,134,89.7,44.3
2023-11-25,S002,P0017,Toys,South,Autumn,0,0,31,72.8,-41.8
2023-11-26,S002,P0017,Toys,South,Autumn,1,0,153,116.0,37.0
2023-11-27,S002,P0017,Toys,South,Autumn,0,0,113,101.3,11.7
2023-11-28,S002,P0017,Toys,South,Autumn,0,0,75,81.4,-6.4
2023-11-29,S002,P0017,Toys,South,Autumn,0,0,82,85.5,-3.5
2023-11-30,S002,P0017,Toys,South,Autumn,0,0,84,84.8,-0.8
2023-12-01,S002,P0017,Toys,South,Winter,0,0,108,93.0,15.0
2023-12-02,S002,P0017,Toys,South,Winter,0,0,55,86.1,-31.1
2023-12-03,S002,P0017,Toys,South,Winter,0,0,108,89.0,19.0
2023-12-04,S002,P0017,Toys,South,Winter,0,0,110,96.3,13.7
2023-12-05,S002,P0017,Toys,South,Winter,0,0,39,95.5,-56.5
2023-12-06,S002,P0017,Toys,South,Winter,1,0,120,117.2,2.8
2023-12-07,S002,P0017,Toys,South,Winter,0,0,108,94.2,13.8
2023-12-08,S002,P0017,Toys,South,Winter,1,0,69,105.3,-36.3
2023-12-09,S002,P0017,Toys,South,Winter,0,0,66,95.5,-29.5
2023-12-10,S002,P0017,Toys,South,Winter,0,0,113,91.4,21.7
2023-12-11,S002,P0017,Toys,South,Winter,1,0,132,105.7,26.3
2023-12-12,S002,P0017,Toys,South,Winter,1,0,103,107.5,-4.5
2023-12-13,S002,P0017,Toys,South,Winter,0,0,132,101.2,30.8
2023-12-14,S002,P0017,Toys,South,Winter,0,0,65,99.4,-34.4
2023-12-15,S002,P0017,Toys,South,Winter,1,0,129,131.1,-2.1
2023-12-16,S002,P0017,Toys,South,Winter,1,0,54,103.7,-49.7
2023-12-17,S002,P0017,Toys,South,Winter,0,0,101,90.3,10.7
2023-12-18,S002,P0017,Toys,South,Winter,0,0,93,101.2,-8.2
2023-12-19,S002,P0017,Toys,South,Winter,0,0,56,79.1,-23.1
2023-12-20,S002,P0017,Toys,South,Winter,1,0,129,107.3,21.7
2023-12-21,S002,P0017,Toys,South,Winter,0,0,92,89.7,2.3
2023-12-22,S002,P0017,Toys,South,Winter,1,0,209,117.0,92.0
2023-12-23,S002,P0017,Toys,South,Winter,0,0,118,97.3,20.7
2023-12-24,S002,P0017,Toys,South,Winter,1,0,51,97.0,-46.0
2023-12-25,S002,P0017,Toys,South,Winter,0,0,97,83.0,14.0
2023-12-26,S002,P0017,Toys,South,Winter,0,0,144,101.9,42.1
2023-12-27,S002,P0017,Toys,South,Winter,1,1,39,85.0,-46.0
2023-12-28,S002,P0017,Toys,South,Winter,0,1,26,46.2,-20.2
2023-12-29,S002,P0017,Toys,South,Winter,0,1,22,49.9,-27.9
2023-12-30,S002,P0017,Toys,South,Winter,0,1,22,23.7,-1.7
2023-12-31,S002,P0017,Toys,South,Winter,0,1,27,28.9,-1.9
2024-01-01,S002,P0017,Toys,South,Winter,0,1,13,28.6,-15.6
2024-01-02,S002,P0017,Toys,South,Winter,0,1,17,29.0,-12.0
2024-01-03,S002,P0017,Toys,South,Winter,0,1,12,26.7,-14.7
2024-01-04,S002,P0017,Toys,South,Winter,0,1,15,27.6,-12.6
2024-01-05,S002,P0017,Toys,South,Winter,1,1,17,32.1,-15.1
2024-01-06,S002,P0017,Toys,South,Winter,0,1,26,27.7,-1.7
2024-01-07,S002,P0017,Toys,South,Winter,0,1,21,28.5,-7.5
2024-01-08,S002,P0017,Toys,South,Winter,1,1,66,37.2,28.8
2024-01-09,S002,P0017,Toys,South,Winter,0,0,50,92.7,-42.7
2024-01-10,S002,P0017,Toys,South,Winter,1,0,43,104.9,-61.9
2024-01-11,S002,P0017,Toys,South,Winter,0,0,79,98.4,-19.3
2024-01-12,S002,P0017,Toys,South,Winter,0,0,132,102.4,29.6
2024-01-13,S002,P0017,Toys,South,Winter,1,0,99,111.2,-12.2
2024-01-14,S002,P0017,Toys,South,Winter,0,0,90,94.5,-4.5
2024-01-15,S002,P0017,Toys,South,Winter,0,0,100,92.8,7.2
2024-01-16,S002,P0017,Toys,South,Winter,0,0,100,90.2,9.8
2024-01-17,S002,P0017,Toys,South,Winter,0,0,108,94.0,14.0
2024-01-18,S002,P0017,Toys,South,Winter,0,0,96,100.4,-4.5
2024-01-19,S002,P0017,Toys,South,Winter,0,0,76,82.3,-6.3
2024-01-20,S002,P0017,Toys,South,Winter,1,0,156,130.9,25.1
2024-01-21,S002,P0017,Toys,South,Winter,1,0,148,115.5,32.5
2024-01-22,S002,P0017,Toys,South,Winter,1,0,136,116.2,19.8
2024-01-23,S002,P0017,Toys,South,Winter,0,0,68,79.1,-11.1
2024-01-24,S002,P0017,Toys,South,Winter,1,0,99,129.1,-30.1
2024-01-25,S002,P0017,Toys,South,Winter,0,0,98,101.0,-3.0
2024-01-26,S002,P0017,Toys,South,Winter,0,0,81,100.4,-19.4
2024-01-27,S002,P0017,Toys,South,Winter,1,0,99,107.6,-8.6
2024-01-28,S002,P0017,Toys,South,Winter,1,0,124,125.0,-1.0
2024-01-29,S002,P0017,Toys,South,Winter,0,0,79,88.3,-9.3
2024-01-30,S002,P0017,Toys,South,Winter,0,0,72,89.8,-17.8
2023-09-07,S002,P0018,Clothing,South,Autumn,0,0,87,99.3,-12.3
2023-09-08,S002,P0018,Clothing,South,Autumn,1,0,138,128.6,9.4
2023-09-09,S002,P0018,Clothing,South,Autumn,0,0,119,104.8,14.2
2023-09-10,S002,P0018,Clothing,South,Autumn,0,0,82,99.7,-17.7
2023-09-11,S002,P0018,Clothing,South,Autumn,0,0,111,101.8,9.2
2023-09-12,S002,P0018,Clothing,South,Autumn,0,0,92,102.8,-10.8
2023-09-13,S002,P0018,Clothing,South,Autumn,0,0,84,87.8,-3.8
2023-09-14,S002,P0018,Clothing,South,Autumn,1,0,131,123.3,7.7
2023-09-15,S002,P0018,Clothing,South,Autumn,0,0,105,84.2,20.8
2023-09-16,S002,P0018,Clothing,South,Autumn,1,0,110,114.4,-4.4
2023-09-17,S002,P0018,Clothing,South,Autumn,1,0,144,119.8,24.2
2023-09-18,S002,P0018,Clothing,South,Autumn,0,0,80,98.6,-18.6
2023-09-19,S002,P0018,Clothing,South,Autumn,0,0,66,101.4,-35.4
2023-09-20,S002,P0018,Clothing,South,Autumn,0,0,62,85.0,-23.0
2023-09-21,S002,P0018,Clothing,South,Autumn,0,0,127,102.8,24.2
2023-09-22,S002,P0018,Clothing,South,Autumn,1,0,109,112.6,-3.6
2023-09-23,S002,P0018,Clothing,South,Autumn,1,0,113,113.0,0.0
2023-09-24,S002,P0018,Clothing,South,Autumn,1,0,118,123.9,-5.9
2023-09-25,S002,P0018,Clothing,South,Autumn,0,0,113,100.6,12.4
2023-09-26,S002,P0018,Clothing,South,Autumn,0,0,114,94.2,19.8
2023-09-27,S002,P0018,Clothing,South,Autumn,0,0,87,91.1,-4.1
2023-09-28,S002,P0018,Clothing,South,Autumn,1,0,83,110.6,-27.6
2023-09-29,S002,P0018,Clothing,South,Autumn,0,0,73,93.7,-20.7
2023-09-30,S002,P0018,Clothing,South,Autumn,0,0,76,90.0,-14.0
2023-10-01,S002,P0018,Clothing,South,Autumn,0,0,125,86.9,38.1
2023-10-02,S002,P0018,Clothing,South,Autumn,1,0,209,133.6,75.4
2023-10-03,S002,P0018,Clothing,South,Autumn,0,0,60,84.6,-24.6
2023-10-04,S002,P0018,Clothing,South,Autumn,0,0,62,84.4,-22.4
2023-10-05,S002,P0018,Clothing,South,Autumn,1,0,187,132.6,54.4
2023-10-06,S002,P0018,Clothing,South,Autumn,0,0,111,84.2,26.8
2023-10-07,S002,P0018,Clothing,South,Autumn,1,1,113,117.5,-4.5
2023-10-08,S002,P0018,Clothing,South,Autumn,1,1,162,136.6,25.4
2023-10-09,S002,P0018,Clothing,South,Autumn,0,1,80,99.6,-19.6
2023-10-10,S002,P0018,Clothing,South,Autumn,0,1,170,88.2,81.8
2023-10-11,S002,P0018,Clothing,South,Autumn,0,1,116,97.8,18.2
2023-10-12,S002,P0018,Clothing,South,Autumn,1,1,157,139.3,17.7
2023-10-13,S002,P0018,Clothing,South,Autumn,1,1,83,121.7,-38.7
2023-10-14,S002,P0018,Clothing,South,Autumn,0,1,131,97.5,33.5
2023-10-15,S002,P0018,Clothing,South,Autumn,1,1,89,121.1,-32.1
2023-10-16,S002,P0018,Clothing,South,Autumn,0,1,77,82.8,-5.8
2023-10-17,S002,P0018,Clothing,South,Autumn,0,1,122,94.0,28.0
2023-10-18,S002,P0018,Clothing,South,Autumn,0,1,134,98.9,35.1
2023-10-19,S002,P0018,Clothing,South,Autumn,1,1,64,116.4,-52.4
2023-10-20,S002,P0018,Clothing,South,Autumn,1,1,142,122.9,19.1
2023-10-21,S002,P0018,Clothing,South,Autumn,0,1,76,91.0,-15.0
2023-10-22,S002,P0018,Clothing,South,Autumn,0,1,83,101.5,-18.5
2023-10-23,S002,P0018,Clothing,South,Autumn,0,1,118,110.7,7.3
2023-10-24,S002,P0018,Clothing,South,Autumn,0,1,62,102.2,-40.2
2023-10-25,S002,P0018,Clothing,South,Autumn,0,0,58,89.9,-31.9
2023-10-26,S002,P0018,Clothing,South,Autumn,0,0,89,89.0,-0.0
2023-10-27,S002,P0018,Clothing,South,Autumn,0,0,79,89.6,-10.6
2023-10-28,S002,P0018,Clothing,South,Autumn,1,0,166,125.7,40.3
2023-10-29,S002,P0018,Clothing,South,Autumn,0,0,122,94.8,27.2
2023-10-30,S002,P0018,Clothing,South,Autumn,0,0,51,94.4,-43.3
2023-10-31,S002,P0018,Clothing,South,Autumn,0,0,75,82.6,-7.6
2023-11-01,S002,P0018,Clothing,South,Autumn,0,0,97,91.2,5.8
2023-11-02,S002,P0018,Clothing,South,Autumn,1,0,135,132.7,2.3
2023-11-03,S002,P0018,Clothing,South,Autumn,1,0,39,106.4,-67.4
2023-11-04,S002,P0018,Clothing,South,Autumn,0,0,99,90.3,8.7
2023-11-05,S002,P0018,Clothing,South,Autumn,1,0,68,104.1,-36.1
2023-11-06,S002,P0018,Clothing,South,Autumn,0,0,72,89.1,-17.1
2023-11-07,S002,P0018,Clothing,South,Autumn,0,0,76,97.5,-21.5
2023-11-08,S002,P0018,Clothing,South,Autumn,1,0,114,105.8,8.2
2023-11-09,S002,P0018,Clothing,South,Autumn,1,0,126,112.5,13.5
2023-11-10,S002,P0018,Clothing,South,Autumn,0,0,66,89.0,-23.0
2023-11-11,S002,P0018,Clothing,South,Autumn,0,0,142,90.6,51.4
2023-11-12,S002,P0018,Clothing,South,Autumn,1,0,108,126.7,-18.7
2023-11-13,S002,P0018,Clothing,South,Autumn,0,0,83,101.0,-18.0
2023-11-14,S002,P0018,Clothing,South,Autumn,0,0,75,93.8,-18.8
2023-11-15,S002,P0018,Clothing,South,Autumn,1,0,143,117.2,25.8
2023-11-16,S002,P0018,Clothing,South,Autumn,0,0,74,91.0,-17.0
2023-11-17,S002,P0018,Clothing,South,Autumn,0,0,115,93.2,21.8
2023-11-18,S002,P0018,Clothing,South,Autumn,0,0,90,102.7,-12.7
2023-11-19,S002,P0018,Clothing,South,Autumn,1,0,103,115.3,-12.3
2023-11-20,S002,P0018,Clothing,South,Autumn,0,0,59,93.0,-34.0
2023-11-21,S002,P0018,Clothing,South,Autumn,0,0,100,90.1,9.9
2023-11-22,S002,P0018,Clothing,South,Autumn,1,0,83,105.7,-22.7
2023-11-23,S002,P0018,Clothing,South,Autumn,0,0,113,91.1,21.9
2023-11-24,S002,P0018,Clothing,South,Autumn,0,0,55,90.2,-35.2
2023-11-25,S002,P0018,Clothing,South,Autumn,1,0,122,109.9,12.1
2023-11-26,S002,P0018,Clothing,South,Autumn,0,0,99,89.9,9.1
2023-11-27,S002,P0018,Clothing,South,Autumn,0,0,52,97.2,-45.2
2023-11-28,S002,P0018,Clothing,South,Autumn,0,0,87,82.7,4.3
2023-11-29,S002,P0018,Clothing,South,Autumn,0,0,59,82.8,-23.8
2023-11-30,S002,P0018,Clothing,South,Autumn,0,0,98,84.2,13.8
2023-12-01,S002,P0018,Clothing,South,Winter,0,0,68,90.7,-22.7
2023-12-02,S002,P0018,Clothing,South,Winter,1,0,161,118.3,42.7
2023-12-03,S002,P0018,Clothing,South,Winter,0,0,84,87.2,-3.2
2023-12-04,S002,P0018,Clothing,South,Winter,0,0,61,97.9,-36.9
2023-12-05,S002,P0018,Clothing,South,Winter,1,0,107,132.0,-25.0
2023-12-06,S002,P0018,Clothing,South,Winter,0,0,163,99.4,63.6
2023-12-07,S002,P0018,Clothing,South,Winter,0,0,102,101.2,0.8
2023-12-08,S002,P0018,Clothing,South,Winter,0,0,70,91.0,-21.0
2023-12-09,S002,P0018,Clothing,South,Winter,0,0,120,106.3,13.7
2023-12-10,S002,P0018,Clothing,South,Winter,1,0,130,118.5,11.5
2023-12-11,S002,P0018,Clothing,South,Winter,0,0,103,93.0,10.0
2023-12-12,S002,P0018,Clothing,South,Winter,0,0,76,90.7,-14.7
2023-12-13,S002,P0018,Clothing,South,Winter,1,0,148,128.9,19.1
2023-12-14,S002,P0018,Clothing,South,Winter,0,0,175,104.4,70.6
2023-12-15,S002,P0018,Clothing,South,Winter,1,0,213,131.9,81.1
2023-12-16,S002,P0018,Clothing,South,Winter,0,0,102,102.4,-0.4
2023-12-17,S002,P0018,Clothing,South,Winter,1,0,74,123.4,-49.4
2023-12-18,S002,P0018,Clothing,South,Winter,0,0,78,119.8,-41.8
2023-12-19,S002,P0018,Clothing,South,Winter,1,0,102,127.4,-25.4
2023-12-20,S002,P0018,Clothing,South,Winter,0,0,152,102.3,49.7
2023-12-21,S002,P0018,Clothing,South,Winter,1,0,141,139.1,1.9
2023-12-22,S002,P0018,Clothing,South,Winter,0,0,140,104.6,35.4
2023-12-23,S002,P0018,Clothing,South,Winter,1,0,159,135.1,23.9
2023-12-24,S002,P0018,Clothing,South,Winter,0,0,45,98.5,-53.5
2023-12-25,S002,P0018,Clothing,South,Winter,0,0,129,98.3,30.7
2023-12-26,S002,P0018,Clothing,South,Winter,0,0,125,115.3,9.7
2023-12-27,S002,P0018,Clothing,South,Winter,0,1,136,103.4,32.6
2023-12-28,S002,P0018,Clothing,South,Winter,1,1,119,124.8,-5.8
2023-12-29,S002,P0018,Clothing,South,Winter,0,1,126,116.0,10.0
2023-12-30,S002,P0018,Clothing,South,Winter,0,1,136,104.0,32.0
2023-12-31,S002,P0018,Clothing,South,Winter,0,1,48,96.6,-48.6
2024-01-01,S002,P0018,Clothing,South,Winter,1,1,138,124.0,14.0
2024-01-02,S002,P0018,Clothing,South,Winter,0,1,205,122.4,82.6
2024-01-03,S002,P0018,Clothing,South,Winter,0,1,150,104.8,45.2
2024-01-04,S002,P0018,Clothing,South,Winter,1,1,47,123.0,-76.0
2024-01-05,S002,P0018,Clothing,South,Winter,1,1,99,118.7,-19.7
2024-01-06,S002,P0018,Clothing,South,Winter,0,1,180,111.6,68.4
2024-01-07,S002,P0018,Clothing,South,Winter,0,1,100,103.9,-3.9
2024-01-08,S002,P0018,Clothing,South,Winter,0,1,107,104.7,2.3
2024-01-09,S002,P0018,Clothing,South,Winter,0,0,86,109.5,-23.5
2024-01-10,S002,P0018,Clothing,South,Winter,0,0,82,105.1,-23.1
2024-01-11,S002,P0018,Clothing,South,Winter,1,0,98,128.1,-30.1
2024-01-12,S002,P0018,Clothing,South,Winter,1,0,175,140.2,34.8
2024-01-13,S002,P0018,Clothing,South,Winter,0,0,84,102.7,-18.7
2024-01-14,S002,P0018,Clothing,South,Winter,0,0,113,111.2,1.8
2024-01-15,S002,P0018,Clothing,South,Winter,0,0,67,100.3,-33.3
2024-01-16,S002,P0018,Clothing,South,Winter,0,0,23,89.7,-66.7
2024-01-17,S002,P0018,Clothing,South,Winter,0,0,95,87.9,7.1
2024-01-18,S002,P0018,Clothing,South,Winter,0,0,65,95.2,-30.2
2024-01-19,S002,P0018,Clothing,South,Winter,1,0,112,115.3,-3.3
2024-01-20,S002,P0018,Clothing,South,Winter,0,0,73,96.3,-23.3
2024-01-21,S002,P0018,Clothing,South,Winter,0,0,99,90.1,8.9
2024-01-22,S002,P0018,Clothing,South,Winter,1,0,16,99.9,-83.9
2024-01-23,S002,P0018,Clothing,South,Winter,0,0,67,86.5,-19.5
2024-01-24,S002,P0018,Clothing,South,Winter,0,0,103,97.1,5.9
2024-01-25,S002,P0018,Clothing,South,Winter,0,0,120,94.3,25.7
2024-01-26,S002,P0018,Clothing,South,Winter,1,0,179,134.5,44.5
2024-01-27,S002,P0018,Clothing,South,Winter,1,0,218,133.0,85.1
2024-01-28,S002,P0018,Clothing,South,Winter,1,0,147,123.2,23.8
2024-01-29,S002,P0018,Clothing,South,Winter,0,0,85,95.5,-10.5
2024-01-30,S002,P0018,Clothing,South,Winter,0,0,149,104.0,45.0
2023-09-07,S002,P0019,Clothing,South,Autumn,1,0,125,126.8,-1.8
2023-09-08,S002,P0019,Clothing,South,Autumn,0,0,92,108.4,-16.4
2023-09-09,S002,P0019,Clothing,South,Autumn,0,0,116,112.4,3.6
2023-09-10,S002,P0019,Clothing,South,Autumn,0,0,65,96.6,-31.6
2023-09-11,S002,P0019,Clothing,South,Autumn,0,0,90,96.8,-6.8
2023-09-12,S002,P0019,Clothing,South,Autumn,0,0,83,96.2,-13.2
2023-09-13,S002,P0019,Clothing,South,Autumn,0,0,95,87.7,7.3
2023-09-14,S002,P0019,Clothing,South,Autumn,1,0,109,115.7,-6.7
2023-09-15,S002,P0019,Clothing,South,Autumn,0,0,64,86.4,-22.4
2023-09-16,S002,P0019,Clothing,South,Autumn,0,0,67,87.6,-20.6
2023-09-17,S002,P0019,Clothing,South,Autumn,0,0,150,95.4,54.6
2023-09-18,S002,P0019,Clothing,South,Autumn,0,0,67,95.7,-28.7
2023-09-19,S002,P0019,Clothing,South,Autumn,1,0,200,148.2,51.8
2023-09-20,S002,P0019,Clothing,South,Autumn,1,0,139,119.8,19.2
2023-09-21,S002,P0019,Clothing,South,Autumn,0,0,124,110.3,13.7
2023-09-22,S002,P0019,Clothing,South,Autumn,1,0,80,113.4,-33.4
2023-09-23,S002,P0019,Clothing,South,Autumn,1,0,108,128.3,-20.3
2023-09-24,S002,P0019,Clothing,South,Autumn,0,0,57,111.6,-54.6
2023-09-25,S002,P0019,Clothing,South,Autumn,0,0,141,113.6,27.4
2023-09-26,S002,P0019,Clothing,South,Autumn,0,0,54,98.1,-44.1
2023-09-27,S002,P0019,Clothing,South,Autumn,0,0,73,91.9,-18.9
2023-09-28,S002,P0019,Clothing,South,Autumn,1,0,112,129.7,-17.7
2023-09-29,S002,P0019,Clothing,South,Autumn,0,0,56,89.2,-33.2
2023-09-30,S002,P0019,Clothing,South,Autumn,0,0,106,91.8,14.2
2023-10-01,S002,P0019,Clothing,South,Autumn,0,0,60,88.6,-28.6
2023-10-02,S002,P0019,Clothing,South,Autumn,0,0,84,99.9,-15.9
2023-10-03,S002,P0019,Clothing,South,Autumn,0,0,138,92.3,45.7
2023-10-04,S002,P0019,Clothing,South,Autumn,0,0,62,88.8,-26.8
2023-10-05,S002,P0019,Clothing,South,Autumn,0,0,129,101.0,28.0
2023-10-06,S002,P0019,Clothing,South,Autumn,0,0,63,88.6,-25.6
2023-10-07,S002,P0019,Clothing,South,Autumn,1,1,148,131.7,16.3
2023-10-08,S002,P0019,Clothing,South,Autumn,1,1,148,140.8,7.2
2023-10-09,S002,P0019,Clothing,South,Autumn,1,1,90,129.1,-39.1
2023-10-10,S002,P0019,Clothing,South,Autumn,0,1,47,85.6,-38.6
2023-10-11,S002,P0019,Clothing,South,Autumn,0,1,133,96.9,36.1
2023-10-12,S002,P0019,Clothing,South,Autumn,1,1,192,164.3,27.7
2023-10-13,S002,P0019,Clothing,South,Autumn,1,1,130,120.6,9.4
2023-10-14,S002,P0019,Clothing,South,Autumn,0,1,117,99.3,17.7
2023-10-15,S002,P0019,Clothing,South,Autumn,0,1,70,97.2,-27.2
2023-10-16,S002,P0019,Clothing,South,Autumn,0,1,123,106.1,16.9
2023-10-17,S002,P0019,Clothing,South,Autumn,1,1,211,145.7,65.3
2023-10-18,S002,P0019,Clothing,South,Autumn,0,1,115,108.5,6.5
2023-10-19,S002,P0019,Clothing,South,Autumn,1,1,144,138.9,5.1
2023-10-20,S002,P0019,Clothing,South,Autumn,0,1,64,99.2,-35.2
2023-10-21,S002,P0019,Clothing,South,Autumn,1,1,159,135.7,23.3
2023-10-22,S002,P0019,Clothing,South,Autumn,0,1,90,112.1,-22.1
2023-10-23,S002,P0019,Clothing,South,Autumn,0,1,44,111.1,-67.1
2023-10-24,S002,P0019,Clothing,South,Autumn,0,1,143,124.2,18.8
2023-10-25,S002,P0019,Clothing,South,Autumn,0,0,61,93.1,-32.1
2023-10-26,S002,P0019,Clothing,South,Autumn,1,0,137,127.8,9.2
2023-10-27,S002,P0019,Clothing,South,Autumn,0,0,70,96.6,-26.6
2023-10-28,S002,P0019,Clothing,South,Autumn,1,0,101,143.5,-42.5
2023-10-29,S002,P0019,Clothing,South,Autumn,0,0,69,93.3,-24.3
2023-10-30,S002,P0019,Clothing,South,Autumn,0,0,137,94.4,42.6
2023-10-31,S002,P0019,Clothing,South,Autumn,0,0,71,88.1,-17.1
2023-11-01,S002,P0019,Clothing,South,Autumn,1,0,127,121.3,5.7
2023-11-02,S002,P0019,Clothing,South,Autumn,1,0,205,167.1,37.9
2023-11-03,S002,P0019,Clothing,South,Autumn,0,0,73,101.6,-28.7
2023-11-04,S002,P0019,Clothing,South,Autumn,1,0,123,124.9,-1.9
2023-11-05,S002,P0019,Clothing,South,Autumn,0,0,74,99.8,-25.8
2023-11-06,S002,P0019,Clothing,South,Autumn,0,0,97,96.8,0.2
2023-11-07,S002,P0019,Clothing,South,Autumn,0,0,120,108.2,11.8
2023-11-08,S002,P0019,Clothing,South,Autumn,0,0,75,100.7,-25.7
2023-11-09,S002,P0019,Clothing,South,Autumn,0,0,68,94.5,-26.5
2023-11-10,S002,P0019,Clothing,South,Autumn,1,0,107,112.8,-5.8
2023-11-11,S002,P0019,Clothing,South,Autumn,0,0,60,91.2,-31.2
2023-11-12,S002,P0019,Clothing,South,Autumn,0,0,81,101.0,-20.0
2023-11-13,S002,P0019,Clothing,South,Autumn,0,0,108,100.8,7.2
2023-11-14,S002,P0019,Clothing,South,Autumn,0,0,114,91.5,22.5
2023-11-15,S002,P0019,Clothing,South,Autumn,1,0,73,108.4,-35.4
2023-11-16,S002,P0019,Clothing,South,Autumn,0,0,81,90.8,-9.8
2023-11-17,S002,P0019,Clothing,South,Autumn,0,0,117,92.6,24.4
2023-11-18,S002,P0019,Clothing,South,Autumn,1,0,90,124.2,-34.2
2023-11-19,S002,P0019,Clothing,South,Autumn,0,0,133,99.8,33.2
2023-11-20,S002,P0019,Clothing,South,Autumn,0,0,95,97.1,-2.1
2023-11-21,S002,P0019,Clothing,South,Autumn,1,0,121,121.6,-0.6
2023-11-22,S002,P0019,Clothing,South,Autumn,1,0,103,123.7,-20.7
2023-11-23,S002,P0019,Clothing,South,Autumn,0,0,95,97.7,-2.7
2023-11-24,S002,P0019,Clothing,South,Autumn,0,0,81,92.7,-11.7
2023-11-25,S002,P0019,Clothing,South,Autumn,0,0,66,92.6,-26.6
2023-11-26,S002,P0019,Clothing,South,Autumn,1,0,105,120.0,-15.0
2023-11-27,S002,P0019,Clothing,South,Autumn,1,0,133,141.9,-8.9
2023-11-28,S002,P0019,Clothing,South,Autumn,0,0,79,87.7,-8.7
2023-11-29,S002,P0019,Clothing,South,Autumn,0,0,52,86.8,-34.8
2023-11-30,S002,P0019,Clothing,South,Autumn,0,0,95,85.6,9.4
2023-12-01,S002,P0019,Clothing,South,Winter,0,0,145,93.9,51.1
2023-12-02,S002,P0019,Clothing,South,Winter,1,0,119,130.1,-11.1
2023-12-03,S002,P0019,Clothing,South,Winter,1,0,104,124.1,-20.1
2023-12-04,S002,P0019,Clothing,South,Winter,0,0,117,110.6,6.4
2023-12-05,S002,P0019,Clothing,South,Winter,0,0,170,132.0,38.0
2023-12-06,S002,P0019,Clothing,South,Winter,1,0,155,146.9,8.1
2023-12-07,S002,P0019,Clothing,South,Winter,0,0,110,123.6,-13.6
2023-12-08,S002,P0019,Clothing,South,Winter,0,0,142,108.6,33.4
2023-12-09,S002,P0019,Clothing,South,Winter,0,0,161,129.9,31.1
2023-12-10,S002,P0019,Clothing,South,Winter,0,0,120,109.8,10.2
2023-12-11,S002,P0019,Clothing,South,Winter,0,0,84,101.8,-17.8
2023-12-12,S002,P0019,Clothing,South,Winter,1,0,174,134.9,39.1
2023-12-13,S002,P0019,Clothing,South,Winter,1,0,205,167.1,37.9
2023-12-14,S002,P0019,Clothing,South,Winter,0,0,43,126.2,-83.2
2023-12-15,S002,P0019,Clothing,South,Winter,0,0,129,125.0,4.0
2023-12-16,S002,P0019,Clothing,South,Winter,0,0,79,103.3,-24.3
2023-12-17,S002,P0019,Clothing,South,Winter,1,0,119,130.0,-11.0
2023-12-18,S002,P0019,Clothing,South,Winter,1,0,153,156.4,-3.4
2023-12-19,S002,P0019,Clothing,South,Winter,0,0,81,102.9,-21.9
2023-12-20,S002,P0019,Clothing,South,Winter,0,0,43,99.4,-56.4
2023-12-21,S002,P0019,Clothing,South,Winter,1,0,129,129.8,-0.8
2023-12-22,S002,P0019,Clothing,South,Winter,0,0,117,106.5,10.5
2023-12-23,S002,P0019,Clothing,South,Winter,1,0,143,133.2,9.8
2023-12-24,S002,P0019,Clothing,South,Winter,0,0,87,103.9,-16.9
2023-12-25,S002,P0019,Clothing,South,Winter,0,0,126,107.1,18.9
2023-12-26,S002,P0019,Clothing,South,Winter,0,0,120,118.5,1.5
2023-12-27,S002,P0019,Clothing,South,Winter,1,1,243,172.9,70.1
2023-12-28,S002,P0019,Clothing,South,Winter,0,1,96,109.9,-13.9
2023-12-29,S002,P0019,Clothing,South,Winter,0,1,149,128.9,20.1
2023-12-30,S002,P0019,Clothing,South,Winter,0,1,97,107.2,-10.2
2023-12-31,S002,P0019,Clothing,South,Winter,0,1,109,109.1,-0.1
2024-01-01,S002,P0019,Clothing,South,Winter,0,1,151,114.8,36.2
2024-01-02,S002,P0019,Clothing,South,Winter,0,1,127,117.4,9.6
2024-01-03,S002,P0019,Clothing,South,Winter,0,1,105,110.1,-5.1
2024-01-04,S002,P0019,Clothing,South,Winter,0,1,164,131.8,32.2
2024-01-05,S002,P0019,Clothing,South,Winter,1,1,130,150.6,-20.6
2024-01-06,S002,P0019,Clothing,South,Winter,0,1,88,107.0,-19.0
2024-01-07,S002,P0019,Clothing,South,Winter,1,1,75,150.7,-75.7
2024-01-08,S002,P0019,Clothing,South,Winter,1,1,92,149.0,-57.0
2024-01-09,S002,P0019,Clothing,South,Winter,1,0,110,141.0,-31.0
2024-01-10,S002,P0019,Clothing,South,Winter,0,0,121,107.5,13.5
2024-01-11,S002,P0019,Clothing,South,Winter,0,0,88,102.5,-14.5
2024-01-12,S002,P0019,Clothing,South,Winter,0,0,182,115.0,67.0
2024-01-13,S002,P0019,Clothing,South,Winter,1,0,172,141.7,30.3
2024-01-14,S002,P0019,Clothing,South,Winter,0,0,110,110.4,-0.4
2024-01-15,S002,P0019,Clothing,South,Winter,0,0,98,108.1,-10.1
2024-01-16,S002,P0019,Clothing,South,Winter,0,0,82,103.6,-21.5
2024-01-17,S002,P0019,Clothing,South,Winter,0,0,89,106.4,-17.4
2024-01-18,S002,P0019,Clothing,South,Winter,1,0,137,149.4,-12.4
2024-01-19,S002,P0019,Clothing,South,Winter,0,0,57,103.1,-46.1
2024-01-20,S002,P0019,Clothing,South,Winter,0,0,158,127.8,30.2
2024-01-21,S002,P0019,Clothing,South,Winter,0,0,57,101.9,-44.9
2024-01-22,S002,P0019,Clothing,South,Winter,1,0,173,132.3,40.7
2024-01-23,S002,P0019,Clothing,South,Winter,0,0,125,109.0,16.0
2024-01-24,S002,P0019,Clothing,South,Winter,1,0,176,164.6,11.4
2024-01-25,S002,P0019,Clothing,South,Winter,1,0,131,153.5,-22.5
2024-01-26,S002,P0019,Clothing,South,Winter,1,0,146,148.6,-2.6
2024-01-27,S002,P0019,Clothing,South,Winter,0,0,79,124.7,-45.7
2024-01-28,S002,P0019,Clothing,South,Winter,0,0,117,108.8,8.2
2024-01-29,S002,P0019,Clothing,South,Winter,0,0,118,106.2,11.8
2024-01-30,S002,P0019,Clothing,South,Winter,0,0,118,105.5,12.5
2023-09-07,S002,P0020,Furniture,South,Autumn,1,0,67,73.1,-6.1
2023-09-08,S002,P0020,Furniture,South,Autumn,0,0,107,103.3,3.7
2023-09-09,S002,P0020,Furniture,South,Autumn,1,0,90,105.3,-15.3
2023-09-10,S002,P0020,Furniture,South,Autumn,1,0,119,110.4,8.6
2023-09-11,S002,P0020,Furniture,South,Autumn,0,0,100,84.3,15.7
2023-09-12,S002,P0020,Furniture,South,Autumn,0,0,81,82.1,-1.1
2023-09-13,S002,P0020,Furniture,South,Autumn,1,0,90,86.6,3.4
2023-09-14,S002,P0020,Furniture,South,Autumn,0,0,48,56.1,-8.1
2023-09-15,S002,P0020,Furniture,South,Autumn,1,0,67,88.3,-21.3
2023-09-16,S002,P0020,Furniture,South,Autumn,0,0,50,70.1,-20.1
2023-09-17,S002,P0020,Furniture,South,Autumn,0,0,49,68.3,-19.3
2023-09-18,S002,P0020,Furniture,South,Autumn,0,0,80,90.9,-10.9
2023-09-19,S002,P0020,Furniture,South,Autumn,0,0,89,85.6,3.4
2023-09-20,S002,P0020,Furniture,South,Autumn,1,0,96,102.2,-6.2
2023-09-21,S002,P0020,Furniture,South,Autumn,0,0,70,75.6,-5.6
2023-09-22,S002,P0020,Furniture,South,Autumn,1,0,91,102.0,-11.0
2023-09-23,S002,P0020,Furniture,South,Autumn,0,0,155,133.9,21.1
2023-09-24,S002,P0020,Furniture,South,Autumn,1,0,122,113.4,8.6
2023-09-25,S002,P0020,Furniture,South,Autumn,1,0,31,96.8,-65.8
2023-09-26,S002,P0020,Furniture,South,Autumn,0,0,119,99.6,19.4
2023-09-27,S002,P0020,Furniture,South,Autumn,0,0,86,92.0,-6.0
2023-09-28,S002,P0020,Furniture,South,Autumn,0,0,66,59.7,6.3
2023-09-29,S002,P0020,Furniture,South,Autumn,0,0,83,86.3,-3.3
2023-09-30,S002,P0020,Furniture,South,Autumn,0,0,62,71.8,-9.8
2023-10-01,S002,P0020,Furniture,South,Autumn,0,0,65,83.0,-18.0
2023-10-02,S002,P0020,Furniture,South,Autumn,0,0,96,94.1,1.9
2023-10-03,S002,P0020,Furniture,South,Autumn,0,0,83,84.5,-1.5
2023-10-04,S002,P0020,Furniture,South,Autumn,0,0,33,64.2,-31.2
2023-10-05,S002,P0020,Furniture,South,Autumn,1,0,142,132.3,9.7
2023-10-06,S002,P0020,Furniture,South,Autumn,1,0,100,97.6,2.4
2023-10-07,S002,P0020,Furniture,South,Autumn,0,1,46,39.7,6.3
2023-10-08,S002,P0020,Furniture,South,Autumn,0,1,23,37.3,-14.3
2023-10-09,S002,P0020,Furniture,South,Autumn,0,1,25,29.0,-4.1
2023-10-10,S002,P0020,Furniture,South,Autumn,0,1,32,32.8,-0.8
2023-10-11,S002,P0020,Furniture,South,Autumn,0,1,42,37.6,4.5
2023-10-12,S002,P0020,Furniture,South,Autumn,0,1,31,42.2,-11.1
2023-10-13,S002,P0020,Furniture,South,Autumn,1,1,47,44.3,2.7
2023-10-14,S002,P0020,Furniture,South,Autumn,0,1,31,36.7,-5.7
2023-10-15,S002,P0020,Furniture,South,Autumn,0,1,32,31.8,0.2
2023-10-16,S002,P0020,Furniture,South,Autumn,1,1,17,39.3,-22.3
2023-10-17,S002,P0020,Furniture,South,Autumn,0,1,23,31.7,-8.7
2023-10-18,S002,P0020,Furniture,South,Autumn,1,1,56,47.4,8.6
2023-10-19,S002,P0020,Furniture,South,Autumn,0,1,43,40.5,2.5
2023-10-20,S002,P0020,Furniture,South,Autumn,0,1,46,32.8,13.2
2023-10-21,S002,P0020,Furniture,South,Autumn,1,1,53,46.8,6.2
2023-10-22,S002,P0020,Furniture,South,Autumn,0,1,54,46.7,7.3
2023-10-23,S002,P0020,Furniture,South,Autumn,1,1,85,78.4,6.6
2023-10-24,S002,P0020,Furniture,South,Autumn,0,1,56,44.5,11.5
2023-10-25,S002,P0020,Furniture,South,Autumn,1,0,92,99.8,-7.8
2023-10-26,S002,P0020,Furniture,South,Autumn,1,0,70,88.7,-18.7
2023-10-27,S002,P0020,Furniture,South,Autumn,1,0,127,115.5,11.5
2023-10-28,S002,P0020,Furniture,South,Autumn,0,0,27,50.5,-23.5
2023-10-29,S002,P0020,Furniture,South,Autumn,0,0,75,85.9,-10.9
2023-10-30,S002,P0020,Furniture,South,Autumn,0,0,34,57.1,-23.1
2023-10-31,S002,P0020,Furniture,South,Autumn,0,0,56,63.7,-7.7
2023-11-01,S002,P0020,Furniture,South,Autumn,0,0,78,74.0,4.0
2023-11-02,S002,P0020,Furniture,South,Autumn,1,0,99,104.3,-5.3
2023-11-03,S002,P0020,Furniture,South,Autumn,1,0,57,68.4,-11.4
2023-11-04,S002,P0020,Furniture,South,Autumn,0,0,54,77.8,-23.8
2023-11-05,S002,P0020,Furniture,South,Autumn,0,0,83,85.0,-2.0
2023-11-06,S002,P0020,Furniture,South,Autumn,0,0,108,102.9,5.1
2023-11-07,S002,P0020,Furniture,South,Autumn,0,0,91,91.2,-0.2
2023-11-08,S002,P0020,Furniture,South,Autumn,0,0,81,75.9,5.1
2023-11-09,S002,P0020,Furniture,South,Autumn,0,0,59,71.7,-12.7
2023-11-10,S002,P0020,Furniture,South,Autumn,1,0,101,104.9,-3.9
2023-11-11,S002,P0020,Furniture,South,Autumn,0,0,57,72.7,-15.7
2023-11-12,S002,P0020,Furniture,South,Autumn,0,0,28,46.2,-18.2
2023-11-13,S002,P0020,Furniture,South,Autumn,0,0,105,96.9,8.1
2023-11-14,S002,P0020,Furniture,South,Autumn,0,0,89,97.9,-8.9
2023-11-15,S002,P0020,Furniture,South,Autumn,1,0,102,113.6,-11.6
2023-11-16,S002,P0020,Furniture,South,Autumn,0,0,75,72.0,3.0
2023-11-17,S002,P0020,Furniture,South,Autumn,1,0,42,68.4,-26.3
2023-11-18,S002,P0020,Furniture,South,Autumn,0,0,115,105.2,9.8
2023-11-19,S002,P0020,Furniture,South,Autumn,0,0,14,40.6,-26.6
2023-11-20,S002,P0020,Furniture,South,Autumn,0,0,66,79.0,-13.0
2023-11-21,S002,P0020,Furniture,South,Autumn,1,0,52,84.3,-32.3
2023-11-22,S002,P0020,Furniture,South,Autumn,0,0,50,55.5,-5.5
2023-11-23,S002,P0020,Furniture,South,Autumn,0,0,73,73.6,-0.6
2023-11-24,S002,P0020,Furniture,South,Autumn,0,0,33,40.4,-7.4
2023-11-25,S002,P0020,Furniture,South,Autumn,1,0,104,103.0,1.0
2023-11-26,S002,P0020,Furniture,South,Autumn,1,0,77,100.3,-23.3
2023-11-27,S002,P0020,Furniture,South,Autumn,1,0,66,79.1,-13.1
2023-11-28,S002,P0020,Furniture,South,Autumn,1,0,38,63.8,-25.8
2023-11-29,S002,P0020,Furniture,South,Autumn,0,0,71,69.0,2.0
2023-11-30,S002,P0020,Furniture,South,Autumn,0,0,71,79.4,-8.4
2023-12-01,S002,P0020,Furniture,South,Winter,0,0,58,70.9,-12.9
2023-12-02,S002,P0020,Furniture,South,Winter,1,0,90,102.3,-12.3
2023-12-03,S002,P0020,Furniture,South,Winter,0,0,43,54.1,-11.1
2023-12-04,S002,P0020,Furniture,South,Winter,1,0,62,92.5,-30.5
2023-12-05,S002,P0020,Furniture,South,Winter,1,0,54,76.3,-22.3
2023-12-06,S002,P0020,Furniture,South,Winter,1,0,52,75.6,-23.6
2023-12-07,S002,P0020,Furniture,South,Winter,0,0,36,53.5,-17.5
2023-12-08,S002,P0020,Furniture,South,Winter,1,0,92,99.2,-7.2
2023-12-09,S002,P0020,Furniture,South,Winter,1,0,88,101.8,-13.8
2023-12-10,S002,P0020,Furniture,South,Winter,0,0,48,68.0,-20.0
2023-12-11,S002,P0020,Furniture,South,Winter,1,0,140,130.1,9.9
2023-12-12,S002,P0020,Furniture,South,Winter,0,0,71,75.1,-4.1
2023-12-13,S002,P0020,Furniture,South,Winter,0,0,73,82.0,-9.0
2023-12-14,S002,P0020,Furniture,South,Winter,0,0,76,83.5,-7.5
2023-12-15,S002,P0020,Furniture,South,Winter,0,0,76,87.3,-11.3
2023-12-16,S002,P0020,Furniture,South,Winter,0,0,34,48.4,-14.4
2023-12-17,S002,P0020,Furniture,South,Winter,0,0,51,72.0,-21.0
2023-12-18,S002,P0020,Furniture,South,Winter,1,0,129,114.0,15.0
2023-12-19,S002,P0020,Furniture,South,Winter,0,0,47,68.3,-21.3
2023-12-20,S002,P0020,Furniture,South,Winter,0,0,87,97.7,-10.7
2023-12-21,S002,P0020,Furniture,South,Winter,0,0,82,83.0,-1.0
2023-12-22,S002,P0020,Furniture,South,Winter,1,0,134,124.2,9.8
2023-12-23,S002,P0020,Furniture,South,Winter,1,0,110,98.1,11.9
2023-12-24,S002,P0020,Furniture,South,Winter,0,0,82,74.8,7.2
2023-12-25,S002,P0020,Furniture,South,Winter,0,0,110,99.9,10.1
2023-12-26,S002,P0020,Furniture,South,Winter,0,0,130,108.7,21.3
2023-12-27,S002,P0020,Furniture,South,Winter,0,1,34,77.3,-43.3
2023-12-28,S002,P0020,Furniture,South,Winter,0,1,33,45.1,-12.1
2023-12-29,S002,P0020,Furniture,South,Winter,0,1,44,45.8,-1.8
2023-12-30,S002,P0020,Furniture,South,Winter,0,1,50,35.8,14.2
2023-12-31,S002,P0020,Furniture,South,Winter,0,1,26,37.9,-11.9
2024-01-01,S002,P0020,Furniture,South,Winter,0,1,55,36.2,18.8
2024-01-02,S002,P0020,Furniture,South,Winter,1,1,44,41.2,2.8
2024-01-03,S002,P0020,Furniture,South,Winter,0,1,40,32.8,7.2
2024-01-04,S002,P0020,Furniture,South,Winter,0,1,37,41.3,-4.3
2024-01-05,S002,P0020,Furniture,South,Winter,1,1,33,40.4,-7.4
2024-01-06,S002,P0020,Furniture,South,Winter,1,1,49,41.8,7.2
2024-01-07,S002,P0020,Furniture,South,Winter,0,1,31,34.8,-3.8
2024-01-08,S002,P0020,Furniture,South,Winter,1,1,42,55.3,-13.3
2024-01-09,S002,P0020,Furniture,South,Winter,0,0,90,84.4,5.6
2024-01-10,S002,P0020,Furniture,South,Winter,0,0,49,74.3,-25.3
2024-01-11,S002,P0020,Furniture,South,Winter,0,0,90,83.0,7.0
2024-01-12,S002,P0020,Furniture,South,Winter,0,0,77,85.2,-8.2
2024-01-13,S002,P0020,Furniture,South,Winter,0,0,88,85.1,2.9
2024-01-14,S002,P0020,Furniture,South,Winter,1,0,89,93.9,-4.9
2024-01-15,S002,P0020,Furniture,South,Winter,0,0,59,63.3,-4.3
2024-01-16,S002,P0020,Furniture,South,Winter,0,0,66,82.7,-16.7
2024-01-17,S002,P0020,Furniture,South,Winter,0,0,63,73.5,-10.5
2024-01-18,S002,P0020,Furniture,South,Winter,1,0,85,98.0,-13.0
2024-01-19,S002,P0020,Furniture,South,Winter,0,0,44,66.8,-22.8
2024-01-20,S002,P0020,Furniture,South,Winter,0,0,92,90.1,1.9
2024-01-21,S002,P0020,Furniture,South,Winter,1,0,20,68.8,-48.8
2024-01-22,S002,P0020,Furniture,South,Winter,1,0,106,109.6,-3.6
2024-01-23,S002,P0020,Furniture,South,Winter,0,0,39,62.0,-23.0
2024-01-24,S002,P0020,Furniture,South,Winter,1,0,49,69.0,-20.0
2024-01-25,S002,P0020,Furniture,South,Winter,0,0,56,72.8,-16.8
2024-01-26,S002,P0020,Furniture,South,Winter,0,0,119,98.8,20.2
2024-01-27,S002,P0020,Furniture,South,Winter,0,0,72,75.4,-3.4
2024-01-28,S002,P0020,Furniture,South,Winter,1,0,134,115.5,18.5
2024-01-29,S002,P0020,Furniture,South,Winter,0,0,43,62.9,-19.9
2024-01-30,S002,P0020,Furniture,South,Winter,0,0,82,86.9,-4.9
2023-09-07,S003,P0001,Toys,East,Autumn,0,0,58,81.3,-23.3
2023-09-08,S003,P0001,Toys,East,Autumn,0,0,88,92.0,-4.0
2023-09-09,S003,P0001,Toys,East,Autumn,0,0,93,83.3,9.7
2023-09-10,S003,P0001,Toys,East,Autumn,0,0,54,65.8,-11.8
2023-09-11,S003,P0001,Toys,East,Autumn,1,0,142,109.6,32.4
2023-09-12,S003,P0001,Toys,East,Autumn,0,0,102,88.3,13.7
2023-09-13,S003,P0001,Toys,East,Autumn,1,0,48,123.3,-75.3
2023-09-14,S003,P0001,Toys,East,Autumn,1,0,92,109.5,-17.5
2023-09-15,S003,P0001,Toys,East,Autumn,1,0,159,111.1,47.9
2023-09-16,S003,P0001,Toys,East,Autumn,0,0,121,102.7,18.3
2023-09-17,S003,P0001,Toys,East,Autumn,0,0,126,96.7,29.3
2023-09-18,S003,P0001,Toys,East,Autumn,1,0,38,60.2,-22.2
2023-09-19,S003,P0001,Toys,East,Autumn,1,0,157,113.3,43.7
2023-09-20,S003,P0001,Toys,East,Autumn,0,0,110,93.0,17.0
2023-09-21,S003,P0001,Toys,East,Autumn,0,0,69,64.8,4.2
2023-09-22,S003,P0001,Toys,East,Autumn,0,0,124,104.1,19.9
2023-09-23,S003,P0001,Toys,East,Autumn,0,0,108,96.2,11.8
2023-09-24,S003,P0001,Toys,East,Autumn,1,0,82,108.0,-26.0
2023-09-25,S003,P0001,Toys,East,Autumn,0,0,63,90.7,-27.7
2023-09-26,S003,P0001,Toys,East,Autumn,0,0,105,91.5,13.5
2023-09-27,S003,P0001,Toys,East,Autumn,0,0,62,70.2,-8.2
2023-09-28,S003,P0001,Toys,East,Autumn,1,0,121,104.3,16.7
2023-09-29,S003,P0001,Toys,East,Autumn,0,0,46,76.3,-30.3
2023-09-30,S003,P0001,Toys,East,Autumn,0,0,81,90.3,-9.3
2023-10-01,S003,P0001,Toys,East,Autumn,1,0,84,116.7,-32.7
2023-10-02,S003,P0001,Toys,East,Autumn,1,0,55,96.0,-41.0
2023-10-03,S003,P0001,Toys,East,Autumn,0,0,117,86.4,30.6
2023-10-04,S003,P0001,Toys,East,Autumn,0,0,92,90.9,1.1
2023-10-05,S003,P0001,Toys,East,Autumn,0,0,61,70.9,-9.9
2023-10-06,S003,P0001,Toys,East,Autumn,0,0,102,89.1,12.9
2023-10-07,S003,P0001,Toys,East,Autumn,0,1,19,28.6,-9.6
2023-10-08,S003,P0001,Toys,East,Autumn,0,1,32,21.0,11.0
2023-10-09,S003,P0001,Toys,East,Autumn,1,1,13,28.3,-15.3
2023-10-10,S003,P0001,Toys,East,Autumn,0,1,15,27.0,-12.0
2023-10-11,S003,P0001,Toys,East,Autumn,0,1,33,33.6,-0.6
2023-10-12,S003,P0001,Toys,East,Autumn,1,1,36,31.8,4.2
2023-10-13,S003,P0001,Toys,East,Autumn,0,1,39,29.2,9.8
2023-10-14,S003,P0001,Toys,East,Autumn,0,1,18,25.9,-7.9
2023-10-15,S003,P0001,Toys,East,Autumn,0,1,35,30.8,4.2
2023-10-16,S003,P0001,Toys,East,Autumn,0,1,18,27.8,-9.8
2023-10-17,S003,P0001,Toys,East,Autumn,1,1,66,38.0,28.0
2023-10-18,S003,P0001,Toys,East,Autumn,0,1,27,28.2,-1.2
2023-10-19,S003,P0001,Toys,East,Autumn,1,1,49,33.2,15.8
2023-10-20,S003,P0001,Toys,East,Autumn,1,1,38,35.0,3.0
2023-10-21,S003,P0001,Toys,East,Autumn,0,1,27,29.4,-2.4
2023-10-22,S003,P0001,Toys,East,Autumn,0,1,34,30.6,3.4
2023-10-23,S003,P0001,Toys,East,Autumn,1,1,27,28.3,-1.3
2023-10-24,S003,P0001,Toys,East,Autumn,0,1,11,27.8,-16.8
2023-10-25,S003,P0001,Toys,East,Autumn,1,0,180,120.9,59.1
2023-10-26,S003,P0001,Toys,East,Autumn,1,0,180,128.7,51.3
2023-10-27,S003,P0001,Toys,East,Autumn,0,0,112,103.4,8.5
2023-10-28,S003,P0001,Toys,East,Autumn,0,0,71,79.5,-8.5
2023-10-29,S003,P0001,Toys,East,Autumn,0,0,88,89.7,-1.7
2023-10-30,S003,P0001,Toys,East,Autumn,0,0,117,96.4,20.6
2023-10-31,S003,P0001,Toys,East,Autumn,0,0,111,102.4,8.6
2023-11-01,S003,P0001,Toys,East,Autumn,1,0,93,107.6,-14.6
2023-11-02,S003,P0001,Toys,East,Autumn,0,0,103,102.2,0.8
2023-11-03,S003,P0001,Toys,East,Autumn,1,0,161,116.5,44.5
2023-11-04,S003,P0001,Toys,East,Autumn,0,0,40,57.2,-17.2
2023-11-05,S003,P0001,Toys,East,Autumn,0,0,113,95.3,17.7
2023-11-06,S003,P0001,Toys,East,Autumn,0,0,96,85.1,10.9
2023-11-07,S003,P0001,Toys,East,Autumn,1,0,108,117.0,-9.0
2023-11-08,S003,P0001,Toys,East,Autumn,1,0,117,109.0,8.0
2023-11-09,S003,P0001,Toys,East,Autumn,0,0,83,92.9,-9.9
2023-11-10,S003,P0001,Toys,East,Autumn,0,0,76,84.8,-8.8
2023-11-11,S003,P0001,Toys,East,Autumn,0,0,47,77.2,-30.2
2023-11-12,S003,P0001,Toys,East,Autumn,1,0,150,133.7,16.3
2023-11-13,S003,P0001,Toys,East,Autumn,1,0,100,100.0,-0.0
2023-11-14,S003,P0001,Toys,East,Autumn,0,0,80,86.9,-6.9
2023-11-15,S003,P0001,Toys,East,Autumn,0,0,129,101.5,27.5
2023-11-16,S003,P0001,Toys,East,Autumn,1,0,108,105.1,2.9
2023-11-17,S003,P0001,Toys,East,Autumn,0,0,73,86.7,-13.7
2023-11-18,S003,P0001,Toys,East,Autumn,1,0,135,130.8,4.2
2023-11-19,S003,P0001,Toys,East,Autumn,0,0,116,104.2,11.8
2023-11-20,S003,P0001,Toys,East,Autumn,1,0,119,111.6,7.4
2023-11-21,S003,P0001,Toys,East,Autumn,0,0,132,99.4,32.6
2023-11-22,S003,P0001,Toys,East,Autumn,0,0,34,34.6,-0.6
2023-11-23,S003,P0001,Toys,East,Autumn,0,0,64,65.4,-1.4
2023-11-24,S003,P0001,Toys,East,Autumn,0,0,135,97.0,38.0
2023-11-25,S003,P0001,Toys,East,Autumn,0,0,91,92.2,-1.2
2023-11-26,S003,P0001,Toys,East,Autumn,1,0,104,111.1,-7.1
2023-11-27,S003,P0001,Toys,East,Autumn,0,0,64,76.1,-12.1
2023-11-28,S003,P0001,Toys,East,Autumn,0,0,66,88.7,-22.7
2023-11-29,S003,P0001,Toys,East,Autumn,0,0,80,97.6,-17.6
2023-11-30,S003,P0001,Toys,East,Autumn,0,0,122,90.9,31.1
2023-12-01,S003,P0001,Toys,East,Winter,0,0,156,95.2,60.8
2023-12-02,S003,P0001,Toys,East,Winter,1,0,177,119.2,57.8
2023-12-03,S003,P0001,Toys,East,Winter,0,0,131,104.2,26.8
2023-12-04,S003,P0001,Toys,East,Winter,1,0,126,121.3,4.7
2023-12-05,S003,P0001,Toys,East,Winter,0,0,88,91.0,-3.0
2023-12-06,S003,P0001,Toys,East,Winter,0,0,64,87.3,-23.3
2023-12-07,S003,P0001,Toys,East,Winter,0,0,51,70.2,-19.2
2023-12-08,S003,P0001,Toys,East,Winter,1,0,127,110.0,17.0
2023-12-09,S003,P0001,Toys,East,Winter,0,0,95,93.8,1.2
2023-12-10,S003,P0001,Toys,East,Winter,1,0,105,103.4,1.6
2023-12-11,S003,P0001,Toys,East,Winter,0,0,103,91.5,11.5
2023-12-12,S003,P0001,Toys,East,Winter,1,0,147,99.1,47.9
2023-12-13,S003,P0001,Toys,East,Winter,0,0,57,37.4,19.6
2023-12-14,S003,P0001,Toys,East,Winter,0,0,74,81.3,-7.3
2023-12-15,S003,P0001,Toys,East,Winter,1,0,137,102.2,34.8
2023-12-16,S003,P0001,Toys,East,Winter,0,0,108,87.8,20.2
2023-12-17,S003,P0001,Toys,East,Winter,0,0,53,80.3,-27.3
2023-12-18,S003,P0001,Toys,East,Winter,0,0,68,73.9,-5.9
2023-12-19,S003,P0001,Toys,East,Winter,0,0,112,89.1,22.9
2023-12-20,S003,P0001,Toys,East,Winter,0,0,117,103.3,13.7
2023-12-21,S003,P0001,Toys,East,Winter,0,0,151,102.2,48.8
2023-12-22,S003,P0001,Toys,East,Winter,0,0,55,72.1,-17.1
2023-12-23,S003,P0001,Toys,East,Winter,0,0,115,92.3,22.7
2023-12-24,S003,P0001,Toys,East,Winter,1,0,163,113.8,49.2
2023-12-25,S003,P0001,Toys,East,Winter,1,0,103,96.5,6.5
2023-12-26,S003,P0001,Toys,East,Winter,1,0,175,113.7,61.3
2023-12-27,S003,P0001,Toys,East,Winter,1,1,11,56.9,-45.9
2023-12-28,S003,P0001,Toys,East,Winter,0,1,41,38.9,2.1
2023-12-29,S003,P0001,Toys,East,Winter,0,1,30,30.8,-0.8
2023-12-30,S003,P0001,Toys,East,Winter,0,1,47,23.2,23.8
2023-12-31,S003,P0001,Toys,East,Winter,0,1,11,23.8,-12.8
2024-01-01,S003,P0001,Toys,East,Winter,0,1,31,28.1,2.9
2024-01-02,S003,P0001,Toys,East,Winter,0,1,42,38.1,3.9
2024-01-03,S003,P0001,Toys,East,Winter,1,1,22,30.3,-8.3
2024-01-04,S003,P0001,Toys,East,Winter,1,1,36,31.6,4.4
2024-01-05,S003,P0001,Toys,East,Winter,0,1,34,35.4,-1.4
2024-01-06,S003,P0001,Toys,East,Winter,1,1,95,36.1,58.9
2024-01-07,S003,P0001,Toys,East,Winter,0,1,8,31.2,-23.2
2024-01-08,S003,P0001,Toys,East,Winter,1,1,23,34.9,-11.9
2024-01-09,S003,P0001,Toys,East,Winter,0,0,109,100.2,8.8
2024-01-10,S003,P0001,Toys,East,Winter,0,0,88,100.5,-12.5
2024-01-11,S003,P0001,Toys,East,Winter,1,0,164,124.6,39.3
2024-01-12,S003,P0001,Toys,East,Winter,0,0,161,105.2,55.8
2024-01-13,S003,P0001,Toys,East,Winter,1,0,151,118.6,32.4
2024-01-14,S003,P0001,Toys,East,Winter,0,0,126,97.1,28.9
2024-01-15,S003,P0001,Toys,East,Winter,0,0,101,101.4,-0.4
2024-01-16,S003,P0001,Toys,East,Winter,0,0,91,94.0,-3.0
2024-01-17,S003,P0001,Toys,East,Winter,0,0,94,88.8,5.2
2024-01-18,S003,P0001,Toys,East,Winter,0,0,66,88.3,-22.3
2024-01-19,S003,P0001,Toys,East,Winter,1,0,115,112.6,2.4
2024-01-20,S003,P0001,Toys,East,Winter,0,0,45,72.0,-27.0
2024-01-21,S003,P0001,Toys,East,Winter,1,0,52,97.2,-45.2
2024-01-22,S003,P0001,Toys,East,Winter,1,0,119,119.7,-0.7
2024-01-23,S003,P0001,Toys,East,Winter,0,0,89,93.1,-4.1
2024-01-24,S003,P0001,Toys,East,Winter,1,0,64,107.7,-43.7
2024-01-25,S003,P0001,Toys,East,Winter,0,0,73,84.9,-11.9
2024-01-26,S003,P0001,Toys,East,Winter,0,0,81,77.6,3.4
2024-01-27,S003,P0001,Toys,East,Winter,0,0,125,92.2,32.8
2024-01-28,S003,P0001,Toys,East,Winter,0,0,103,92.8,10.2
2024-01-29,S003,P0001,Toys,East,Winter,0,0,55,74.2,-19.2
2024-01-30,S003,P0001,Toys,East,Winter,0,0,58,79.3,-21.3
2023-09-07,S003,P0002,Groceries,East,Autumn,0,0,123,104.2,18.8
2023-09-08,S003,P0002,Groceries,East,Autumn,0,0,112,115.9,-3.9
2023-09-09,S003,P0002,Groceries,East,Autumn,0,0,111,97.7,13.3
2023-09-10,S003,P0002,Groceries,East,Autumn,1,0,91,129.1,-38.1
2023-09-11,S003,P0002,Groceries,East,Autumn,0,0,137,108.0,29.0
2023-09-12,S003,P0002,Groceries,East,Autumn,0,0,39,97.6,-58.6
2023-09-13,S003,P0002,Groceries,East,Autumn,0,0,89,119.6,-30.6
2023-09-14,S003,P0002,Groceries,East,Autumn,0,0,202,139.8,62.2
2023-09-15,S003,P0002,Groceries,East,Autumn,1,0,219,149.4,69.6
2023-09-16,S003,P0002,Groceries,East,Autumn,0,0,98,114.7,-16.7
2023-09-17,S003,P0002,Groceries,East,Autumn,1,0,123,133.2,-10.2
2023-09-18,S003,P0002,Groceries,East,Autumn,0,0,90,87.0,3.0
2023-09-19,S003,P0002,Groceries,East,Autumn,0,0,99,97.1,1.9
2023-09-20,S003,P0002,Groceries,East,Autumn,1,0,84,121.7,-37.7
2023-09-21,S003,P0002,Groceries,East,Autumn,0,0,160,120.2,39.8
2023-09-22,S003,P0002,Groceries,East,Autumn,0,0,125,113.0,12.0
2023-09-23,S003,P0002,Groceries,East,Autumn,0,0,72,100.0,-28.0
2023-09-24,S003,P0002,Groceries,East,Autumn,1,0,138,131.6,6.4
2023-09-25,S003,P0002,Groceries,East,Autumn,0,0,169,137.8,31.2
2023-09-26,S003,P0002,Groceries,East,Autumn,0,0,90,97.1,-7.1
2023-09-27,S003,P0002,Groceries,East,Autumn,1,0,140,136.6,3.4
2023-09-28,S003,P0002,Groceries,East,Autumn,0,0,158,140.9,17.1
2023-09-29,S003,P0002,Groceries,East,Autumn,0,0,60,98.6,-38.6
2023-09-30,S003,P0002,Groceries,East,Autumn,0,0,122,122.0,-0.0
2023-10-01,S003,P0002,Groceries,East,Autumn,0,0,189,133.4,55.6
2023-10-02,S003,P0002,Groceries,East,Autumn,0,0,113,105.1,7.9
2023-10-03,S003,P0002,Groceries,East,Autumn,1,0,114,129.3,-15.3
2023-10-04,S003,P0002,Groceries,East,Autumn,1,0,143,146.4,-3.3
2023-10-05,S003,P0002,Groceries,East,Autumn,1,0,175,141.8,33.2
2023-10-06,S003,P0002,Groceries,East,Autumn,0,0,112,106.8,5.2
2023-10-07,S003,P0002,Groceries,East,Autumn,0,1,62,76.5,-14.5
2023-10-08,S003,P0002,Groceries,East,Autumn,1,1,113,106.4,6.6
2023-10-09,S003,P0002,Groceries,East,Autumn,0,1,88,80.5,7.5
2023-10-10,S003,P0002,Groceries,East,Autumn,0,1,82,72.4,9.6
2023-10-11,S003,P0002,Groceries,East,Autumn,0,1,65,73.2,-8.2
2023-10-12,S003,P0002,Groceries,East,Autumn,0,1,78,86.4,-8.3
2023-10-13,S003,P0002,Groceries,East,Autumn,0,1,91,89.7,1.3
2023-10-14,S003,P0002,Groceries,East,Autumn,1,1,100,95.2,4.8
2023-10-15,S003,P0002,Groceries,East,Autumn,0,1,92,81.0,11.0
2023-10-16,S003,P0002,Groceries,East,Autumn,0,1,75,89.1,-14.1
2023-10-17,S003,P0002,Groceries,East,Autumn,1,1,132,96.5,35.5
2023-10-18,S003,P0002,Groceries,East,Autumn,1,1,89,93.0,-4.0
2023-10-19,S003,P0002,Groceries,East,Autumn,0,1,57,81.4,-24.4
2023-10-20,S003,P0002,Groceries,East,Autumn,0,1,97,85.5,11.5
2023-10-21,S003,P0002,Groceries,East,Autumn,0,1,44,84.4,-40.3
2023-10-22,S003,P0002,Groceries,East,Autumn,0,1,59,87.2,-28.2
2023-10-23,S003,P0002,Groceries,East,Autumn,1,1,79,93.4,-14.4
2023-10-24,S003,P0002,Groceries,East,Autumn,0,1,58,77.6,-19.6
2023-10-25,S003,P0002,Groceries,East,Autumn,1,0,172,120.7,51.3
2023-10-26,S003,P0002,Groceries,East,Autumn,1,0,131,160.8,-29.8
2023-10-27,S003,P0002,Groceries,East,Autumn,0,0,94,116.7,-22.7
2023-10-28,S003,P0002,Groceries,East,Autumn,0,0,104,96.3,7.7
2023-10-29,S003,P0002,Groceries,East,Autumn,0,0,149,125.3,23.7
2023-10-30,S003,P0002,Groceries,East,Autumn,0,0,103,104.2,-1.2
2023-10-31,S003,P0002,Groceries,East,Autumn,0,0,157,137.3,19.7
2023-11-01,S003,P0002,Groceries,East,Autumn,0,0,78,87.2,-9.2
2023-11-02,S003,P0002,Groceries,East,Autumn,0,0,131,127.6,3.4
2023-11-03,S003,P0002,Groceries,East,Autumn,1,0,100,135.6,-35.7
2023-11-04,S003,P0002,Groceries,East,Autumn,0,0,112,125.9,-13.9
2023-11-05,S003,P0002,Groceries,East,Autumn,0,0,141,132.4,8.6
2023-11-06,S003,P0002,Groceries,East,Autumn,0,0,100,97.5,2.5
2023-11-07,S003,P0002,Groceries,East,Autumn,1,0,98,132.1,-34.1
2023-11-08,S003,P0002,Groceries,East,Autumn,1,0,65,128.2,-63.2
2023-11-09,S003,P0002,Groceries,East,Autumn,0,0,156,116.8,39.2
2023-11-10,S003,P0002,Groceries,East,Autumn,1,0,198,144.6,53.4
2023-11-11,S003,P0002,Groceries,East,Autumn,1,0,132,146.6,-14.6
2023-11-12,S003,P0002,Groceries,East,Autumn,1,0,212,177.2,34.8
2023-11-13,S003,P0002,Groceries,East,Autumn,0,0,87,86.1,0.9
2023-11-14,S003,P0002,Groceries,East,Autumn,0,0,131,99.3,31.7
2023-11-15,S003,P0002,Groceries,East,Autumn,1,0,230,174.5,55.5
2023-11-16,S003,P0002,Groceries,East,Autumn,0,0,67,88.9,-21.9
2023-11-17,S003,P0002,Groceries,East,Autumn,0,0,137,128.5,8.5
2023-11-18,S003,P0002,Groceries,East,Autumn,1,0,28,170.7,-142.7
2023-11-19,S003,P0002,Groceries,East,Autumn,0,0,94,115.8,-21.8
2023-11-20,S003,P0002,Groceries,East,Autumn,1,0,156,148.6,7.4
2023-11-21,S003,P0002,Groceries,East,Autumn,0,0,75,95.7,-20.7
2023-11-22,S003,P0002,Groceries,East,Autumn,0,0,183,131.1,51.9
2023-11-23,S003,P0002,Groceries,East,Autumn,0,0,98,98.1,-0.1
2023-11-24,S003,P0002,Groceries,East,Autumn,0,0,75,98.4,-23.4
2023-11-25,S003,P0002,Groceries,East,Autumn,1,0,152,127.9,24.1
2023-11-26,S003,P0002,Groceries,East,Autumn,0,0,89,95.8,-6.8
2023-11-27,S003,P0002,Groceries,East,Autumn,0,0,62,95.3,-33.3
2023-11-28,S003,P0002,Groceries,East,Autumn,0,0,100,95.3,4.7
2023-11-29,S003,P0002,Groceries,East,Autumn,0,0,148,128.5,19.5
2023-11-30,S003,P0002,Groceries,East,Autumn,0,0,77,99.7,-22.7
2023-12-01,S003,P0002,Groceries,East,Winter,1,0,133,131.5,1.5
2023-12-02,S003,P0002,Groceries,East,Winter,0,0,126,107.6,18.4
2023-12-03,S003,P0002,Groceries,East,Winter,0,0,129,125.5,3.5
2023-12-04,S003,P0002,Groceries,East,Winter,1,0,162,140.2,21.8
2023-12-05,S003,P0002,Groceries,East,Winter,0,0,120,98.9,21.1
2023-12-06,S003,P0002,Groceries,East,Winter,0,0,128,117.6,10.4
2023-12-07,S003,P0002,Groceries,East,Winter,0,0,105,103.2,1.8
2023-12-08,S003,P0002,Groceries,East,Winter,0,0,20,108.4,-88.4
2023-12-09,S003,P0002,Groceries,East,Winter,0,0,102,95.5,6.5
2023-12-10,S003,P0002,Groceries,East,Winter,0,0,125,95.5,29.5
2023-12-11,S003,P0002,Groceries,East,Winter,0,0,96,95.0,1.0
2023-12-12,S003,P0002,Groceries,East,Winter,1,0,242,138.3,103.7
2023-12-13,S003,P0002,Groceries,East,Winter,0,0,210,134.5,75.5
2023-12-14,S003,P0002,Groceries,East,Winter,0,0,79,92.0,-13.0
2023-12-15,S003,P0002,Groceries,East,Winter,0,0,118,109.7,8.3
2023-12-16,S003,P0002,Groceries,East,Winter,0,0,138,122.8,15.2
2023-12-17,S003,P0002,Groceries,East,Winter,0,0,154,128.0,26.0
2023-12-18,S003,P0002,Groceries,East,Winter,0,0,184,140.8,43.2
2023-12-19,S003,P0002,Groceries,East,Winter,0,0,107,108.9,-1.9
2023-12-20,S003,P0002,Groceries,East,Winter,1,0,167,143.1,23.9
2023-12-21,S003,P0002,Groceries,East,Winter,1,0,221,168.5,52.5
2023-12-22,S003,P0002,Groceries,East,Winter,1,0,119,135.8,-16.8
2023-12-23,S003,P0002,Groceries,East,Winter,1,0,74,135.9,-61.9
2023-12-24,S003,P0002,Groceries,East,Winter,1,0,138,133.5,4.5
2023-12-25,S003,P0002,Groceries,East,Winter,0,0,26,95.5,-69.5
2023-12-26,S003,P0002,Groceries,East,Winter,0,0,48,123.6,-75.6
2023-12-27,S003,P0002,Groceries,East,Winter,1,1,157,109.5,47.5
2023-12-28,S003,P0002,Groceries,East,Winter,1,1,88,102.4,-14.4
2023-12-29,S003,P0002,Groceries,East,Winter,0,1,69,79.9,-10.9
2023-12-30,S003,P0002,Groceries,East,Winter,0,1,101,85.1,15.9
2023-12-31,S003,P0002,Groceries,East,Winter,0,1,53,97.8,-44.8
2024-01-01,S003,P0002,Groceries,East,Winter,1,1,115,91.2,23.8
2024-01-02,S003,P0002,Groceries,East,Winter,0,1,68,71.0,-3.0
2024-01-03,S003,P0002,Groceries,East,Winter,1,1,141,90.1,50.9
2024-01-04,S003,P0002,Groceries,East,Winter,0,1,69,65.5,3.5
2024-01-05,S003,P0002,Groceries,East,Winter,0,1,60,79.8,-19.8
2024-01-06,S003,P0002,Groceries,East,Winter,0,1,83,74.4,8.6
2024-01-07,S003,P0002,Groceries,East,Winter,1,1,39,89.2,-50.2
2024-01-08,S003,P0002,Groceries,East,Winter,0,1,96,74.4,21.6
2024-01-09,S003,P0002,Groceries,East,Winter,0,0,90,90.8,-0.8
2024-01-10,S003,P0002,Groceries,East,Winter,0,0,92,98.7,-6.7
2024-01-11,S003,P0002,Groceries,East,Winter,0,0,130,100.9,29.1
2024-01-12,S003,P0002,Groceries,East,Winter,0,0,140,108.2,31.8
2024-01-13,S003,P0002,Groceries,East,Winter,0,0,108,101.7,6.3
2024-01-14,S003,P0002,Groceries,East,Winter,0,0,153,120.9,32.1
2024-01-15,S003,P0002,Groceries,East,Winter,1,0,75,150.3,-75.3
2024-01-16,S003,P0002,Groceries,East,Winter,1,0,151,139.3,11.7
2024-01-17,S003,P0002,Groceries,East,Winter,0,0,63,90.2,-27.2
2024-01-18,S003,P0002,Groceries,East,Winter,0,0,80,100.8,-20.8
2024-01-19,S003,P0002,Groceries,East,Winter,0,0,61,114.8,-53.8
2024-01-20,S003,P0002,Groceries,East,Winter,1,0,118,139.6,-21.6
2024-01-21,S003,P0002,Groceries,East,Winter,0,0,62,90.9,-28.9
2024-01-22,S003,P0002,Groceries,East,Winter,0,0,100,101.3,-1.3
2024-01-23,S003,P0002,Groceries,East,Winter,0,0,94,98.1,-4.1
2024-01-24,S003,P0002,Groceries,East,Winter,1,0,126,122.4,3.6
2024-01-25,S003,P0002,Groceries,East,Winter,1,0,73,150.2,-77.2
2024-01-26,S003,P0002,Groceries,East,Winter,1,0,57,132.6,-75.6
2024-01-27,S003,P0002,Groceries,East,Winter,1,0,112,126.0,-14.0
2024-01-28,S003,P0002,Groceries,East,Winter,0,0,111,99.8,11.2
2024-01-29,S003,P0002,Groceries,East,Winter,0,0,116,109.7,6.3
2024-01-30,S003,P0002,Groceries,East,Winter,0,0,112,116.0,-4.0
2023-09-07,S003,P0003,Electronics,East,Autumn,1,0,125,116.6,8.4
2023-09-08,S003,P0003,Electronics,East,Autumn,0,0,117,109.9,7.1
2023-09-09,S003,P0003,Electronics,East,Autumn,1,0,75,107.9,-32.9
2023-09-10,S003,P0003,Electronics,East,Autumn,1,0,187,186.2,0.8
2023-09-11,S003,P0003,Electronics,East,Autumn,1,0,83,107.6,-24.6
2023-09-12,S003,P0003,Electronics,East,Autumn,0,0,119,98.7,20.3
2023-09-13,S003,P0003,Electronics,East,Autumn,1,0,157,162.9,-5.9
2023-09-14,S003,P0003,Electronics,East,Autumn,0,0,101,99.7,1.3
2023-09-15,S003,P0003,Electronics,East,Autumn,0,0,61,92.7,-31.7
2023-09-16,S003,P0003,Electronics,East,Autumn,0,0,106,111.5,-5.5
2023-09-17,S003,P0003,Electronics,East,Autumn,0,0,104,99.5,4.5
2023-09-18,S003,P0003,Electronics,East,Autumn,1,0,119,122.7,-3.7
2023-09-19,S003,P0003,Electronics,East,Autumn,0,0,103,103.2,-0.2
2023-09-20,S003,P0003,Electronics,East,Autumn,0,0,142,109.1,32.9
2023-09-21,S003,P0003,Electronics,East,Autumn,0,0,114,111.6,2.4
2023-09-22,S003,P0003,Electronics,East,Autumn,0,0,12,98.0,-86.0
2023-09-23,S003,P0003,Electronics,East,Autumn,1,0,174,138.3,35.7
2023-09-24,S003,P0003,Electronics,East,Autumn,0,0,40,89.1,-49.1
2023-09-25,S003,P0003,Electronics,East,Autumn,0,0,86,103.1,-17.1
2023-09-26,S003,P0003,Electronics,East,Autumn,0,0,104,90.6,13.5
2023-09-27,S003,P0003,Electronics,East,Autumn,0,0,94,92.4,1.7
2023-09-28,S003,P0003,Electronics,East,Autumn,0,0,91,91.2,-0.2
2023-09-29,S003,P0003,Electronics,East,Autumn,0,0,137,89.5,47.5
2023-09-30,S003,P0003,Electronics,East,Autumn,0,0,175,135.8,39.2
2023-10-01,S003,P0003,Electronics,East,Autumn,0,0,146,113.8,32.2
2023-10-02,S003,P0003,Electronics,East,Autumn,1,0,99,114.7,-15.7
2023-10-03,S003,P0003,Electronics,East,Autumn,0,0,80,89.0,-9.0
2023-10-04,S003,P0003,Electronics,East,Autumn,0,0,146,102.3,43.7
2023-10-05,S003,P0003,Electronics,East,Autumn,1,0,122,114.2,7.8
2023-10-06,S003,P0003,Electronics,East,Autumn,1,0,177,147.9,29.1
2023-10-07,S003,P0003,Electronics,East,Autumn,0,1,44,65.5,-21.5
2023-10-08,S003,P0003,Electronics,East,Autumn,0,1,53,57.8,-4.8
2023-10-09,S003,P0003,Electronics,East,Autumn,1,1,94,103.3,-9.3
2023-10-10,S003,P0003,Electronics,East,Autumn,0,1,41,63.4,-22.4
2023-10-11,S003,P0003,Electronics,East,Autumn,1,1,58,95.9,-37.9
2023-10-12,S003,P0003,Electronics,East,Autumn,0,1,43,48.3,-5.3
2023-10-13,S003,P0003,Electronics,East,Autumn,0,1,33,49.6,-16.6
2023-10-14,S003,P0003,Electronics,East,Autumn,0,1,60,50.9,9.1
2023-10-15,S003,P0003,Electronics,East,Autumn,0,1,65,53.3,11.7
2023-10-16,S003,P0003,Electronics,East,Autumn,0,1,44,53.7,-9.7
2023-10-17,S003,P0003,Electronics,East,Autumn,1,1,48,66.7,-18.7
2023-10-18,S003,P0003,Electronics,East,Autumn,1,1,98,63.5,34.5
2023-10-19,S003,P0003,Electronics,East,Autumn,1,1,75,65.2,9.8
2023-10-20,S003,P0003,Electronics,East,Autumn,0,1,57,51.7,5.3
2023-10-21,S003,P0003,Electronics,East,Autumn,0,1,40,51.2,-11.1
2023-10-22,S003,P0003,Electronics,East,Autumn,0,1,58,51.3,6.7
2023-10-23,S003,P0003,Electronics,East,Autumn,1,1,117,79.5,37.5
2023-10-24,S003,P0003,Electronics,East,Autumn,0,1,50,52.4,-2.4
2023-10-25,S003,P0003,Electronics,East,Autumn,1,0,191,135.6,55.4
2023-10-26,S003,P0003,Electronics,East,Autumn,0,0,151,110.1,40.9
2023-10-27,S003,P0003,Electronics,East,Autumn,0,0,143,117.2,25.8
2023-10-28,S003,P0003,Electronics,East,Autumn,0,0,122,93.5,28.5
2023-10-29,S003,P0003,Electronics,East,Autumn,0,0,132,101.0,31.0
2023-10-30,S003,P0003,Electronics,East,Autumn,0,0,80,84.8,-4.8
2023-10-31,S003,P0003,Electronics,East,Autumn,0,0,122,111.8,10.2
2023-11-01,S003,P0003,Electronics,East,Autumn,0,0,137,106.6,30.4
2023-11-02,S003,P0003,Electronics,East,Autumn,0,0,164,120.3,43.7
2023-11-03,S003,P0003,Electronics,East,Autumn,0,0,126,100.8,25.2
2023-11-04,S003,P0003,Electronics,East,Autumn,0,0,166,131.0,35.0
2023-11-05,S003,P0003,Electronics,East,Autumn,0,0,127,117.3,9.7
2023-11-06,S003,P0003,Electronics,East,Autumn,1,0,141,127.1,13.9
2023-11-07,S003,P0003,Electronics,East,Autumn,0,0,167,124.9,42.1
2023-11-08,S003,P0003,Electronics,East,Autumn,1,0,167,147.0,20.0
2023-11-09,S003,P0003,Electronics,East,Autumn,0,0,91,96.6,-5.6
2023-11-10,S003,P0003,Electronics,East,Autumn,0,0,138,110.1,27.9
2023-11-11,S003,P0003,Electronics,East,Autumn,1,0,133,160.7,-27.7
2023-11-12,S003,P0003,Electronics,East,Autumn,1,0,100,158.8,-58.8
2023-11-13,S003,P0003,Electronics,East,Autumn,0,0,52,79.6,-27.6
2023-11-14,S003,P0003,Electronics,East,Autumn,1,0,88,114.6,-26.6
2023-11-15,S003,P0003,Electronics,East,Autumn,1,0,188,144.5,43.5
2023-11-16,S003,P0003,Electronics,East,Autumn,0,0,121,101.8,19.2
2023-11-17,S003,P0003,Electronics,East,Autumn,0,0,67,98.2,-31.2
2023-11-18,S003,P0003,Electronics,East,Autumn,1,0,245,174.4,70.6
2023-11-19,S003,P0003,Electronics,East,Autumn,1,0,59,151.2,-92.2
2023-11-20,S003,P0003,Electronics,East,Autumn,0,0,84,94.9,-10.9
2023-11-21,S003,P0003,Electronics,East,Autumn,0,0,105,104.8,0.2
2023-11-22,S003,P0003,Electronics,East,Autumn,0,0,134,118.8,15.2
2023-11-23,S003,P0003,Electronics,East,Autumn,1,0,117,129.3,-12.3
2023-11-24,S003,P0003,Electronics,East,Autumn,0,0,117,104.7,12.3
2023-11-25,S003,P0003,Electronics,East,Autumn,0,0,98,88.9,9.1
2023-11-26,S003,P0003,Electronics,East,Autumn,0,0,117,110.1,6.9
2023-11-27,S003,P0003,Electronics,East,Autumn,1,0,130,125.4,4.6
2023-11-28,S003,P0003,Electronics,East,Autumn,0,0,101,98.1,2.9
2023-11-29,S003,P0003,Electronics,East,Autumn,0,0,137,120.3,16.7
2023-11-30,S003,P0003,Electronics,East,Autumn,0,0,74,98.4,-24.4
2023-12-01,S003,P0003,Electronics,East,Winter,1,0,155,154.7,0.3
2023-12-02,S003,P0003,Electronics,East,Winter,1,0,209,191.0,18.0
2023-12-03,S003,P0003,Electronics,East,Winter,0,0,100,107.9,-7.9
2023-12-04,S003,P0003,Electronics,East,Winter,0,0,103,100.5,2.5
2023-12-05,S003,P0003,Electronics,East,Winter,0,0,90,94.6,-4.6
2023-12-06,S003,P0003,Electronics,East,Winter,1,0,148,145.8,2.2
2023-12-07,S003,P0003,Electronics,East,Winter,0,0,178,131.8,46.2
2023-12-08,S003,P0003,Electronics,East,Winter,0,0,66,78.9,-12.9
2023-12-09,S003,P0003,Electronics,East,Winter,1,0,124,123.0,1.0
2023-12-10,S003,P0003,Electronics,East,Winter,1,0,134,129.4,4.6
2023-12-11,S003,P0003,Electronics,East,Winter,0,0,126,102.4,23.6
2023-12-12,S003,P0003,Electronics,East,Winter,1,0,100,107.0,-7.0
2023-12-13,S003,P0003,Electronics,East,Winter,0,0,153,129.4,23.6
2023-12-14,S003,P0003,Electronics,East,Winter,0,0,146,135.9,10.1
2023-12-15,S003,P0003,Electronics,East,Winter,0,0,50,92.7,-42.7
2023-12-16,S003,P0003,Electronics,East,Winter,1,0,161,158.3,2.7
2023-12-17,S003,P0003,Electronics,East,Winter,0,0,118,109.9,8.1
2023-12-18,S003,P0003,Electronics,East,Winter,1,0,144,154.1,-10.1
2023-12-19,S003,P0003,Electronics,East,Winter,1,0,119,134.6,-15.7
2023-12-20,S003,P0003,Electronics,East,Winter,0,0,108,107.5,0.5
2023-12-21,S003,P0003,Electronics,East,Winter,0,0,144,118.5,25.5
2023-12-22,S003,P0003,Electronics,East,Winter,0,0,71,98.0,-27.0
2023-12-23,S003,P0003,Electronics,East,Winter,0,0,100,99.5,0.5
2023-12-24,S003,P0003,Electronics,East,Winter,0,0,111,99.0,12.0
2023-12-25,S003,P0003,Electronics,East,Winter,0,0,82,96.8,-14.8
2023-12-26,S003,P0003,Electronics,East,Winter,0,0,123,128.0,-5.0
2023-12-27,S003,P0003,Electronics,East,Winter,1,1,68,91.3,-23.3
2023-12-28,S003,P0003,Electronics,East,Winter,0,1,76,71.3,4.7
2023-12-29,S003,P0003,Electronics,East,Winter,0,1,82,67.0,15.0
2023-12-30,S003,P0003,Electronics,East,Winter,0,1,59,55.4,3.5
2023-12-31,S003,P0003,Electronics,East,Winter,0,1,66,51.2,14.8
2024-01-01,S003,P0003,Electronics,East,Winter,0,1,62,53.4,8.6
2024-01-02,S003,P0003,Electronics,East,Winter,0,1,34,52.2,-18.2
2024-01-03,S003,P0003,Electronics,East,Winter,0,1,82,53.2,28.8
2024-01-04,S003,P0003,Electronics,East,Winter,0,1,28,50.7,-22.7
2024-01-05,S003,P0003,Electronics,East,Winter,1,1,56,73.2,-17.2
2024-01-06,S003,P0003,Electronics,East,Winter,1,1,93,70.2,22.8
2024-01-07,S003,P0003,Electronics,East,Winter,0,1,34,49.3,-15.3
2024-01-08,S003,P0003,Electronics,East,Winter,1,1,79,61.9,17.1
2024-01-09,S003,P0003,Electronics,East,Winter,0,0,94,91.7,2.3
2024-01-10,S003,P0003,Electronics,East,Winter,1,0,131,132.4,-1.4
2024-01-11,S003,P0003,Electronics,East,Winter,1,0,136,134.5,1.5
2024-01-12,S003,P0003,Electronics,East,Winter,0,0,102,107.8,-5.8
2024-01-13,S003,P0003,Electronics,East,Winter,0,0,25,92.5,-67.5
2024-01-14,S003,P0003,Electronics,East,Winter,0,0,23,89.9,-66.9
2024-01-15,S003,P0003,Electronics,East,Winter,0,0,75,105.1,-30.1
2024-01-16,S003,P0003,Electronics,East,Winter,1,0,127,135.5,-8.5
2024-01-17,S003,P0003,Electronics,East,Winter,0,0,44,97.4,-53.4
2024-01-18,S003,P0003,Electronics,East,Winter,0,0,68,95.7,-27.7
2024-01-19,S003,P0003,Electronics,East,Winter,1,0,71,129.6,-58.6
2024-01-20,S003,P0003,Electronics,East,Winter,0,0,60,103.9,-43.9
2024-01-21,S003,P0003,Electronics,East,Winter,0,0,30,92.4,-62.4
2024-01-22,S003,P0003,Electronics,East,Winter,1,0,105,120.8,-15.8
2024-01-23,S003,P0003,Electronics,East,Winter,0,0,150,99.8,50.2
2024-01-24,S003,P0003,Electronics,East,Winter,1,0,167,130.0,37.0
2024-01-25,S003,P0003,Electronics,East,Winter,0,0,100,107.0,-7.0
2024-01-26,S003,P0003,Electronics,East,Winter,0,0,110,95.7,14.3
2024-01-27,S003,P0003,Electronics,East,Winter,0,0,84,93.1,-9.1
2024-01-28,S003,P0003,Electronics,East,Winter,1,0,164,131.5,32.5
2024-01-29,S003,P0003,Electronics,East,Winter,0,0,87,94.5,-7.5
2024-01-30,S003,P0003,Electronics,East,Winter,0,0,103,106.1,-3.1
2023-09-07,S003,P0004,Groceries,East,Autumn,1,0,90,126.2,-36.2
2023-09-08,S003,P0004,Groceries,East,Autumn,0,0,49,94.0,-45.0
2023-09-09,S003,P0004,Groceries,East,Autumn,0,0,103,104.3,-1.3
2023-09-10,S003,P0004,Groceries,East,Autumn,0,0,91,114.0,-23.0
2023-09-11,S003,P0004,Groceries,East,Autumn,0,0,97,107.6,-10.6
2023-09-12,S003,P0004,Groceries,East,Autumn,0,0,85,104.5,-19.5
2023-09-13,S003,P0004,Groceries,East,Autumn,1,0,173,158.1,14.9
2023-09-14,S003,P0004,Groceries,East,Autumn,0,0,85,105.4,-20.4
2023-09-15,S003,P0004,Groceries,East,Autumn,1,0,219,141.3,77.7
2023-09-16,S003,P0004,Groceries,East,Autumn,1,0,203,158.5,44.5
2023-09-17,S003,P0004,Groceries,East,Autumn,0,0,153,110.3,42.7
2023-09-18,S003,P0004,Groceries,East,Autumn,1,0,190,134.8,55.2
2023-09-19,S003,P0004,Groceries,East,Autumn,1,0,169,141.6,27.3
2023-09-20,S003,P0004,Groceries,East,Autumn,0,0,114,109.8,4.2
2023-09-21,S003,P0004,Groceries,East,Autumn,0,0,169,130.3,38.7
2023-09-22,S003,P0004,Groceries,East,Autumn,1,0,167,160.6,6.4
2023-09-23,S003,P0004,Groceries,East,Autumn,1,0,203,154.9,48.1
2023-09-24,S003,P0004,Groceries,East,Autumn,0,0,101,117.1,-16.1
2023-09-25,S003,P0004,Groceries,East,Autumn,0,0,90,107.9,-17.9
2023-09-26,S003,P0004,Groceries,East,Autumn,0,0,100,97.9,2.1
2023-09-27,S003,P0004,Groceries,East,Autumn,0,0,145,107.6,37.4
2023-09-28,S003,P0004,Groceries,East,Autumn,1,0,62,132.9,-70.9
2023-09-29,S003,P0004,Groceries,East,Autumn,0,0,104,103.1,0.9
2023-09-30,S003,P0004,Groceries,East,Autumn,0,0,156,121.2,34.8
2023-10-01,S003,P0004,Groceries,East,Autumn,0,0,129,120.0,9.0
2023-10-02,S003,P0004,Groceries,East,Autumn,1,0,126,138.5,-12.5
2023-10-03,S003,P0004,Groceries,East,Autumn,0,0,101,99.3,1.7
2023-10-04,S003,P0004,Groceries,East,Autumn,1,0,157,136.5,20.5
2023-10-05,S003,P0004,Groceries,East,Autumn,0,0,40,98.1,-58.1
2023-10-06,S003,P0004,Groceries,East,Autumn,0,0,87,104.2,-17.2
2023-10-07,S003,P0004,Groceries,East,Autumn,1,1,55,93.0,-38.0
2023-10-08,S003,P0004,Groceries,East,Autumn,0,1,42,72.4,-30.4
2023-10-09,S003,P0004,Groceries,East,Autumn,0,1,55,84.2,-29.2
2023-10-10,S003,P0004,Groceries,East,Autumn,0,1,99,92.4,6.6
2023-10-11,S003,P0004,Groceries,East,Autumn,1,1,64,92.0,-28.0
2023-10-12,S003,P0004,Groceries,East,Autumn,0,1,47,89.6,-42.6
2023-10-13,S003,P0004,Groceries,East,Autumn,1,1,114,111.3,2.7
2023-10-14,S003,P0004,Groceries,East,Autumn,0,1,68,85.8,-17.8
2023-10-15,S003,P0004,Groceries,East,Autumn,0,1,98,93.0,5.0
2023-10-16,S003,P0004,Groceries,East,Autumn,0,1,55,95.2,-40.2
2023-10-17,S003,P0004,Groceries,East,Autumn,1,1,125,92.7,32.3
2023-10-18,S003,P0004,Groceries,East,Autumn,1,1,127,100.0,27.0
2023-10-19,S003,P0004,Groceries,East,Autumn,1,1,42,90.9,-48.9
2023-10-20,S003,P0004,Groceries,East,Autumn,1,1,82,91.0,-9.0
2023-10-21,S003,P0004,Groceries,East,Autumn,0,1,44,84.0,-40.0
2023-10-22,S003,P0004,Groceries,East,Autumn,0,1,103,93.5,9.5
2023-10-23,S003,P0004,Groceries,East,Autumn,0,1,89,90.4,-1.4
2023-10-24,S003,P0004,Groceries,East,Autumn,0,1,85,88.2,-3.2
2023-10-25,S003,P0004,Groceries,East,Autumn,0,0,103,105.2,-2.2
2023-10-26,S003,P0004,Groceries,East,Autumn,0,0,231,102.3,128.7
2023-10-27,S003,P0004,Groceries,East,Autumn,0,0,95,116.9,-21.9
2023-10-28,S003,P0004,Groceries,East,Autumn,1,0,136,134.5,1.5
2023-10-29,S003,P0004,Groceries,East,Autumn,0,0,123,109.5,13.5
2023-10-30,S003,P0004,Groceries,East,Autumn,0,0,81,108.0,-27.0
2023-10-31,S003,P0004,Groceries,East,Autumn,0,0,106,124.9,-18.9
2023-11-01,S003,P0004,Groceries,East,Autumn,1,0,89,131.6,-42.6
2023-11-02,S003,P0004,Groceries,East,Autumn,0,0,143,122.9,20.1
2023-11-03,S003,P0004,Groceries,East,Autumn,0,0,121,108.1,12.9
2023-11-04,S003,P0004,Groceries,East,Autumn,1,0,170,163.4,6.6
2023-11-05,S003,P0004,Groceries,East,Autumn,1,0,63,140.7,-77.7
2023-11-06,S003,P0004,Groceries,East,Autumn,0,0,138,112.8,25.2
2023-11-07,S003,P0004,Groceries,East,Autumn,0,0,127,107.5,19.5
2023-11-08,S003,P0004,Groceries,East,Autumn,1,0,105,136.0,-31.0
2023-11-09,S003,P0004,Groceries,East,Autumn,0,0,49,93.4,-44.4
2023-11-10,S003,P0004,Groceries,East,Autumn,0,0,131,115.3,15.7
2023-11-11,S003,P0004,Groceries,East,Autumn,1,0,182,165.7,16.3
2023-11-12,S003,P0004,Groceries,East,Autumn,0,0,131,117.0,14.0
2023-11-13,S003,P0004,Groceries,East,Autumn,0,0,116,101.9,14.1
2023-11-14,S003,P0004,Groceries,East,Autumn,0,0,53,98.0,-45.0
2023-11-15,S003,P0004,Groceries,East,Autumn,0,0,150,127.0,23.0
2023-11-16,S003,P0004,Groceries,East,Autumn,0,0,118,106.9,11.1
2023-11-17,S003,P0004,Groceries,East,Autumn,0,0,131,111.4,19.6
2023-11-18,S003,P0004,Groceries,East,Autumn,1,0,233,167.4,65.6
2023-11-19,S003,P0004,Groceries,East,Autumn,1,0,110,149.2,-39.2
2023-11-20,S003,P0004,Groceries,East,Autumn,0,0,91,99.7,-8.7
2023-11-21,S003,P0004,Groceries,East,Autumn,0,0,142,112.7,29.3
2023-11-22,S003,P0004,Groceries,East,Autumn,0,0,149,127.3,21.7
2023-11-23,S003,P0004,Groceries,East,Autumn,1,0,122,133.6,-11.7
2023-11-24,S003,P0004,Groceries,East,Autumn,1,0,226,145.8,80.2
2023-11-25,S003,P0004,Groceries,East,Autumn,0,0,112,104.4,7.6
2023-11-26,S003,P0004,Groceries,East,Autumn,0,0,108,102.7,5.3
2023-11-27,S003,P0004,Groceries,East,Autumn,0,0,152,105.7,46.3
2023-11-28,S003,P0004,Groceries,East,Autumn,1,0,121,136.7,-15.7
2023-11-29,S003,P0004,Groceries,East,Autumn,0,0,128,125.0,3.0
2023-11-30,S003,P0004,Groceries,East,Autumn,0,0,19,101.9,-82.9
2023-12-01,S003,P0004,Groceries,East,Winter,1,0,181,138.6,42.4
2023-12-02,S003,P0004,Groceries,East,Winter,0,0,141,116.3,24.7
2023-12-03,S003,P0004,Groceries,East,Winter,0,0,171,125.8,45.2
2023-12-04,S003,P0004,Groceries,East,Winter,0,0,78,116.2,-38.2
2023-12-05,S003,P0004,Groceries,East,Winter,1,0,159,134.9,24.1
2023-12-06,S003,P0004,Groceries,East,Winter,1,0,222,169.3,52.7
2023-12-07,S003,P0004,Groceries,East,Winter,0,0,102,103.5,-1.5
2023-12-08,S003,P0004,Groceries,East,Winter,0,0,73,103.8,-30.8
2023-12-09,S003,P0004,Groceries,East,Winter,0,0,141,105.1,35.9
2023-12-10,S003,P0004,Groceries,East,Winter,0,0,71,100.0,-29.0
2023-12-11,S003,P0004,Groceries,East,Winter,1,0,157,135.4,21.6
2023-12-12,S003,P0004,Groceries,East,Winter,1,0,91,136.2,-45.2
2023-12-13,S003,P0004,Groceries,East,Winter,0,0,170,126.7,43.3
2023-12-14,S003,P0004,Groceries,East,Winter,0,0,127,118.6,8.4
2023-12-15,S003,P0004,Groceries,East,Winter,0,0,143,108.7,34.3
2023-12-16,S003,P0004,Groceries,East,Winter,1,0,107,130.2,-23.2
2023-12-17,S003,P0004,Groceries,East,Winter,0,0,122,109.0,13.0
2023-12-18,S003,P0004,Groceries,East,Winter,0,0,114,128.8,-14.8
2023-12-19,S003,P0004,Groceries,East,Winter,0,0,148,105.5,42.5
2023-12-20,S003,P0004,Groceries,East,Winter,0,0,87,114.1,-27.1
2023-12-21,S003,P0004,Groceries,East,Winter,0,0,150,125.9,24.1
2023-12-22,S003,P0004,Groceries,East,Winter,1,0,198,134.1,63.9
2023-12-23,S003,P0004,Groceries,East,Winter,0,0,130,101.5,28.5
2023-12-24,S003,P0004,Groceries,East,Winter,1,0,176,133.6,42.4
2023-12-25,S003,P0004,Groceries,East,Winter,1,0,134,133.6,0.4
2023-12-26,S003,P0004,Groceries,East,Winter,0,0,160,132.6,27.4
2023-12-27,S003,P0004,Groceries,East,Winter,0,1,48,85.0,-37.0
2023-12-28,S003,P0004,Groceries,East,Winter,1,1,86,130.5,-44.5
2023-12-29,S003,P0004,Groceries,East,Winter,0,1,57,81.8,-24.8
2023-12-30,S003,P0004,Groceries,East,Winter,0,1,72,75.8,-3.8
2023-12-31,S003,P0004,Groceries,East,Winter,0,1,67,87.4,-20.4
2024-01-01,S003,P0004,Groceries,East,Winter,0,1,59,68.3,-9.3
2024-01-02,S003,P0004,Groceries,East,Winter,0,1,112,70.1,41.9
2024-01-03,S003,P0004,Groceries,East,Winter,0,1,85,69.7,15.3
2024-01-04,S003,P0004,Groceries,East,Winter,0,1,31,74.7,-43.7
2024-01-05,S003,P0004,Groceries,East,Winter,0,1,96,83.2,12.8
2024-01-06,S003,P0004,Groceries,East,Winter,0,1,110,70.1,39.9
2024-01-07,S003,P0004,Groceries,East,Winter,0,1,114,70.0,44.0
2024-01-08,S003,P0004,Groceries,East,Winter,1,1,90,93.8,-3.8
2024-01-09,S003,P0004,Groceries,East,Winter,0,0,63,85.9,-22.9
2024-01-10,S003,P0004,Groceries,East,Winter,0,0,68,94.6,-26.6
2024-01-11,S003,P0004,Groceries,East,Winter,1,0,224,167.5,56.5
2024-01-12,S003,P0004,Groceries,East,Winter,1,0,173,163.4,9.6
2024-01-13,S003,P0004,Groceries,East,Winter,0,0,217,120.4,96.6
2024-01-14,S003,P0004,Groceries,East,Winter,1,0,187,150.6,36.4
2024-01-15,S003,P0004,Groceries,East,Winter,0,0,168,131.4,36.6
2024-01-16,S003,P0004,Groceries,East,Winter,1,0,96,147.7,-51.7
2024-01-17,S003,P0004,Groceries,East,Winter,0,0,85,105.0,-20.0
2024-01-18,S003,P0004,Groceries,East,Winter,1,0,185,161.2,23.8
2024-01-19,S003,P0004,Groceries,East,Winter,0,0,91,109.9,-18.9
2024-01-20,S003,P0004,Groceries,East,Winter,1,0,174,152.4,21.6
2024-01-21,S003,P0004,Groceries,East,Winter,1,0,88,133.7,-45.7
2024-01-22,S003,P0004,Groceries,East,Winter,0,0,162,122.1,39.9
2024-01-23,S003,P0004,Groceries,East,Winter,0,0,93,105.9,-12.9
2024-01-24,S003,P0004,Groceries,East,Winter,0,0,92,102.9,-10.9
2024-01-25,S003,P0004,Groceries,East,Winter,0,0,162,124.8,37.2
2024-01-26,S003,P0004,Groceries,East,Winter,1,0,189,136.7,52.3
2024-01-27,S003,P0004,Groceries,East,Winter,0,0,134,101.3,32.7
2024-01-28,S003,P0004,Groceries,East,Winter,1,0,175,144.7,30.3
2024-01-29,S003,P0004,Groceries,East,Winter,0,0,100,99.8,0.2
2024-01-30,S003,P0004,Groceries,East,Winter,0,0,84,112.7,-28.7
2023-09-07,S003,P0005,Toys,East,Autumn,0,0,71,86.7,-15.7
2023-09-08,S003,P0005,Toys,East,Autumn,0,0,73,87.2,-14.2
2023-09-09,S003,P0005,Toys,East,Autumn,0,0,122,87.2,34.8
2023-09-10,S003,P0005,Toys,East,Autumn,0,0,128,92.0,36.0
2023-09-11,S003,P0005,Toys,East,Autumn,0,0,71,86.7,-15.7
2023-09-12,S003,P0005,Toys,East,Autumn,0,0,205,87.4,117.6
2023-09-13,S003,P0005,Toys,East,Autumn,0,0,62,102.1,-40.1
2023-09-14,S003,P0005,Toys,East,Autumn,1,0,134,124.9,9.1
2023-09-15,S003,P0005,Toys,East,Autumn,1,0,126,125.3,0.7
2023-09-16,S003,P0005,Toys,East,Autumn,1,0,70,116.0,-46.0
2023-09-17,S003,P0005,Toys,East,Autumn,0,0,76,93.0,-17.0
2023-09-18,S003,P0005,Toys,East,Autumn,0,0,74,84.5,-10.5
2023-09-19,S003,P0005,Toys,East,Autumn,0,0,84,86.6,-2.6
2023-09-20,S003,P0005,Toys,East,Autumn,0,0,108,89.4,18.6
2023-09-21,S003,P0005,Toys,East,Autumn,1,0,198,140.8,57.2
2023-09-22,S003,P0005,Toys,East,Autumn,1,0,140,140.1,-0.1
2023-09-23,S003,P0005,Toys,East,Autumn,1,0,107,124.9,-17.9
2023-09-24,S003,P0005,Toys,East,Autumn,1,0,109,115.2,-6.2
2023-09-25,S003,P0005,Toys,East,Autumn,1,0,144,136.0,8.0
2023-09-26,S003,P0005,Toys,East,Autumn,0,0,78,93.6,-15.6
2023-09-27,S003,P0005,Toys,East,Autumn,1,0,101,119.4,-18.4
2023-09-28,S003,P0005,Toys,East,Autumn,0,0,70,86.5,-16.5
2023-09-29,S003,P0005,Toys,East,Autumn,0,0,83,87.0,-4.0
2023-09-30,S003,P0005,Toys,East,Autumn,0,0,69,103.0,-34.0
2023-10-01,S003,P0005,Toys,East,Autumn,0,0,131,103.3,27.7
2023-10-02,S003,P0005,Toys,East,Autumn,0,0,61,85.4,-24.4
2023-10-03,S003,P0005,Toys,East,Autumn,1,0,92,104.8,-12.8
2023-10-04,S003,P0005,Toys,East,Autumn,0,0,92,89.6,2.5
2023-10-05,S003,P0005,Toys,East,Autumn,0,0,125,88.3,36.7
2023-10-06,S003,P0005,Toys,East,Autumn,0,0,62,91.7,-29.7
2023-10-07,S003,P0005,Toys,East,Autumn,0,1,25,25.2,-0.2
2023-10-08,S003,P0005,Toys,East,Autumn,0,1,46,21.4,24.6
2023-10-09,S003,P0005,Toys,East,Autumn,1,1,27,28.4,-1.4
2023-10-10,S003,P0005,Toys,East,Autumn,1,1,22,30.4,-8.4
2023-10-11,S003,P0005,Toys,East,Autumn,0,1,29,31.5,-2.5
2023-10-12,S003,P0005,Toys,East,Autumn,1,1,14,31.0,-17.0
2023-10-13,S003,P0005,Toys,East,Autumn,1,1,79,38.5,40.5
2023-10-14,S003,P0005,Toys,East,Autumn,1,1,26,34.4,-8.4
2023-10-15,S003,P0005,Toys,East,Autumn,0,1,28,26.1,1.9
2023-10-16,S003,P0005,Toys,East,Autumn,1,1,23,30.5,-7.5
2023-10-17,S003,P0005,Toys,East,Autumn,0,1,29,29.6,-0.6
2023-10-18,S003,P0005,Toys,East,Autumn,0,1,15,27.0,-12.0
2023-10-19,S003,P0005,Toys,East,Autumn,0,1,46,31.5,14.5
2023-10-20,S003,P0005,Toys,East,Autumn,0,1,27,25.0,2.1
2023-10-21,S003,P0005,Toys,East,Autumn,0,1,53,29.7,23.3
2023-10-22,S003,P0005,Toys,East,Autumn,1,1,13,34.5,-21.5
2023-10-23,S003,P0005,Toys,East,Autumn,1,1,32,35.3,-3.3
2023-10-24,S003,P0005,Toys,East,Autumn,1,1,13,31.2,-18.2
2023-10-25,S003,P0005,Toys,East,Autumn,0,0,98,92.2,5.8
2023-10-26,S003,P0005,Toys,East,Autumn,0,0,191,108.7,82.3
2023-10-27,S003,P0005,Toys,East,Autumn,0,0,63,111.3,-48.3
2023-10-28,S003,P0005,Toys,East,Autumn,0,0,55,95.2,-40.2
2023-10-29,S003,P0005,Toys,East,Autumn,0,0,149,90.6,58.4
2023-10-30,S003,P0005,Toys,East,Autumn,0,0,51,95.8,-44.8
2023-10-31,S003,P0005,Toys,East,Autumn,0,0,117,103.7,13.3
2023-11-01,S003,P0005,Toys,East,Autumn,1,0,165,117.1,47.9
2023-11-02,S003,P0005,Toys,East,Autumn,0,0,96,101.1,-5.1
2023-11-03,S003,P0005,Toys,East,Autumn,1,0,135,123.9,11.1
2023-11-04,S003,P0005,Toys,East,Autumn,1,0,127,135.3,-8.3
2023-11-05,S003,P0005,Toys,East,Autumn,1,0,165,124.7,40.3
2023-11-06,S003,P0005,Toys,East,Autumn,0,0,117,94.0,23.0
2023-11-07,S003,P0005,Toys,East,Autumn,0,0,95,103.1,-8.1
2023-11-08,S003,P0005,Toys,East,Autumn,0,0,82,97.1,-15.1
2023-11-09,S003,P0005,Toys,East,Autumn,0,0,45,76.2,-31.2
2023-11-10,S003,P0005,Toys,East,Autumn,0,0,64,85.8,-21.8
2023-11-11,S003,P0005,Toys,East,Autumn,0,0,148,104.8,43.2
2023-11-12,S003,P0005,Toys,East,Autumn,0,0,41,101.6,-60.6
2023-11-13,S003,P0005,Toys,East,Autumn,1,0,61,109.2,-48.2
2023-11-14,S003,P0005,Toys,East,Autumn,1,0,43,105.2,-62.2
2023-11-15,S003,P0005,Toys,East,Autumn,0,0,74,103.2,-29.2
2023-11-16,S003,P0005,Toys,East,Autumn,0,0,73,88.2,-15.2
2023-11-17,S003,P0005,Toys,East,Autumn,0,0,67,87.1,-20.1
2023-11-18,S003,P0005,Toys,East,Autumn,0,0,118,100.9,17.1
2023-11-19,S003,P0005,Toys,East,Autumn,1,0,122,129.1,-7.1
2023-11-20,S003,P0005,Toys,East,Autumn,1,0,112,109.0,3.0
2023-11-21,S003,P0005,Toys,East,Autumn,0,0,71,89.4,-18.4
2023-11-22,S003,P0005,Toys,East,Autumn,0,0,69,95.8,-26.8
2023-11-23,S003,P0005,Toys,East,Autumn,1,0,130,115.9,14.1
2023-11-24,S003,P0005,Toys,East,Autumn,0,0,89,90.8,-1.8
2023-11-25,S003,P0005,Toys,East,Autumn,1,0,100,107.9,-7.9
2023-11-26,S003,P0005,Toys,East,Autumn,0,0,82,89.1,-7.1
2023-11-27,S003,P0005,Toys,East,Autumn,0,0,111,88.4,22.6
2023-11-28,S003,P0005,Toys,East,Autumn,0,0,95,88.5,6.5
2023-11-29,S003,P0005,Toys,East,Autumn,0,0,98,101.5,-3.5
2023-11-30,S003,P0005,Toys,East,Autumn,0,0,133,93.9,39.1
2023-12-01,S003,P0005,Toys,East,Winter,1,0,162,123.2,38.8
2023-12-02,S003,P0005,Toys,East,Winter,0,0,162,94.1,67.9
2023-12-03,S003,P0005,Toys,East,Winter,0,0,125,105.2,19.8
2023-12-04,S003,P0005,Toys,East,Winter,0,0,153,117.8,35.2
2023-12-05,S003,P0005,Toys,East,Winter,1,0,163,130.5,32.5
2023-12-06,S003,P0005,Toys,East,Winter,0,0,68,113.3,-45.3
2023-12-07,S003,P0005,Toys,East,Winter,0,0,83,101.6,-18.5
2023-12-08,S003,P0005,Toys,East,Winter,0,0,132,109.0,23.0
2023-12-09,S003,P0005,Toys,East,Winter,0,0,89,94.5,-5.5
2023-12-10,S003,P0005,Toys,East,Winter,0,0,99,90.5,8.5
2023-12-11,S003,P0005,Toys,East,Winter,0,0,74,87.3,-13.3
2023-12-12,S003,P0005,Toys,East,Winter,1,0,119,114.6,4.3
2023-12-13,S003,P0005,Toys,East,Winter,0,0,63,99.8,-36.8
2023-12-14,S003,P0005,Toys,East,Winter,1,0,115,119.2,-4.2
2023-12-15,S003,P0005,Toys,East,Winter,1,0,110,117.3,-7.3
2023-12-16,S003,P0005,Toys,East,Winter,1,0,52,110.8,-58.8
2023-12-17,S003,P0005,Toys,East,Winter,1,0,123,111.8,11.2
2023-12-18,S003,P0005,Toys,East,Winter,0,0,68,98.4,-30.4
2023-12-19,S003,P0005,Toys,East,Winter,1,0,110,109.6,0.4
2023-12-20,S003,P0005,Toys,East,Winter,0,0,55,97.4,-42.4
2023-12-21,S003,P0005,Toys,East,Winter,0,0,68,97.0,-29.0
2023-12-22,S003,P0005,Toys,East,Winter,1,0,98,106.2,-8.2
2023-12-23,S003,P0005,Toys,East,Winter,0,0,84,88.4,-4.4
2023-12-24,S003,P0005,Toys,East,Winter,0,0,87,88.6,-1.6
2023-12-25,S003,P0005,Toys,East,Winter,0,0,93,88.6,4.4
2023-12-26,S003,P0005,Toys,East,Winter,0,0,163,98.7,64.3
2023-12-27,S003,P0005,Toys,East,Winter,0,1,17,34.8,-17.8
2023-12-28,S003,P0005,Toys,East,Winter,1,1,21,28.6,-7.6
2023-12-29,S003,P0005,Toys,East,Winter,0,1,29,23.1,5.9
2023-12-30,S003,P0005,Toys,East,Winter,0,1,28,23.8,4.2
2023-12-31,S003,P0005,Toys,East,Winter,0,1,17,27.3,-10.3
2024-01-01,S003,P0005,Toys,East,Winter,0,1,26,27.4,-1.4
2024-01-02,S003,P0005,Toys,East,Winter,1,1,19,29.0,-10.0
2024-01-03,S003,P0005,Toys,East,Winter,1,1,57,33.9,23.1
2024-01-04,S003,P0005,Toys,East,Winter,0,1,50,35.7,14.3
2024-01-05,S003,P0005,Toys,East,Winter,1,1,30,35.7,-5.7
2024-01-06,S003,P0005,Toys,East,Winter,0,1,38,28.5,9.5
2024-01-07,S003,P0005,Toys,East,Winter,0,1,7,25.8,-18.8
2024-01-08,S003,P0005,Toys,East,Winter,0,1,35,26.0,9.0
2024-01-09,S003,P0005,Toys,East,Winter,0,0,12,92.6,-80.6
2024-01-10,S003,P0005,Toys,East,Winter,0,0,130,93.0,37.0
2024-01-11,S003,P0005,Toys,East,Winter,0,0,141,98.4,42.6
2024-01-12,S003,P0005,Toys,East,Winter,0,0,140,103.1,36.9
2024-01-13,S003,P0005,Toys,East,Winter,0,0,107,95.2,11.8
2024-01-14,S003,P0005,Toys,East,Winter,0,0,122,93.7,28.3
2024-01-15,S003,P0005,Toys,East,Winter,0,0,140,103.6,36.4
2024-01-16,S003,P0005,Toys,East,Winter,1,0,124,131.2,-7.2
2024-01-17,S003,P0005,Toys,East,Winter,0,0,84,94.4,-10.4
2024-01-18,S003,P0005,Toys,East,Winter,0,0,113,99.8,13.2
2024-01-19,S003,P0005,Toys,East,Winter,1,0,145,140.9,4.1
2024-01-20,S003,P0005,Toys,East,Winter,1,0,111,133.3,-22.3
2024-01-21,S003,P0005,Toys,East,Winter,1,0,42,105.1,-63.1
2024-01-22,S003,P0005,Toys,East,Winter,0,0,128,103.4,24.5
2024-01-23,S003,P0005,Toys,East,Winter,0,0,74,80.2,-6.2
2024-01-24,S003,P0005,Toys,East,Winter,1,0,85,114.5,-29.5
2024-01-25,S003,P0005,Toys,East,Winter,0,0,147,105.2,41.8
2024-01-26,S003,P0005,Toys,East,Winter,1,0,86,106.6,-20.6
2024-01-27,S003,P0005,Toys,East,Winter,1,0,109,115.4,-6.4
2024-01-28,S003,P0005,Toys,East,Winter,0,0,29,72.3,-43.3
2024-01-29,S003,P0005,Toys,East,Winter,0,0,66,87.4,-21.4
2024-01-30,S003,P0005,Toys,East,Winter,0,0,130,103.2,26.8
2023-09-07,S003,P0006,Toys,East,Autumn,1,0,159,131.9,27.1
2023-09-08,S003,P0006,Toys,East,Autumn,0,0,124,103.7,20.3
2023-09-09,S003,P0006,Toys,East,Autumn,1,0,112,109.7,2.3
2023-09-10,S003,P0006,Toys,East,Autumn,0,0,111,100.9,10.1
2023-09-11,S003,P0006,Toys,East,Autumn,0,0,61,95.4,-34.4
2023-09-12,S003,P0006,Toys,East,Autumn,0,0,46,87.2,-41.2
2023-09-13,S003,P0006,Toys,East,Autumn,0,0,137,113.5,23.5
2023-09-14,S003,P0006,Toys,East,Autumn,0,0,41,88.5,-47.5
2023-09-15,S003,P0006,Toys,East,Autumn,0,0,128,96.4,31.6
2023-09-16,S003,P0006,Toys,East,Autumn,0,0,65,98.7,-33.7
2023-09-17,S003,P0006,Toys,East,Autumn,0,0,83,90.5,-7.5
2023-09-18,S003,P0006,Toys,East,Autumn,0,0,73,87.2,-14.2
2023-09-19,S003,P0006,Toys,East,Autumn,0,0,81,89.9,-8.9
2023-09-20,S003,P0006,Toys,East,Autumn,0,0,57,82.6,-25.6
2023-09-21,S003,P0006,Toys,East,Autumn,0,0,104,103.8,0.2
2023-09-22,S003,P0006,Toys,East,Autumn,0,0,67,97.4,-30.4
2023-09-23,S003,P0006,Toys,East,Autumn,1,0,156,122.4,33.6
2023-09-24,S003,P0006,Toys,East,Autumn,0,0,46,85.7,-39.7
2023-09-25,S003,P0006,Toys,East,Autumn,1,0,141,134.0,7.0
2023-09-26,S003,P0006,Toys,East,Autumn,1,0,162,120.8,41.2
2023-09-27,S003,P0006,Toys,East,Autumn,1,0,154,133.2,20.8
2023-09-28,S003,P0006,Toys,East,Autumn,1,0,96,116.1,-20.1
2023-09-29,S003,P0006,Toys,East,Autumn,0,0,83,90.5,-7.5
2023-09-30,S003,P0006,Toys,East,Autumn,0,0,108,113.8,-5.8
2023-10-01,S003,P0006,Toys,East,Autumn,0,0,104,113.5,-9.5
2023-10-02,S003,P0006,Toys,East,Autumn,0,0,73,92.5,-19.5
2023-10-03,S003,P0006,Toys,East,Autumn,0,0,48,84.2,-36.2
2023-10-04,S003,P0006,Toys,East,Autumn,1,0,109,119.6,-10.6
2023-10-05,S003,P0006,Toys,East,Autumn,0,0,69,87.3,-18.3
2023-10-06,S003,P0006,Toys,East,Autumn,0,0,123,95.2,27.8
2023-10-07,S003,P0006,Toys,East,Autumn,0,1,25,35.8,-10.8
2023-10-08,S003,P0006,Toys,East,Autumn,0,1,15,24.8,-9.8
2023-10-09,S003,P0006,Toys,East,Autumn,0,1,25,41.4,-16.4
2023-10-10,S003,P0006,Toys,East,Autumn,1,1,32,37.8,-5.8
2023-10-11,S003,P0006,Toys,East,Autumn,1,1,54,40.5,13.5
2023-10-12,S003,P0006,Toys,East,Autumn,0,1,17,28.6,-11.6
2023-10-13,S003,P0006,Toys,East,Autumn,0,1,36,31.5,4.5
2023-10-14,S003,P0006,Toys,East,Autumn,1,1,19,33.7,-14.7
2023-10-15,S003,P0006,Toys,East,Autumn,0,1,52,35.8,16.2
2023-10-16,S003,P0006,Toys,East,Autumn,1,1,31,37.0,-6.0
2023-10-17,S003,P0006,Toys,East,Autumn,0,1,34,27.7,6.3
2023-10-18,S003,P0006,Toys,East,Autumn,1,1,10,30.5,-20.5
2023-10-19,S003,P0006,Toys,East,Autumn,1,1,39,40.0,-1.0
2023-10-20,S003,P0006,Toys,East,Autumn,0,1,18,27.4,-9.4
2023-10-21,S003,P0006,Toys,East,Autumn,0,1,24,29.6,-5.6
2023-10-22,S003,P0006,Toys,East,Autumn,1,1,21,33.5,-12.5
2023-10-23,S003,P0006,Toys,East,Autumn,1,1,49,41.2,7.8
2023-10-24,S003,P0006,Toys,East,Autumn,0,1,42,33.4,8.6
2023-10-25,S003,P0006,Toys,East,Autumn,1,0,155,136.4,18.6
2023-10-26,S003,P0006,Toys,East,Autumn,0,0,96,105.2,-9.2
2023-10-27,S003,P0006,Toys,East,Autumn,0,0,141,113.6,27.4
2023-10-28,S003,P0006,Toys,East,Autumn,0,0,104,98.2,5.8
2023-10-29,S003,P0006,Toys,East,Autumn,0,0,78,92.8,-14.8
2023-10-30,S003,P0006,Toys,East,Autumn,0,0,113,118.6,-5.6
2023-10-31,S003,P0006,Toys,East,Autumn,0,0,77,98.5,-21.5
2023-11-01,S003,P0006,Toys,East,Autumn,0,0,110,103.8,6.2
2023-11-02,S003,P0006,Toys,East,Autumn,0,0,56,86.7,-30.7
2023-11-03,S003,P0006,Toys,East,Autumn,0,0,89,118.9,-29.9
2023-11-04,S003,P0006,Toys,East,Autumn,0,0,138,112.7,25.3
2023-11-05,S003,P0006,Toys,East,Autumn,0,0,108,107.6,0.4
2023-11-06,S003,P0006,Toys,East,Autumn,0,0,82,89.5,-7.5
2023-11-07,S003,P0006,Toys,East,Autumn,0,0,88,101.4,-13.3
2023-11-08,S003,P0006,Toys,East,Autumn,0,0,60,87.9,-27.9
2023-11-09,S003,P0006,Toys,East,Autumn,1,0,138,115.3,22.7
2023-11-10,S003,P0006,Toys,East,Autumn,1,0,84,105.1,-21.1
2023-11-11,S003,P0006,Toys,East,Autumn,0,0,154,123.9,30.1
2023-11-12,S003,P0006,Toys,East,Autumn,1,0,116,131.5,-15.5
2023-11-13,S003,P0006,Toys,East,Autumn,1,0,134,122.5,11.5
2023-11-14,S003,P0006,Toys,East,Autumn,0,0,104,93.7,10.3
2023-11-15,S003,P0006,Toys,East,Autumn,1,0,156,162.6,-6.6
2023-11-16,S003,P0006,Toys,East,Autumn,0,0,108,107.7,0.3
2023-11-17,S003,P0006,Toys,East,Autumn,1,0,167,144.3,22.7
2023-11-18,S003,P0006,Toys,East,Autumn,1,0,183,168.6,14.4
2023-11-19,S003,P0006,Toys,East,Autumn,0,0,103,124.1,-21.1
2023-11-20,S003,P0006,Toys,East,Autumn,0,0,60,101.8,-41.8
2023-11-21,S003,P0006,Toys,East,Autumn,0,0,135,111.2,23.8
2023-11-22,S003,P0006,Toys,East,Autumn,1,0,161,167.0,-6.0
2023-11-23,S003,P0006,Toys,East,Autumn,0,0,70,99.4,-29.4
2023-11-24,S003,P0006,Toys,East,Autumn,0,0,67,103.2,-36.2
2023-11-25,S003,P0006,Toys,East,Autumn,0,0,96,87.3,8.7
2023-11-26,S003,P0006,Toys,East,Autumn,0,0,84,91.4,-7.4
2023-11-27,S003,P0006,Toys,East,Autumn,1,0,95,105.0,-10.0
2023-11-28,S003,P0006,Toys,East,Autumn,1,0,115,107.0,8.0
2023-11-29,S003,P0006,Toys,East,Autumn,0,0,126,117.2,8.8
2023-11-30,S003,P0006,Toys,East,Autumn,0,0,102,96.0,6.0
2023-12-01,S003,P0006,Toys,East,Winter,0,0,118,98.8,19.2
2023-12-02,S003,P0006,Toys,East,Winter,0,0,60,96.7,-36.7
2023-12-03,S003,P0006,Toys,East,Winter,1,0,110,153.0,-43.0
2023-12-04,S003,P0006,Toys,East,Winter,0,0,128,116.7,11.3
2023-12-05,S003,P0006,Toys,East,Winter,0,0,59,93.7,-34.7
2023-12-06,S003,P0006,Toys,East,Winter,1,0,191,173.0,18.0
2023-12-07,S003,P0006,Toys,East,Winter,1,0,111,126.0,-15.0
2023-12-08,S003,P0006,Toys,East,Winter,1,0,116,125.7,-9.7
2023-12-09,S003,P0006,Toys,East,Winter,1,0,155,135.4,19.6
2023-12-10,S003,P0006,Toys,East,Winter,0,0,110,103.2,6.8
2023-12-11,S003,P0006,Toys,East,Winter,0,0,119,104.1,14.9
2023-12-12,S003,P0006,Toys,East,Winter,1,0,136,131.2,4.8
2023-12-13,S003,P0006,Toys,East,Winter,0,0,123,125.8,-2.8
2023-12-14,S003,P0006,Toys,East,Winter,0,0,65,102.9,-37.9
2023-12-15,S003,P0006,Toys,East,Winter,1,0,97,117.6,-20.7
2023-12-16,S003,P0006,Toys,East,Winter,0,0,87,92.8,-5.8
2023-12-17,S003,P0006,Toys,East,Winter,1,0,138,139.4,-1.4
2023-12-18,S003,P0006,Toys,East,Winter,1,0,94,127.6,-33.7
2023-12-19,S003,P0006,Toys,East,Winter,0,0,55,91.6,-36.7
2023-12-20,S003,P0006,Toys,East,Winter,0,0,132,109.8,22.2
2023-12-21,S003,P0006,Toys,East,Winter,1,0,173,167.4,5.6
2023-12-22,S003,P0006,Toys,East,Winter,0,0,90,94.0,-4.0
2023-12-23,S003,P0006,Toys,East,Winter,0,0,57,90.6,-33.6
2023-12-24,S003,P0006,Toys,East,Winter,0,0,127,97.0,30.0
2023-12-25,S003,P0006,Toys,East,Winter,0,0,75,91.9,-16.9
2023-12-26,S003,P0006,Toys,East,Winter,0,0,102,99.0,3.0
2023-12-27,S003,P0006,Toys,East,Winter,0,1,5,48.8,-43.8
2023-12-28,S003,P0006,Toys,East,Winter,0,1,30,32.5,-2.5
2023-12-29,S003,P0006,Toys,East,Winter,0,1,33,35.3,-2.3
2023-12-30,S003,P0006,Toys,East,Winter,0,1,26,34.8,-8.8
2023-12-31,S003,P0006,Toys,East,Winter,0,1,49,45.1,3.9
2024-01-01,S003,P0006,Toys,East,Winter,0,1,57,42.2,14.8
2024-01-02,S003,P0006,Toys,East,Winter,1,1,41,33.9,7.1
2024-01-03,S003,P0006,Toys,East,Winter,1,1,27,44.9,-17.9
2024-01-04,S003,P0006,Toys,East,Winter,1,1,42,41.1,0.9
2024-01-05,S003,P0006,Toys,East,Winter,0,1,26,31.5,-5.5
2024-01-06,S003,P0006,Toys,East,Winter,0,1,7,27.6,-20.6
2024-01-07,S003,P0006,Toys,East,Winter,0,1,34,30.7,3.3
2024-01-08,S003,P0006,Toys,East,Winter,1,1,10,33.4,-23.4
2024-01-09,S003,P0006,Toys,East,Winter,0,0,91,105.0,-14.0
2024-01-10,S003,P0006,Toys,East,Winter,0,0,100,117.9,-17.9
2024-01-11,S003,P0006,Toys,East,Winter,0,0,140,132.1,7.9
2024-01-12,S003,P0006,Toys,East,Winter,1,0,85,142.2,-57.2
2024-01-13,S003,P0006,Toys,East,Winter,0,0,90,96.2,-6.2
2024-01-14,S003,P0006,Toys,East,Winter,0,0,46,94.2,-48.2
2024-01-15,S003,P0006,Toys,East,Winter,0,0,80,97.8,-17.8
2024-01-16,S003,P0006,Toys,East,Winter,0,0,66,94.4,-28.4
2024-01-17,S003,P0006,Toys,East,Winter,0,0,84,92.4,-8.4
2024-01-18,S003,P0006,Toys,East,Winter,0,0,85,93.2,-8.2
2024-01-19,S003,P0006,Toys,East,Winter,0,0,72,99.6,-27.6
2024-01-20,S003,P0006,Toys,East,Winter,0,0,79,101.6,-22.6
2024-01-21,S003,P0006,Toys,East,Winter,1,0,63,122.8,-59.8
2024-01-22,S003,P0006,Toys,East,Winter,0,0,114,104.4,9.6
2024-01-23,S003,P0006,Toys,East,Winter,1,0,179,132.5,46.5
2024-01-24,S003,P0006,Toys,East,Winter,1,0,105,106.7,-1.7
2024-01-25,S003,P0006,Toys,East,Winter,1,0,103,134.4,-31.4
2024-01-26,S003,P0006,Toys,East,Winter,0,0,120,95.6,24.5
2024-01-27,S003,P0006,Toys,East,Winter,0,0,122,99.9,22.1
2024-01-28,S003,P0006,Toys,East,Winter,1,0,111,129.4,-18.4
2024-01-29,S003,P0006,Toys,East,Winter,0,0,88,95.9,-7.9
2024-01-30,S003,P0006,Toys,East,Winter,0,0,147,125.1,21.9
2023-09-07,S003,P0007,Groceries,East,Autumn,1,0,134,136.0,-2.0
2023-09-08,S003,P0007,Groceries,East,Autumn,1,0,196,134.3,61.7
2023-09-09,S003,P0007,Groceries,East,Autumn,1,0,137,124.0,13.0
2023-09-10,S003,P0007,Groceries,East,Autumn,0,0,109,101.9,7.1
2023-09-11,S003,P0007,Groceries,East,Autumn,0,0,119,95.8,23.2
2023-09-12,S003,P0007,Groceries,East,Autumn,0,0,99,94.8,4.2
2023-09-13,S003,P0007,Groceries,East,Autumn,0,0,107,117.0,-10.0
2023-09-14,S003,P0007,Groceries,East,Autumn,1,0,95,132.2,-37.2
2023-09-15,S003,P0007,Groceries,East,Autumn,1,0,136,129.0,7.0
2023-09-16,S003,P0007,Groceries,East,Autumn,0,0,93,121.5,-28.5
2023-09-17,S003,P0007,Groceries,East,Autumn,0,0,174,106.3,67.7
2023-09-18,S003,P0007,Groceries,East,Autumn,1,0,156,133.8,22.2
2023-09-19,S003,P0007,Groceries,East,Autumn,1,0,142,133.6,8.4
2023-09-20,S003,P0007,Groceries,East,Autumn,0,0,84,94.8,-10.8
2023-09-21,S003,P0007,Groceries,East,Autumn,0,0,109,119.0,-10.0
2023-09-22,S003,P0007,Groceries,East,Autumn,0,0,141,120.4,20.6
2023-09-23,S003,P0007,Groceries,East,Autumn,1,0,192,140.4,51.6
2023-09-24,S003,P0007,Groceries,East,Autumn,0,0,76,95.1,-19.1
2023-09-25,S003,P0007,Groceries,East,Autumn,0,0,132,116.5,15.5
2023-09-26,S003,P0007,Groceries,East,Autumn,0,0,74,98.0,-24.0
2023-09-27,S003,P0007,Groceries,East,Autumn,0,0,83,95.3,-12.3
2023-09-28,S003,P0007,Groceries,East,Autumn,1,0,82,126.4,-44.4
2023-09-29,S003,P0007,Groceries,East,Autumn,0,0,71,94.1,-23.1
2023-09-30,S003,P0007,Groceries,East,Autumn,0,0,184,121.7,62.3
2023-10-01,S003,P0007,Groceries,East,Autumn,1,0,180,150.6,29.4
2023-10-02,S003,P0007,Groceries,East,Autumn,1,0,149,133.6,15.4
2023-10-03,S003,P0007,Groceries,East,Autumn,0,0,132,97.4,34.6
2023-10-04,S003,P0007,Groceries,East,Autumn,0,0,116,104.2,11.8
2023-10-05,S003,P0007,Groceries,East,Autumn,0,0,111,98.2,12.8
2023-10-06,S003,P0007,Groceries,East,Autumn,1,0,187,132.2,54.8
2023-10-07,S003,P0007,Groceries,East,Autumn,1,1,58,102.9,-44.9
2023-10-08,S003,P0007,Groceries,East,Autumn,0,1,78,68.3,9.7
2023-10-09,S003,P0007,Groceries,East,Autumn,0,1,105,73.0,32.0
2023-10-10,S003,P0007,Groceries,East,Autumn,1,1,65,98.5,-33.5
2023-10-11,S003,P0007,Groceries,East,Autumn,1,1,102,99.4,2.6
2023-10-12,S003,P0007,Groceries,East,Autumn,0,1,62,73.3,-11.3
2023-10-13,S003,P0007,Groceries,East,Autumn,0,1,82,84.7,-2.7
2023-10-14,S003,P0007,Groceries,East,Autumn,1,1,59,95.5,-36.5
2023-10-15,S003,P0007,Groceries,East,Autumn,0,1,71,77.8,-6.8
2023-10-16,S003,P0007,Groceries,East,Autumn,0,1,64,76.4,-12.4
2023-10-17,S003,P0007,Groceries,East,Autumn,0,1,56,86.0,-30.0
2023-10-18,S003,P0007,Groceries,East,Autumn,1,1,78,93.0,-15.0
2023-10-19,S003,P0007,Groceries,East,Autumn,0,1,42,84.3,-42.3
2023-10-20,S003,P0007,Groceries,East,Autumn,0,1,30,82.4,-52.4
2023-10-21,S003,P0007,Groceries,East,Autumn,1,1,109,81.4,27.6
2023-10-22,S003,P0007,Groceries,East,Autumn,0,1,65,80.9,-15.9
2023-10-23,S003,P0007,Groceries,East,Autumn,0,1,34,82.9,-48.9
2023-10-24,S003,P0007,Groceries,East,Autumn,0,1,79,84.8,-5.8
2023-10-25,S003,P0007,Groceries,East,Autumn,1,0,187,122.0,65.0
2023-10-26,S003,P0007,Groceries,East,Autumn,0,0,118,102.2,15.8
2023-10-27,S003,P0007,Groceries,East,Autumn,0,0,131,111.4,19.6
2023-10-28,S003,P0007,Groceries,East,Autumn,0,0,111,96.2,14.8
2023-10-29,S003,P0007,Groceries,East,Autumn,0,0,197,110.4,86.6
2023-10-30,S003,P0007,Groceries,East,Autumn,0,0,87,104.6,-17.7
2023-10-31,S003,P0007,Groceries,East,Autumn,0,0,112,101.8,10.2
2023-11-01,S003,P0007,Groceries,East,Autumn,0,0,147,94.8,52.2
2023-11-02,S003,P0007,Groceries,East,Autumn,0,0,196,120.4,75.6
2023-11-03,S003,P0007,Groceries,East,Autumn,0,0,155,100.4,54.6
2023-11-04,S003,P0007,Groceries,East,Autumn,0,0,202,113.9,88.1
2023-11-05,S003,P0007,Groceries,East,Autumn,1,0,218,135.0,82.9
2023-11-06,S003,P0007,Groceries,East,Autumn,0,0,133,97.5,35.5
2023-11-07,S003,P0007,Groceries,East,Autumn,1,0,167,147.6,19.4
2023-11-08,S003,P0007,Groceries,East,Autumn,0,0,148,103.5,44.5
2023-11-09,S003,P0007,Groceries,East,Autumn,0,0,171,99.7,71.3
2023-11-10,S003,P0007,Groceries,East,Autumn,0,0,160,101.4,58.6
2023-11-11,S003,P0007,Groceries,East,Autumn,0,0,197,126.3,70.7
2023-11-12,S003,P0007,Groceries,East,Autumn,0,0,167,114.0,53.0
2023-11-13,S003,P0007,Groceries,East,Autumn,1,0,112,139.7,-27.7
2023-11-14,S003,P0007,Groceries,East,Autumn,0,0,91,99.6,-8.6
2023-11-15,S003,P0007,Groceries,East,Autumn,0,0,138,117.7,20.3
2023-11-16,S003,P0007,Groceries,East,Autumn,1,0,153,144.1,8.9
2023-11-17,S003,P0007,Groceries,East,Autumn,1,0,109,138.3,-29.3
2023-11-18,S003,P0007,Groceries,East,Autumn,1,0,125,140.3,-15.3
2023-11-19,S003,P0007,Groceries,East,Autumn,0,0,157,120.7,36.3
2023-11-20,S003,P0007,Groceries,East,Autumn,0,0,74,92.2,-18.2
2023-11-21,S003,P0007,Groceries,East,Autumn,1,0,209,132.5,76.5
2023-11-22,S003,P0007,Groceries,East,Autumn,1,0,248,143.1,104.9
2023-11-23,S003,P0007,Groceries,East,Autumn,1,0,157,117.8,39.2
2023-11-24,S003,P0007,Groceries,East,Autumn,0,0,118,102.4,15.6
2023-11-25,S003,P0007,Groceries,East,Autumn,0,0,121,98.6,22.4
2023-11-26,S003,P0007,Groceries,East,Autumn,1,0,75,124.0,-49.0
2023-11-27,S003,P0007,Groceries,East,Autumn,0,0,146,97.9,48.1
2023-11-28,S003,P0007,Groceries,East,Autumn,0,0,108,100.4,7.6
2023-11-29,S003,P0007,Groceries,East,Autumn,0,0,149,108.4,40.6
2023-11-30,S003,P0007,Groceries,East,Autumn,0,0,137,102.1,34.9
2023-12-01,S003,P0007,Groceries,East,Winter,0,0,72,102.1,-30.1
2023-12-02,S003,P0007,Groceries,East,Winter,1,0,102,134.2,-32.2
2023-12-03,S003,P0007,Groceries,East,Winter,0,0,142,129.5,12.5
2023-12-04,S003,P0007,Groceries,East,Winter,0,0,75,121.4,-46.4
2023-12-05,S003,P0007,Groceries,East,Winter,0,0,102,95.0,7.0
2023-12-06,S003,P0007,Groceries,East,Winter,1,0,98,149.0,-51.0
2023-12-07,S003,P0007,Groceries,East,Winter,1,0,152,132.4,19.6
2023-12-08,S003,P0007,Groceries,East,Winter,0,0,143,104.5,38.5
2023-12-09,S003,P0007,Groceries,East,Winter,0,0,110,97.1,12.9
2023-12-10,S003,P0007,Groceries,East,Winter,1,0,174,127.6,46.4
2023-12-11,S003,P0007,Groceries,East,Winter,1,0,167,132.1,34.9
2023-12-12,S003,P0007,Groceries,East,Winter,0,0,121,103.0,18.0
2023-12-13,S003,P0007,Groceries,East,Winter,0,0,115,108.2,6.8
2023-12-14,S003,P0007,Groceries,East,Winter,0,0,109,104.4,4.6
2023-12-15,S003,P0007,Groceries,East,Winter,1,0,164,135.1,28.9
2023-12-16,S003,P0007,Groceries,East,Winter,1,0,20,128.9,-108.9
2023-12-17,S003,P0007,Groceries,East,Winter,0,0,106,102.4,3.6
2023-12-18,S003,P0007,Groceries,East,Winter,0,0,141,123.4,17.7
2023-12-19,S003,P0007,Groceries,East,Winter,1,0,53,134.8,-81.8
2023-12-20,S003,P0007,Groceries,East,Winter,0,0,71,129.0,-58.0
2023-12-21,S003,P0007,Groceries,East,Winter,0,0,166,127.6,38.4
2023-12-22,S003,P0007,Groceries,East,Winter,0,0,114,97.6,16.4
2023-12-23,S003,P0007,Groceries,East,Winter,1,0,109,129.5,-20.5
2023-12-24,S003,P0007,Groceries,East,Winter,1,0,199,127.8,71.2
2023-12-25,S003,P0007,Groceries,East,Winter,0,0,130,98.1,31.9
2023-12-26,S003,P0007,Groceries,East,Winter,0,0,91,114.9,-23.9
2023-12-27,S003,P0007,Groceries,East,Winter,0,1,74,81.6,-7.6
2023-12-28,S003,P0007,Groceries,East,Winter,0,1,86,76.4,9.6
2023-12-29,S003,P0007,Groceries,East,Winter,0,1,76,71.5,4.5
2023-12-30,S003,P0007,Groceries,East,Winter,0,1,59,73.0,-14.0
2023-12-31,S003,P0007,Groceries,East,Winter,0,1,25,85.8,-60.8
2024-01-01,S003,P0007,Groceries,East,Winter,1,1,78,90.5,-12.5
2024-01-02,S003,P0007,Groceries,East,Winter,0,1,80,67.6,12.4
2024-01-03,S003,P0007,Groceries,East,Winter,1,1,48,89.6,-41.6
2024-01-04,S003,P0007,Groceries,East,Winter,1,1,28,89.6,-61.6
2024-01-05,S003,P0007,Groceries,East,Winter,0,1,64,72.6,-8.6
2024-01-06,S003,P0007,Groceries,East,Winter,0,1,92,64.1,27.9
2024-01-07,S003,P0007,Groceries,East,Winter,0,1,79,66.9,12.1
2024-01-08,S003,P0007,Groceries,East,Winter,0,1,67,64.3,2.7
2024-01-09,S003,P0007,Groceries,East,Winter,0,0,105,89.2,15.8
2024-01-10,S003,P0007,Groceries,East,Winter,1,0,166,123.6,42.3
2024-01-11,S003,P0007,Groceries,East,Winter,0,0,76,100.6,-24.6
2024-01-12,S003,P0007,Groceries,East,Winter,0,0,152,117.7,34.3
2024-01-13,S003,P0007,Groceries,East,Winter,1,0,158,142.3,15.7
2024-01-14,S003,P0007,Groceries,East,Winter,0,0,128,109.1,18.9
2024-01-15,S003,P0007,Groceries,East,Winter,0,0,143,116.5,26.5
2024-01-16,S003,P0007,Groceries,East,Winter,1,0,131,138.5,-7.5
2024-01-17,S003,P0007,Groceries,East,Winter,1,0,75,129.0,-54.0
2024-01-18,S003,P0007,Groceries,East,Winter,0,0,99,101.7,-2.7
2024-01-19,S003,P0007,Groceries,East,Winter,0,0,81,107.4,-26.4
2024-01-20,S003,P0007,Groceries,East,Winter,1,0,162,143.4,18.7
2024-01-21,S003,P0007,Groceries,East,Winter,0,0,87,98.0,-11.0
2024-01-22,S003,P0007,Groceries,East,Winter,0,0,65,119.8,-54.8
2024-01-23,S003,P0007,Groceries,East,Winter,0,0,65,105.3,-40.3
2024-01-24,S003,P0007,Groceries,East,Winter,0,0,56,90.0,-34.0
2024-01-25,S003,P0007,Groceries,East,Winter,1,0,145,166.4,-21.3
2024-01-26,S003,P0007,Groceries,East,Winter,0,0,83,96.3,-13.3
2024-01-27,S003,P0007,Groceries,East,Winter,1,0,162,125.0,37.0
2024-01-28,S003,P0007,Groceries,East,Winter,0,0,123,106.6,16.4
2024-01-29,S003,P0007,Groceries,East,Winter,0,0,113,98.3,14.7
2024-01-30,S003,P0007,Groceries,East,Winter,0,0,114,119.1,-5.1
2023-09-07,S003,P0008,Clothing,East,Autumn,1,0,112,121.8,-9.8
2023-09-08,S003,P0008,Clothing,East,Autumn,1,0,81,124.8,-43.8
2023-09-09,S003,P0008,Clothing,East,Autumn,0,0,133,117.0,16.0
2023-09-10,S003,P0008,Clothing,East,Autumn,1,0,115,132.5,-17.5
2023-09-11,S003,P0008,Clothing,East,Autumn,0,0,92,88.1,3.9
2023-09-12,S003,P0008,Clothing,East,Autumn,1,0,144,142.1,1.9
2023-09-13,S003,P0008,Clothing,East,Autumn,0,0,114,116.1,-2.1
2023-09-14,S003,P0008,Clothing,East,Autumn,0,0,112,96.0,16.0
2023-09-15,S003,P0008,Clothing,East,Autumn,0,0,23,89.1,-66.1
2023-09-16,S003,P0008,Clothing,East,Autumn,0,0,65,104.3,-39.3
2023-09-17,S003,P0008,Clothing,East,Autumn,0,0,81,91.5,-10.5
2023-09-18,S003,P0008,Clothing,East,Autumn,0,0,32,85.5,-53.5
2023-09-19,S003,P0008,Clothing,East,Autumn,1,0,150,126.9,23.1
2023-09-20,S003,P0008,Clothing,East,Autumn,0,0,80,86.7,-6.7
2023-09-21,S003,P0008,Clothing,East,Autumn,1,0,120,141.6,-21.6
2023-09-22,S003,P0008,Clothing,East,Autumn,1,0,121,142.4,-21.4
2023-09-23,S003,P0008,Clothing,East,Autumn,0,0,102,105.9,-3.9
2023-09-24,S003,P0008,Clothing,East,Autumn,0,0,68,90.8,-22.8
2023-09-25,S003,P0008,Clothing,East,Autumn,1,0,135,164.5,-29.5
2023-09-26,S003,P0008,Clothing,East,Autumn,0,0,102,96.6,5.4
2023-09-27,S003,P0008,Clothing,East,Autumn,1,0,143,138.5,4.5
2023-09-28,S003,P0008,Clothing,East,Autumn,0,0,88,96.7,-8.7
2023-09-29,S003,P0008,Clothing,East,Autumn,0,0,103,93.4,9.7
2023-09-30,S003,P0008,Clothing,East,Autumn,0,0,72,105.5,-33.5
2023-10-01,S003,P0008,Clothing,East,Autumn,1,0,175,155.4,19.6
2023-10-02,S003,P0008,Clothing,East,Autumn,1,0,112,111.3,0.7
2023-10-03,S003,P0008,Clothing,East,Autumn,0,0,37,84.0,-47.0
2023-10-04,S003,P0008,Clothing,East,Autumn,1,0,120,133.8,-13.8
2023-10-05,S003,P0008,Clothing,East,Autumn,0,0,116,111.8,4.2
2023-10-06,S003,P0008,Clothing,East,Autumn,0,0,138,136.0,2.0
2023-10-07,S003,P0008,Clothing,East,Autumn,0,1,85,86.9,-1.9
2023-10-08,S003,P0008,Clothing,East,Autumn,1,1,96,103.3,-7.3
2023-10-09,S003,P0008,Clothing,East,Autumn,0,1,66,83.9,-17.9
2023-10-10,S003,P0008,Clothing,East,Autumn,0,1,88,99.0,-11.0
2023-10-11,S003,P0008,Clothing,East,Autumn,0,1,72,89.6,-17.6
2023-10-12,S003,P0008,Clothing,East,Autumn,1,1,88,127.5,-39.5
2023-10-13,S003,P0008,Clothing,East,Autumn,0,1,88,111.6,-23.6
2023-10-14,S003,P0008,Clothing,East,Autumn,0,1,70,103.0,-33.0
2023-10-15,S003,P0008,Clothing,East,Autumn,0,1,94,112.2,-18.2
2023-10-16,S003,P0008,Clothing,East,Autumn,0,1,63,90.9,-27.9
2023-10-17,S003,P0008,Clothing,East,Autumn,0,1,55,95.0,-40.0
2023-10-18,S003,P0008,Clothing,East,Autumn,1,1,133,143.3,-10.3
2023-10-19,S003,P0008,Clothing,East,Autumn,1,1,114,143.7,-29.7
2023-10-20,S003,P0008,Clothing,East,Autumn,0,1,92,103.7,-11.7
2023-10-21,S003,P0008,Clothing,East,Autumn,1,1,151,150.5,0.5
2023-10-22,S003,P0008,Clothing,East,Autumn,0,1,91,93.7,-2.7
2023-10-23,S003,P0008,Clothing,East,Autumn,1,1,148,137.2,10.8
2023-10-24,S003,P0008,Clothing,East,Autumn,0,1,123,118.3,4.7
2023-10-25,S003,P0008,Clothing,East,Autumn,0,0,77,93.6,-16.6
2023-10-26,S003,P0008,Clothing,East,Autumn,0,0,128,115.7,12.3
2023-10-27,S003,P0008,Clothing,East,Autumn,1,0,144,153.0,-9.0
2023-10-28,S003,P0008,Clothing,East,Autumn,0,0,126,103.1,22.9
2023-10-29,S003,P0008,Clothing,East,Autumn,0,0,110,95.2,14.8
2023-10-30,S003,P0008,Clothing,East,Autumn,0,0,98,103.2,-5.2
2023-10-31,S003,P0008,Clothing,East,Autumn,0,0,118,109.6,8.4
2023-11-01,S003,P0008,Clothing,East,Autumn,0,0,86,87.3,-1.3
2023-11-02,S003,P0008,Clothing,East,Autumn,0,0,94,108.3,-14.3
2023-11-03,S003,P0008,Clothing,East,Autumn,1,0,169,151.2,17.8
2023-11-04,S003,P0008,Clothing,East,Autumn,0,0,122,111.1,10.9
2023-11-05,S003,P0008,Clothing,East,Autumn,1,0,110,118.8,-8.8
2023-11-06,S003,P0008,Clothing,East,Autumn,0,0,135,125.3,9.7
2023-11-07,S003,P0008,Clothing,East,Autumn,0,0,91,99.3,-8.3
2023-11-08,S003,P0008,Clothing,East,Autumn,0,0,58,86.2,-28.2
2023-11-09,S003,P0008,Clothing,East,Autumn,1,0,87,104.4,-17.4
2023-11-10,S003,P0008,Clothing,East,Autumn,1,0,76,102.1,-26.1
2023-11-11,S003,P0008,Clothing,East,Autumn,0,0,118,129.2,-11.2
2023-11-12,S003,P0008,Clothing,East,Autumn,1,0,160,171.2,-11.2
2023-11-13,S003,P0008,Clothing,East,Autumn,1,0,77,115.0,-38.0
2023-11-14,S003,P0008,Clothing,East,Autumn,0,0,40,84.3,-44.3
2023-11-15,S003,P0008,Clothing,East,Autumn,0,0,190,147.2,42.8
2023-11-16,S003,P0008,Clothing,East,Autumn,0,0,131,114.4,16.6
2023-11-17,S003,P0008,Clothing,East,Autumn,1,0,79,111.3,-32.3
2023-11-18,S003,P0008,Clothing,East,Autumn,1,0,100,135.6,-35.6
2023-11-19,S003,P0008,Clothing,East,Autumn,0,0,108,111.1,-3.1
2023-11-20,S003,P0008,Clothing,East,Autumn,1,0,113,134.4,-21.4
2023-11-21,S003,P0008,Clothing,East,Autumn,0,0,90,92.8,-2.8
2023-11-22,S003,P0008,Clothing,East,Autumn,0,0,97,107.4,-10.3
2023-11-23,S003,P0008,Clothing,East,Autumn,0,0,95,103.6,-8.6
2023-11-24,S003,P0008,Clothing,East,Autumn,1,0,113,122.0,-9.0
2023-11-25,S003,P0008,Clothing,East,Autumn,0,0,128,124.1,3.9
2023-11-26,S003,P0008,Clothing,East,Autumn,0,0,81,93.6,-12.6
2023-11-27,S003,P0008,Clothing,East,Autumn,0,0,57,83.7,-26.7
2023-11-28,S003,P0008,Clothing,East,Autumn,0,0,77,96.1,-19.1
2023-11-29,S003,P0008,Clothing,East,Autumn,0,0,89,113.5,-24.5
2023-11-30,S003,P0008,Clothing,East,Autumn,0,0,115,128.9,-13.9
2023-12-01,S003,P0008,Clothing,East,Winter,0,0,71,92.0,-21.0
2023-12-02,S003,P0008,Clothing,East,Winter,0,0,128,124.7,3.3
2023-12-03,S003,P0008,Clothing,East,Winter,0,0,106,121.2,-15.2
2023-12-04,S003,P0008,Clothing,East,Winter,1,0,197,169.0,27.9
2023-12-05,S003,P0008,Clothing,East,Winter,1,0,83,102.7,-19.7
2023-12-06,S003,P0008,Clothing,East,Winter,0,0,108,108.0,0.0
2023-12-07,S003,P0008,Clothing,East,Winter,0,0,124,119.6,4.4
2023-12-08,S003,P0008,Clothing,East,Winter,0,0,54,91.5,-37.5
2023-12-09,S003,P0008,Clothing,East,Winter,0,0,102,107.6,-5.5
2023-12-10,S003,P0008,Clothing,East,Winter,0,0,114,95.1,18.9
2023-12-11,S003,P0008,Clothing,East,Winter,0,0,72,94.9,-22.9
2023-12-12,S003,P0008,Clothing,East,Winter,1,0,151,142.5,8.5
2023-12-13,S003,P0008,Clothing,East,Winter,0,0,85,103.7,-18.7
2023-12-14,S003,P0008,Clothing,East,Winter,1,0,166,135.4,30.6
2023-12-15,S003,P0008,Clothing,East,Winter,1,0,192,159.0,33.0
2023-12-16,S003,P0008,Clothing,East,Winter,0,0,64,93.2,-29.2
2023-12-17,S003,P0008,Clothing,East,Winter,1,0,104,117.1,-13.1
2023-12-18,S003,P0008,Clothing,East,Winter,0,0,106,120.4,-14.4
2023-12-19,S003,P0008,Clothing,East,Winter,0,0,135,116.0,19.0
2023-12-20,S003,P0008,Clothing,East,Winter,1,0,224,192.5,31.5
2023-12-21,S003,P0008,Clothing,East,Winter,0,0,150,155.8,-5.8
2023-12-22,S003,P0008,Clothing,East,Winter,1,0,135,137.6,-2.6
2023-12-23,S003,P0008,Clothing,East,Winter,1,0,159,134.9,24.1
2023-12-24,S003,P0008,Clothing,East,Winter,0,0,133,132.8,0.2
2023-12-25,S003,P0008,Clothing,East,Winter,0,0,103,107.4,-4.4
2023-12-26,S003,P0008,Clothing,East,Winter,1,0,112,164.5,-52.5
2023-12-27,S003,P0008,Clothing,East,Winter,0,1,53,104.7,-51.7
2023-12-28,S003,P0008,Clothing,East,Winter,0,1,77,97.5,-20.5
2023-12-29,S003,P0008,Clothing,East,Winter,0,1,103,106.0,-3.0
2023-12-30,S003,P0008,Clothing,East,Winter,0,1,128,110.4,17.6
2023-12-31,S003,P0008,Clothing,East,Winter,0,1,178,168.0,10.0
2024-01-01,S003,P0008,Clothing,East,Winter,0,1,38,95.6,-57.6
2024-01-02,S003,P0008,Clothing,East,Winter,0,1,120,115.6,4.4
2024-01-03,S003,P0008,Clothing,East,Winter,1,1,115,132.0,-17.0
2024-01-04,S003,P0008,Clothing,East,Winter,1,1,121,134.9,-13.9
2024-01-05,S003,P0008,Clothing,East,Winter,1,1,212,203.5,8.5
2024-01-06,S003,P0008,Clothing,East,Winter,0,1,189,156.2,32.8
2024-01-07,S003,P0008,Clothing,East,Winter,0,1,93,100.6,-7.6
2024-01-08,S003,P0008,Clothing,East,Winter,0,1,191,154.9,36.1
2024-01-09,S003,P0008,Clothing,East,Winter,1,0,93,133.8,-40.8
2024-01-10,S003,P0008,Clothing,East,Winter,0,0,118,132.0,-14.0
2024-01-11,S003,P0008,Clothing,East,Winter,1,0,107,156.7,-49.7
2024-01-12,S003,P0008,Clothing,East,Winter,0,0,75,143.0,-68.1
2024-01-13,S003,P0008,Clothing,East,Winter,0,0,168,149.4,18.6
2024-01-14,S003,P0008,Clothing,East,Winter,0,0,111,106.4,4.6
2024-01-15,S003,P0008,Clothing,East,Winter,0,0,129,156.0,-27.0
2024-01-16,S003,P0008,Clothing,East,Winter,1,0,120,142.6,-22.6
2024-01-17,S003,P0008,Clothing,East,Winter,1,0,155,150.0,5.1
2024-01-18,S003,P0008,Clothing,East,Winter,0,0,50,94.8,-44.8
2024-01-19,S003,P0008,Clothing,East,Winter,0,0,106,122.7,-16.7
2024-01-20,S003,P0008,Clothing,East,Winter,0,0,116,129.6,-13.6
2024-01-21,S003,P0008,Clothing,East,Winter,0,0,107,103.1,3.9
2024-01-22,S003,P0008,Clothing,East,Winter,0,0,122,121.6,0.3
2024-01-23,S003,P0008,Clothing,East,Winter,1,0,88,132.8,-44.8
2024-01-24,S003,P0008,Clothing,East,Winter,1,0,187,160.4,26.6
2024-01-25,S003,P0008,Clothing,East,Winter,0,0,109,121.0,-12.0
2024-01-26,S003,P0008,Clothing,East,Winter,0,0,135,127.6,7.4
2024-01-27,S003,P0008,Clothing,East,Winter,1,0,149,151.9,-2.9
2024-01-28,S003,P0008,Clothing,East,Winter,0,0,74,103.8,-29.8
2024-01-29,S003,P0008,Clothing,East,Winter,0,0,166,147.0,19.0
2024-01-30,S003,P0008,Clothing,East,Winter,0,0,114,166.2,-52.2
2023-09-07,S003,P0009,Groceries,East,Autumn,0,0,71,91.3,-20.3
2023-09-08,S003,P0009,Groceries,East,Autumn,0,0,113,96.5,16.5
2023-09-09,S003,P0009,Groceries,East,Autumn,1,0,177,130.6,46.4
2023-09-10,S003,P0009,Groceries,East,Autumn,0,0,137,114.8,22.2
2023-09-11,S003,P0009,Groceries,East,Autumn,1,0,151,131.6,19.4
2023-09-12,S003,P0009,Groceries,East,Autumn,1,0,116,129.5,-13.5
2023-09-13,S003,P0009,Groceries,East,Autumn,1,0,253,174.8,78.2
2023-09-14,S003,P0009,Groceries,East,Autumn,0,0,92,90.9,1.1
2023-09-15,S003,P0009,Groceries,East,Autumn,1,0,192,142.9,49.1
2023-09-16,S003,P0009,Groceries,East,Autumn,0,0,86,96.4,-10.4
2023-09-17,S003,P0009,Groceries,East,Autumn,1,0,111,135.9,-24.9
2023-09-18,S003,P0009,Groceries,East,Autumn,1,0,114,130.2,-16.2
2023-09-19,S003,P0009,Groceries,East,Autumn,0,0,132,111.8,20.2
2023-09-20,S003,P0009,Groceries,East,Autumn,0,0,103,90.6,12.4
2023-09-21,S003,P0009,Groceries,East,Autumn,0,0,184,131.9,52.1
2023-09-22,S003,P0009,Groceries,East,Autumn,0,0,141,119.4,21.6
2023-09-23,S003,P0009,Groceries,East,Autumn,1,0,104,135.7,-31.7
2023-09-24,S003,P0009,Groceries,East,Autumn,0,0,124,94.2,29.8
2023-09-25,S003,P0009,Groceries,East,Autumn,0,0,106,109.8,-3.8
2023-09-26,S003,P0009,Groceries,East,Autumn,0,0,150,101.5,48.5
2023-09-27,S003,P0009,Groceries,East,Autumn,0,0,114,100.0,14.0
2023-09-28,S003,P0009,Groceries,East,Autumn,0,0,74,85.2,-11.2
2023-09-29,S003,P0009,Groceries,East,Autumn,0,0,156,114.8,41.2
2023-09-30,S003,P0009,Groceries,East,Autumn,0,0,113,118.8,-5.8
2023-10-01,S003,P0009,Groceries,East,Autumn,0,0,105,112.0,-7.0
2023-10-02,S003,P0009,Groceries,East,Autumn,1,0,166,139.0,27.0
2023-10-03,S003,P0009,Groceries,East,Autumn,1,0,42,133.2,-91.2
2023-10-04,S003,P0009,Groceries,East,Autumn,0,0,144,112.1,31.9
2023-10-05,S003,P0009,Groceries,East,Autumn,0,0,81,95.6,-14.6
2023-10-06,S003,P0009,Groceries,East,Autumn,0,0,147,116.4,30.6
2023-10-07,S003,P0009,Groceries,East,Autumn,0,1,92,73.5,18.5
2023-10-08,S003,P0009,Groceries,East,Autumn,1,1,87,104.4,-17.4
2023-10-09,S003,P0009,Groceries,East,Autumn,0,1,51,77.0,-26.0
2023-10-10,S003,P0009,Groceries,East,Autumn,0,1,96,90.6,5.4
2023-10-11,S003,P0009,Groceries,East,Autumn,0,1,61,79.5,-18.5
2023-10-12,S003,P0009,Groceries,East,Autumn,0,1,97,88.4,8.6
2023-10-13,S003,P0009,Groceries,East,Autumn,0,1,30,95.2,-65.2
2023-10-14,S003,P0009,Groceries,East,Autumn,1,1,67,85.6,-18.6
2023-10-15,S003,P0009,Groceries,East,Autumn,0,1,77,88.8,-11.8
2023-10-16,S003,P0009,Groceries,East,Autumn,0,1,70,92.8,-22.8
2023-10-17,S003,P0009,Groceries,East,Autumn,0,1,59,87.7,-28.7
2023-10-18,S003,P0009,Groceries,East,Autumn,1,1,82,94.1,-12.1
2023-10-19,S003,P0009,Groceries,East,Autumn,0,1,46,86.6,-40.6
2023-10-20,S003,P0009,Groceries,East,Autumn,0,1,61,91.0,-30.0
2023-10-21,S003,P0009,Groceries,East,Autumn,1,1,111,94.6,16.4
2023-10-22,S003,P0009,Groceries,East,Autumn,0,1,92,84.6,7.3
2023-10-23,S003,P0009,Groceries,East,Autumn,1,1,129,95.5,33.5
2023-10-24,S003,P0009,Groceries,East,Autumn,0,1,82,82.6,-0.6
2023-10-25,S003,P0009,Groceries,East,Autumn,0,0,163,112.8,50.2
2023-10-26,S003,P0009,Groceries,East,Autumn,1,0,185,157.4,27.6
2023-10-27,S003,P0009,Groceries,East,Autumn,1,0,169,144.3,24.7
2023-10-28,S003,P0009,Groceries,East,Autumn,1,0,147,130.0,16.9
2023-10-29,S003,P0009,Groceries,East,Autumn,0,0,171,114.8,56.2
2023-10-30,S003,P0009,Groceries,East,Autumn,0,0,107,92.3,14.7
2023-10-31,S003,P0009,Groceries,East,Autumn,0,0,120,118.3,1.7
2023-11-01,S003,P0009,Groceries,East,Autumn,0,0,95,88.9,6.1
2023-11-02,S003,P0009,Groceries,East,Autumn,1,0,148,142.8,5.2
2023-11-03,S003,P0009,Groceries,East,Autumn,1,0,158,138.7,19.3
2023-11-04,S003,P0009,Groceries,East,Autumn,1,0,115,139.4,-24.4
2023-11-05,S003,P0009,Groceries,East,Autumn,0,0,133,97.6,35.3
2023-11-06,S003,P0009,Groceries,East,Autumn,0,0,119,107.3,11.7
2023-11-07,S003,P0009,Groceries,East,Autumn,0,0,141,114.6,26.4
2023-11-08,S003,P0009,Groceries,East,Autumn,1,0,111,132.7,-21.7
2023-11-09,S003,P0009,Groceries,East,Autumn,0,0,172,112.6,59.4
2023-11-10,S003,P0009,Groceries,East,Autumn,0,0,121,103.0,18.0
2023-11-11,S003,P0009,Groceries,East,Autumn,0,0,185,129.6,55.4
2023-11-12,S003,P0009,Groceries,East,Autumn,0,0,101,105.9,-4.9
2023-11-13,S003,P0009,Groceries,East,Autumn,1,0,108,130.9,-22.9
2023-11-14,S003,P0009,Groceries,East,Autumn,1,0,188,133.3,54.7
2023-11-15,S003,P0009,Groceries,East,Autumn,0,0,190,128.1,61.9
2023-11-16,S003,P0009,Groceries,East,Autumn,0,0,126,107.0,19.0
2023-11-17,S003,P0009,Groceries,East,Autumn,0,0,39,88.0,-49.0
2023-11-18,S003,P0009,Groceries,East,Autumn,1,0,155,141.2,13.8
2023-11-19,S003,P0009,Groceries,East,Autumn,0,0,181,129.5,51.5
2023-11-20,S003,P0009,Groceries,East,Autumn,0,0,133,108.1,24.9
2023-11-21,S003,P0009,Groceries,East,Autumn,1,0,108,138.3,-30.3
2023-11-22,S003,P0009,Groceries,East,Autumn,0,0,100,105.6,-5.6
2023-11-23,S003,P0009,Groceries,East,Autumn,0,0,138,97.6,40.4
2023-11-24,S003,P0009,Groceries,East,Autumn,0,0,90,92.3,-2.3
2023-11-25,S003,P0009,Groceries,East,Autumn,1,0,144,126.6,17.4
2023-11-26,S003,P0009,Groceries,East,Autumn,0,0,89,87.3,1.7
2023-11-27,S003,P0009,Groceries,East,Autumn,0,0,109,96.1,12.9
2023-11-28,S003,P0009,Groceries,East,Autumn,1,0,172,138.2,33.8
2023-11-29,S003,P0009,Groceries,East,Autumn,0,0,204,128.2,75.8
2023-11-30,S003,P0009,Groceries,East,Autumn,0,0,91,97.5,-6.5
2023-12-01,S003,P0009,Groceries,East,Winter,1,0,83,130.6,-47.6
2023-12-02,S003,P0009,Groceries,East,Winter,0,0,94,90.7,3.3
2023-12-03,S003,P0009,Groceries,East,Winter,1,0,169,146.8,22.2
2023-12-04,S003,P0009,Groceries,East,Winter,1,0,162,145.3,16.7
2023-12-05,S003,P0009,Groceries,East,Winter,0,0,118,102.4,15.5
2023-12-06,S003,P0009,Groceries,East,Winter,1,0,265,158.9,106.1
2023-12-07,S003,P0009,Groceries,East,Winter,0,0,179,116.9,62.1
2023-12-08,S003,P0009,Groceries,East,Winter,0,0,183,114.8,68.2
2023-12-09,S003,P0009,Groceries,East,Winter,0,0,140,110.3,29.7
2023-12-10,S003,P0009,Groceries,East,Winter,0,0,165,124.8,40.2
2023-12-11,S003,P0009,Groceries,East,Winter,0,0,167,122.8,44.2
2023-12-12,S003,P0009,Groceries,East,Winter,1,0,150,139.9,10.1
2023-12-13,S003,P0009,Groceries,East,Winter,1,0,239,173.3,65.7
2023-12-14,S003,P0009,Groceries,East,Winter,0,0,130,120.8,9.2
2023-12-15,S003,P0009,Groceries,East,Winter,0,0,97,94.0,3.0
2023-12-16,S003,P0009,Groceries,East,Winter,0,0,69,89.4,-20.4
2023-12-17,S003,P0009,Groceries,East,Winter,1,0,172,135.4,36.6
2023-12-18,S003,P0009,Groceries,East,Winter,1,0,152,143.6,8.4
2023-12-19,S003,P0009,Groceries,East,Winter,0,0,106,88.4,17.5
2023-12-20,S003,P0009,Groceries,East,Winter,0,0,113,119.9,-6.9
2023-12-21,S003,P0009,Groceries,East,Winter,1,0,116,145.0,-29.0
2023-12-22,S003,P0009,Groceries,East,Winter,0,0,70,91.9,-21.9
2023-12-23,S003,P0009,Groceries,East,Winter,0,0,126,97.5,28.5
2023-12-24,S003,P0009,Groceries,East,Winter,0,0,125,97.2,27.8
2023-12-25,S003,P0009,Groceries,East,Winter,0,0,60,88.7,-28.7
2023-12-26,S003,P0009,Groceries,East,Winter,1,0,203,151.7,51.3
2023-12-27,S003,P0009,Groceries,East,Winter,0,1,39,81.2,-42.2
2023-12-28,S003,P0009,Groceries,East,Winter,0,1,59,77.7,-18.7
2023-12-29,S003,P0009,Groceries,East,Winter,0,1,92,88.8,3.2
2023-12-30,S003,P0009,Groceries,East,Winter,0,1,76,78.6,-2.7
2023-12-31,S003,P0009,Groceries,East,Winter,0,1,68,87.5,-19.5
2024-01-01,S003,P0009,Groceries,East,Winter,0,1,86,78.1,7.9
2024-01-02,S003,P0009,Groceries,East,Winter,1,1,59,85.1,-26.1
2024-01-03,S003,P0009,Groceries,East,Winter,0,1,73,73.5,-0.5
2024-01-04,S003,P0009,Groceries,East,Winter,0,1,49,66.3,-17.3
2024-01-05,S003,P0009,Groceries,East,Winter,0,1,69,87.6,-18.6
2024-01-06,S003,P0009,Groceries,East,Winter,1,1,57,86.9,-29.9
2024-01-07,S003,P0009,Groceries,East,Winter,0,1,40,67.7,-27.7
2024-01-08,S003,P0009,Groceries,East,Winter,0,1,47,64.4,-17.3
2024-01-09,S003,P0009,Groceries,East,Winter,1,0,138,130.3,7.7
2024-01-10,S003,P0009,Groceries,East,Winter,0,0,88,105.1,-17.1
2024-01-11,S003,P0009,Groceries,East,Winter,1,0,175,150.8,24.2
2024-01-12,S003,P0009,Groceries,East,Winter,0,0,106,108.9,-2.9
2024-01-13,S003,P0009,Groceries,East,Winter,0,0,102,102.2,-0.2
2024-01-14,S003,P0009,Groceries,East,Winter,0,0,81,94.4,-13.4
2024-01-15,S003,P0009,Groceries,East,Winter,0,0,131,125.3,5.7
2024-01-16,S003,P0009,Groceries,East,Winter,1,0,110,137.6,-27.6
2024-01-17,S003,P0009,Groceries,East,Winter,1,0,161,132.2,28.8
2024-01-18,S003,P0009,Groceries,East,Winter,0,0,24,89.0,-65.0
2024-01-19,S003,P0009,Groceries,East,Winter,0,0,128,121.7,6.3
2024-01-20,S003,P0009,Groceries,East,Winter,1,0,106,141.1,-35.1
2024-01-21,S003,P0009,Groceries,East,Winter,1,0,133,135.3,-2.3
2024-01-22,S003,P0009,Groceries,East,Winter,0,0,106,114.7,-8.7
2024-01-23,S003,P0009,Groceries,East,Winter,0,0,121,98.3,22.7
2024-01-24,S003,P0009,Groceries,East,Winter,1,0,193,139.7,53.3
2024-01-25,S003,P0009,Groceries,East,Winter,0,0,180,136.1,43.9
2024-01-26,S003,P0009,Groceries,East,Winter,0,0,94,87.0,7.0
2024-01-27,S003,P0009,Groceries,East,Winter,1,0,164,135.9,28.1
2024-01-28,S003,P0009,Groceries,East,Winter,0,0,103,99.0,4.0
2024-01-29,S003,P0009,Groceries,East,Winter,0,0,138,106.3,31.7
2024-01-30,S003,P0009,Groceries,East,Winter,0,0,151,129.6,21.3
2023-09-07,S003,P0010,Groceries,East,Autumn,1,0,119,133.4,-14.4
2023-09-08,S003,P0010,Groceries,East,Autumn,0,0,81,96.9,-15.9
2023-09-09,S003,P0010,Groceries,East,Autumn,0,0,116,97.3,18.7
2023-09-10,S003,P0010,Groceries,East,Autumn,0,0,117,99.8,17.2
2023-09-11,S003,P0010,Groceries,East,Autumn,0,0,85,96.4,-11.4
2023-09-12,S003,P0010,Groceries,East,Autumn,0,0,138,99.3,38.7
2023-09-13,S003,P0010,Groceries,East,Autumn,1,0,129,150.7,-21.7
2023-09-14,S003,P0010,Groceries,East,Autumn,0,0,76,113.3,-37.3
2023-09-15,S003,P0010,Groceries,East,Autumn,1,0,164,134.6,29.4
2023-09-16,S003,P0010,Groceries,East,Autumn,0,0,167,118.4,48.6
2023-09-17,S003,P0010,Groceries,East,Autumn,1,0,127,139.2,-12.2
2023-09-18,S003,P0010,Groceries,East,Autumn,0,0,101,100.2,0.8
2023-09-19,S003,P0010,Groceries,East,Autumn,1,0,83,139.2,-56.2
2023-09-20,S003,P0010,Groceries,East,Autumn,0,0,95,97.2,-2.2
2023-09-21,S003,P0010,Groceries,East,Autumn,1,0,201,144.2,56.8
2023-09-22,S003,P0010,Groceries,East,Autumn,0,0,101,124.0,-23.0
2023-09-23,S003,P0010,Groceries,East,Autumn,0,0,94,104.5,-10.5
2023-09-24,S003,P0010,Groceries,East,Autumn,0,0,99,97.1,1.9
2023-09-25,S003,P0010,Groceries,East,Autumn,0,0,174,120.4,53.6
2023-09-26,S003,P0010,Groceries,East,Autumn,0,0,88,95.2,-7.2
2023-09-27,S003,P0010,Groceries,East,Autumn,0,0,75,99.1,-24.1
2023-09-28,S003,P0010,Groceries,East,Autumn,0,0,141,97.7,43.3
2023-09-29,S003,P0010,Groceries,East,Autumn,0,0,74,96.2,-22.2
2023-09-30,S003,P0010,Groceries,East,Autumn,0,0,108,121.8,-13.8
2023-10-01,S003,P0010,Groceries,East,Autumn,0,0,219,117.9,101.1
2023-10-02,S003,P0010,Groceries,East,Autumn,1,0,103,132.5,-29.5
2023-10-03,S003,P0010,Groceries,East,Autumn,1,0,103,131.6,-28.6
2023-10-04,S003,P0010,Groceries,East,Autumn,1,0,153,134.4,18.6
2023-10-05,S003,P0010,Groceries,East,Autumn,0,0,91,100.0,-9.0
2023-10-06,S003,P0010,Groceries,East,Autumn,0,0,180,100.7,79.3
2023-10-07,S003,P0010,Groceries,East,Autumn,1,1,67,123.0,-56.0
2023-10-08,S003,P0010,Groceries,East,Autumn,0,1,57,80.9,-23.9
2023-10-09,S003,P0010,Groceries,East,Autumn,0,1,53,77.3,-24.3
2023-10-10,S003,P0010,Groceries,East,Autumn,0,1,61,80.0,-19.0
2023-10-11,S003,P0010,Groceries,East,Autumn,0,1,70,83.8,-13.8
2023-10-12,S003,P0010,Groceries,East,Autumn,1,1,85,95.8,-10.8
2023-10-13,S003,P0010,Groceries,East,Autumn,0,1,101,92.1,8.9
2023-10-14,S003,P0010,Groceries,East,Autumn,1,1,80,96.2,-16.2
2023-10-15,S003,P0010,Groceries,East,Autumn,0,1,62,94.2,-32.2
2023-10-16,S003,P0010,Groceries,East,Autumn,0,1,105,92.5,12.5
2023-10-17,S003,P0010,Groceries,East,Autumn,0,1,31,87.7,-56.7
2023-10-18,S003,P0010,Groceries,East,Autumn,0,1,78,94.8,-16.8
2023-10-19,S003,P0010,Groceries,East,Autumn,1,1,113,97.8,15.2
2023-10-20,S003,P0010,Groceries,East,Autumn,0,1,97,84.0,13.0
2023-10-21,S003,P0010,Groceries,East,Autumn,1,1,92,96.8,-4.8
2023-10-22,S003,P0010,Groceries,East,Autumn,1,1,125,96.1,28.9
2023-10-23,S003,P0010,Groceries,East,Autumn,0,1,63,81.3,-18.3
2023-10-24,S003,P0010,Groceries,East,Autumn,0,1,58,87.8,-29.8
2023-10-25,S003,P0010,Groceries,East,Autumn,0,0,111,109.6,1.4
2023-10-26,S003,P0010,Groceries,East,Autumn,0,0,137,116.8,20.2
2023-10-27,S003,P0010,Groceries,East,Autumn,0,0,134,120.3,13.7
2023-10-28,S003,P0010,Groceries,East,Autumn,1,0,121,136.4,-15.4
2023-10-29,S003,P0010,Groceries,East,Autumn,0,0,160,101.2,58.8
2023-10-30,S003,P0010,Groceries,East,Autumn,0,0,157,103.8,53.2
2023-10-31,S003,P0010,Groceries,East,Autumn,0,0,116,121.2,-5.2
2023-11-01,S003,P0010,Groceries,East,Autumn,0,0,99,104.9,-5.9
2023-11-02,S003,P0010,Groceries,East,Autumn,1,0,111,155.5,-44.5
2023-11-03,S003,P0010,Groceries,East,Autumn,0,0,153,102.8,50.2
2023-11-04,S003,P0010,Groceries,East,Autumn,1,0,270,145.0,125.0
2023-11-05,S003,P0010,Groceries,East,Autumn,0,0,78,107.7,-29.7
2023-11-06,S003,P0010,Groceries,East,Autumn,0,0,70,103.0,-33.0
2023-11-07,S003,P0010,Groceries,East,Autumn,1,0,90,142.9,-52.9
2023-11-08,S003,P0010,Groceries,East,Autumn,1,0,204,139.5,64.5
2023-11-09,S003,P0010,Groceries,East,Autumn,1,0,133,132.3,0.7
2023-11-10,S003,P0010,Groceries,East,Autumn,0,0,131,103.5,27.5
2023-11-11,S003,P0010,Groceries,East,Autumn,0,0,219,119.2,99.8
2023-11-12,S003,P0010,Groceries,East,Autumn,1,0,130,154.9,-24.9
2023-11-13,S003,P0010,Groceries,East,Autumn,0,0,136,102.4,33.6
2023-11-14,S003,P0010,Groceries,East,Autumn,0,0,69,101.5,-32.5
2023-11-15,S003,P0010,Groceries,East,Autumn,1,0,174,153.3,20.7
2023-11-16,S003,P0010,Groceries,East,Autumn,0,0,125,109.0,16.0
2023-11-17,S003,P0010,Groceries,East,Autumn,0,0,100,108.6,-8.6
2023-11-18,S003,P0010,Groceries,East,Autumn,0,0,171,125.0,46.0
2023-11-19,S003,P0010,Groceries,East,Autumn,1,0,200,146.1,53.9
2023-11-20,S003,P0010,Groceries,East,Autumn,0,0,76,105.2,-29.2
2023-11-21,S003,P0010,Groceries,East,Autumn,0,0,139,109.2,29.8
2023-11-22,S003,P0010,Groceries,East,Autumn,1,0,204,146.1,57.9
2023-11-23,S003,P0010,Groceries,East,Autumn,1,0,69,133.8,-64.8
2023-11-24,S003,P0010,Groceries,East,Autumn,0,0,116,110.6,5.4
2023-11-25,S003,P0010,Groceries,East,Autumn,0,0,125,106.1,18.9
2023-11-26,S003,P0010,Groceries,East,Autumn,0,0,48,100.7,-52.7
2023-11-27,S003,P0010,Groceries,East,Autumn,0,0,152,98.8,53.2
2023-11-28,S003,P0010,Groceries,East,Autumn,0,0,131,97.0,34.0
2023-11-29,S003,P0010,Groceries,East,Autumn,0,0,125,121.7,3.3
2023-11-30,S003,P0010,Groceries,East,Autumn,0,0,85,103.0,-18.0
2023-12-01,S003,P0010,Groceries,East,Winter,0,0,161,103.7,57.3
2023-12-02,S003,P0010,Groceries,East,Winter,0,0,100,100.0,0.0
2023-12-03,S003,P0010,Groceries,East,Winter,0,0,118,124.2,-6.2
2023-12-04,S003,P0010,Groceries,East,Winter,0,0,131,120.0,11.0
2023-12-05,S003,P0010,Groceries,East,Winter,0,0,97,95.6,1.4
2023-12-06,S003,P0010,Groceries,East,Winter,0,0,182,112.1,69.9
2023-12-07,S003,P0010,Groceries,East,Winter,0,0,109,106.7,2.3
2023-12-08,S003,P0010,Groceries,East,Winter,1,0,176,137.2,38.8
2023-12-09,S003,P0010,Groceries,East,Winter,1,0,108,132.3,-24.3
2023-12-10,S003,P0010,Groceries,East,Winter,1,0,146,133.2,12.8
2023-12-11,S003,P0010,Groceries,East,Winter,1,0,77,138.0,-61.0
2023-12-12,S003,P0010,Groceries,East,Winter,0,0,129,102.4,26.6
2023-12-13,S003,P0010,Groceries,East,Winter,0,0,144,122.6,21.4
2023-12-14,S003,P0010,Groceries,East,Winter,0,0,79,106.6,-27.6
2023-12-15,S003,P0010,Groceries,East,Winter,0,0,51,101.4,-50.4
2023-12-16,S003,P0010,Groceries,East,Winter,0,0,52,112.5,-60.5
2023-12-17,S003,P0010,Groceries,East,Winter,1,0,106,134.7,-28.7
2023-12-18,S003,P0010,Groceries,East,Winter,1,0,100,139.3,-39.3
2023-12-19,S003,P0010,Groceries,East,Winter,0,0,38,97.0,-59.0
2023-12-20,S003,P0010,Groceries,East,Winter,1,0,224,164.7,59.3
2023-12-21,S003,P0010,Groceries,East,Winter,0,0,181,119.2,61.8
2023-12-22,S003,P0010,Groceries,East,Winter,0,0,104,95.5,8.5
2023-12-23,S003,P0010,Groceries,East,Winter,0,0,84,94.6,-10.6
2023-12-24,S003,P0010,Groceries,East,Winter,1,0,207,134.5,72.5
2023-12-25,S003,P0010,Groceries,East,Winter,1,0,4,131.9,-127.9
2023-12-26,S003,P0010,Groceries,East,Winter,0,0,172,113.5,58.5
2023-12-27,S003,P0010,Groceries,East,Winter,1,1,96,124.8,-28.8
2023-12-28,S003,P0010,Groceries,East,Winter,0,1,123,77.4,45.6
2023-12-29,S003,P0010,Groceries,East,Winter,0,1,66,76.1,-10.1
2023-12-30,S003,P0010,Groceries,East,Winter,0,1,86,80.6,5.4
2023-12-31,S003,P0010,Groceries,East,Winter,0,1,95,81.9,13.1
2024-01-01,S003,P0010,Groceries,East,Winter,1,1,94,98.8,-4.8
2024-01-02,S003,P0010,Groceries,East,Winter,0,1,52,68.7,-16.7
2024-01-03,S003,P0010,Groceries,East,Winter,0,1,58,67.0,-9.0
2024-01-04,S003,P0010,Groceries,East,Winter,1,1,45,88.4,-43.4
2024-01-05,S003,P0010,Groceries,East,Winter,1,1,193,108.3,84.7
2024-01-06,S003,P0010,Groceries,East,Winter,0,1,75,67.7,7.3
2024-01-07,S003,P0010,Groceries,East,Winter,1,1,68,90.9,-22.9
2024-01-08,S003,P0010,Groceries,East,Winter,0,1,56,66.7,-10.7
2024-01-09,S003,P0010,Groceries,East,Winter,0,0,161,85.3,75.7
2024-01-10,S003,P0010,Groceries,East,Winter,1,0,186,134.0,52.0
2024-01-11,S003,P0010,Groceries,East,Winter,0,0,124,118.9,5.1
2024-01-12,S003,P0010,Groceries,East,Winter,0,0,116,115.6,0.4
2024-01-13,S003,P0010,Groceries,East,Winter,0,0,107,102.4,4.6
2024-01-14,S003,P0010,Groceries,East,Winter,0,0,114,101.9,12.1
2024-01-15,S003,P0010,Groceries,East,Winter,0,0,119,118.5,0.5
2024-01-16,S003,P0010,Groceries,East,Winter,1,0,142,145.7,-3.7
2024-01-17,S003,P0010,Groceries,East,Winter,1,0,98,130.3,-32.3
2024-01-18,S003,P0010,Groceries,East,Winter,0,0,122,103.2,18.8
2024-01-19,S003,P0010,Groceries,East,Winter,0,0,116,118.6,-2.6
2024-01-20,S003,P0010,Groceries,East,Winter,0,0,58,119.2,-61.2
2024-01-21,S003,P0010,Groceries,East,Winter,1,0,77,141.3,-64.3
2024-01-22,S003,P0010,Groceries,East,Winter,0,0,94,127.8,-33.8
2024-01-23,S003,P0010,Groceries,East,Winter,0,0,96,100.6,-4.6
2024-01-24,S003,P0010,Groceries,East,Winter,1,0,228,122.4,105.6
2024-01-25,S003,P0010,Groceries,East,Winter,0,0,90,116.7,-26.7
2024-01-26,S003,P0010,Groceries,East,Winter,0,0,18,114.4,-96.4
2024-01-27,S003,P0010,Groceries,East,Winter,1,0,137,127.2,9.8
2024-01-28,S003,P0010,Groceries,East,Winter,0,0,104,99.3,4.7
2024-01-29,S003,P0010,Groceries,East,Winter,0,0,94,93.4,0.6
2024-01-30,S003,P0010,Groceries,East,Winter,0,0,132,123.7,8.3
2023-09-07,S003,P0011,Electronics,East,Autumn,1,0,97,135.8,-38.8
2023-09-08,S003,P0011,Electronics,East,Autumn,1,0,69,117.4,-48.4
2023-09-09,S003,P0011,Electronics,East,Autumn,0,0,39,81.8,-42.8
2023-09-10,S003,P0011,Electronics,East,Autumn,1,0,165,149.2,15.8
2023-09-11,S003,P0011,Electronics,East,Autumn,1,0,131,144.3,-13.3
2023-09-12,S003,P0011,Electronics,East,Autumn,0,0,115,111.8,3.2
2023-09-13,S003,P0011,Electronics,East,Autumn,0,0,105,123.6,-18.7
2023-09-14,S003,P0011,Electronics,East,Autumn,0,0,89,98.3,-9.3
2023-09-15,S003,P0011,Electronics,East,Autumn,0,0,137,129.2,7.8
2023-09-16,S003,P0011,Electronics,East,Autumn,1,0,183,181.6,1.4
2023-09-17,S003,P0011,Electronics,East,Autumn,1,0,104,142.8,-38.8
2023-09-18,S003,P0011,Electronics,East,Autumn,0,0,112,127.5,-15.5
2023-09-19,S003,P0011,Electronics,East,Autumn,0,0,122,111.5,10.5
2023-09-20,S003,P0011,Electronics,East,Autumn,0,0,70,84.4,-14.3
2023-09-21,S003,P0011,Electronics,East,Autumn,0,0,123,120.7,2.3
2023-09-22,S003,P0011,Electronics,East,Autumn,1,0,177,177.6,-0.6
2023-09-23,S003,P0011,Electronics,East,Autumn,0,0,92,116.5,-24.5
2023-09-24,S003,P0011,Electronics,East,Autumn,0,0,86,90.1,-4.1
2023-09-25,S003,P0011,Electronics,East,Autumn,0,0,141,145.1,-4.1
2023-09-26,S003,P0011,Electronics,East,Autumn,0,0,82,96.4,-14.4
2023-09-27,S003,P0011,Electronics,East,Autumn,0,0,83,93.4,-10.4
2023-09-28,S003,P0011,Electronics,East,Autumn,0,0,134,144.4,-10.4
2023-09-29,S003,P0011,Electronics,East,Autumn,0,0,88,91.4,-3.3
2023-09-30,S003,P0011,Electronics,East,Autumn,0,0,84,112.6,-28.6
2023-10-01,S003,P0011,Electronics,East,Autumn,1,0,146,174.3,-28.3
2023-10-02,S003,P0011,Electronics,East,Autumn,0,0,78,99.0,-21.0
2023-10-03,S003,P0011,Electronics,East,Autumn,0,0,107,113.0,-6.0
2023-10-04,S003,P0011,Electronics,East,Autumn,0,0,65,94.6,-29.6
2023-10-05,S003,P0011,Electronics,East,Autumn,0,0,204,157.7,46.3
2023-10-06,S003,P0011,Electronics,East,Autumn,0,0,51,96.5,-45.5
2023-10-07,S003,P0011,Electronics,East,Autumn,1,1,49,116.9,-67.9
2023-10-08,S003,P0011,Electronics,East,Autumn,1,1,72,114.0,-42.0
2023-10-09,S003,P0011,Electronics,East,Autumn,0,1,38,55.8,-17.8
2023-10-10,S003,P0011,Electronics,East,Autumn,1,1,158,116.7,41.3
2023-10-11,S003,P0011,Electronics,East,Autumn,0,1,35,62.9,-27.9
2023-10-12,S003,P0011,Electronics,East,Autumn,1,1,51,70.9,-19.9
2023-10-13,S003,P0011,Electronics,East,Autumn,0,1,64,72.8,-8.8
2023-10-14,S003,P0011,Electronics,East,Autumn,0,1,54,56.2,-2.2
2023-10-15,S003,P0011,Electronics,East,Autumn,0,1,49,68.2,-19.2
2023-10-16,S003,P0011,Electronics,East,Autumn,0,1,62,53.6,8.4
2023-10-17,S003,P0011,Electronics,East,Autumn,1,1,148,122.7,25.3
2023-10-18,S003,P0011,Electronics,East,Autumn,0,1,75,79.3,-4.3
2023-10-19,S003,P0011,Electronics,East,Autumn,1,1,78,83.4,-5.4
2023-10-20,S003,P0011,Electronics,East,Autumn,0,1,56,50.2,5.8
2023-10-21,S003,P0011,Electronics,East,Autumn,1,1,99,114.7,-15.7
2023-10-22,S003,P0011,Electronics,East,Autumn,0,1,78,59.7,18.3
2023-10-23,S003,P0011,Electronics,East,Autumn,1,1,64,85.0,-21.0
2023-10-24,S003,P0011,Electronics,East,Autumn,0,1,57,68.5,-11.5
2023-10-25,S003,P0011,Electronics,East,Autumn,0,0,177,159.4,17.6
2023-10-26,S003,P0011,Electronics,East,Autumn,1,0,99,141.6,-42.6
2023-10-27,S003,P0011,Electronics,East,Autumn,0,0,77,106.4,-29.4
2023-10-28,S003,P0011,Electronics,East,Autumn,0,0,114,119.2,-5.2
2023-10-29,S003,P0011,Electronics,East,Autumn,0,0,41,95.2,-54.2
2023-10-30,S003,P0011,Electronics,East,Autumn,0,0,84,100.6,-16.6
2023-10-31,S003,P0011,Electronics,East,Autumn,0,0,134,140.3,-6.3
2023-11-01,S003,P0011,Electronics,East,Autumn,0,0,93,99.8,-6.8
2023-11-02,S003,P0011,Electronics,East,Autumn,0,0,142,139.3,2.7
2023-11-03,S003,P0011,Electronics,East,Autumn,0,0,108,113.2,-5.2
2023-11-04,S003,P0011,Electronics,East,Autumn,1,0,151,154.0,-3.0
2023-11-05,S003,P0011,Electronics,East,Autumn,0,0,145,153.0,-8.0
2023-11-06,S003,P0011,Electronics,East,Autumn,1,0,181,173.6,7.3
2023-11-07,S003,P0011,Electronics,East,Autumn,0,0,104,105.2,-1.2
2023-11-08,S003,P0011,Electronics,East,Autumn,0,0,113,100.2,12.8
2023-11-09,S003,P0011,Electronics,East,Autumn,0,0,76,87.9,-11.9
2023-11-10,S003,P0011,Electronics,East,Autumn,0,0,139,138.1,0.9
2023-11-11,S003,P0011,Electronics,East,Autumn,1,0,190,185.4,4.6
2023-11-12,S003,P0011,Electronics,East,Autumn,0,0,48,116.0,-68.0
2023-11-13,S003,P0011,Electronics,East,Autumn,0,0,104,109.2,-5.2
2023-11-14,S003,P0011,Electronics,East,Autumn,0,0,150,146.9,3.1
2023-11-15,S003,P0011,Electronics,East,Autumn,1,0,98,138.0,-40.0
2023-11-16,S003,P0011,Electronics,East,Autumn,0,0,100,115.5,-15.5
2023-11-17,S003,P0011,Electronics,East,Autumn,1,0,188,170.2,17.8
2023-11-18,S003,P0011,Electronics,East,Autumn,1,0,56,137.4,-81.4
2023-11-19,S003,P0011,Electronics,East,Autumn,0,0,122,143.4,-21.4
2023-11-20,S003,P0011,Electronics,East,Autumn,0,0,109,104.4,4.6
2023-11-21,S003,P0011,Electronics,East,Autumn,1,0,84,123.8,-39.8
2023-11-22,S003,P0011,Electronics,East,Autumn,0,0,138,128.4,9.6
2023-11-23,S003,P0011,Electronics,East,Autumn,0,0,77,86.6,-9.6
2023-11-24,S003,P0011,Electronics,East,Autumn,1,0,136,139.6,-3.6
2023-11-25,S003,P0011,Electronics,East,Autumn,1,0,127,147.8,-20.8
2023-11-26,S003,P0011,Electronics,East,Autumn,1,0,123,144.8,-21.8
2023-11-27,S003,P0011,Electronics,East,Autumn,0,0,96,98.7,-2.7
2023-11-28,S003,P0011,Electronics,East,Autumn,0,0,92,103.6,-11.6
2023-11-29,S003,P0011,Electronics,East,Autumn,0,0,142,128.9,13.1
2023-11-30,S003,P0011,Electronics,East,Autumn,0,0,140,138.2,1.8
2023-12-01,S003,P0011,Electronics,East,Winter,1,0,199,189.4,9.6
2023-12-02,S003,P0011,Electronics,East,Winter,0,0,105,115.3,-10.3
2023-12-03,S003,P0011,Electronics,East,Winter,0,0,156,157.9,-1.9
2023-12-04,S003,P0011,Electronics,East,Winter,1,0,94,153.1,-59.1
2023-12-05,S003,P0011,Electronics,East,Winter,0,0,59,83.8,-24.8
2023-12-06,S003,P0011,Electronics,East,Winter,1,0,215,202.7,12.3
2023-12-07,S003,P0011,Electronics,East,Winter,1,0,169,166.0,3.0
2023-12-08,S003,P0011,Electronics,East,Winter,0,0,120,132.2,-12.2
2023-12-09,S003,P0011,Electronics,East,Winter,1,0,69,123.5,-54.5
2023-12-10,S003,P0011,Electronics,East,Winter,0,0,67,85.6,-18.6
2023-12-11,S003,P0011,Electronics,East,Winter,1,0,146,148.6,-2.6
2023-12-12,S003,P0011,Electronics,East,Winter,0,0,97,105.9,-8.9
2023-12-13,S003,P0011,Electronics,East,Winter,0,0,103,131.2,-28.2
2023-12-14,S003,P0011,Electronics,East,Winter,0,0,138,146.2,-8.2
2023-12-15,S003,P0011,Electronics,East,Winter,0,0,104,112.4,-8.3
2023-12-16,S003,P0011,Electronics,East,Winter,1,0,66,121.2,-55.2
2023-12-17,S003,P0011,Electronics,East,Winter,0,0,144,140.5,3.5
2023-12-18,S003,P0011,Electronics,East,Winter,0,0,121,119.2,1.8
2023-12-19,S003,P0011,Electronics,East,Winter,1,0,124,134.3,-10.3
2023-12-20,S003,P0011,Electronics,East,Winter,0,0,141,145.4,-4.4
2023-12-21,S003,P0011,Electronics,East,Winter,0,0,131,129.9,1.1
2023-12-22,S003,P0011,Electronics,East,Winter,1,0,73,124.6,-51.6
2023-12-23,S003,P0011,Electronics,East,Winter,0,0,111,107.7,3.3
2023-12-24,S003,P0011,Electronics,East,Winter,0,0,65,92.5,-27.5
2023-12-25,S003,P0011,Electronics,East,Winter,0,0,131,146.6,-15.6
2023-12-26,S003,P0011,Electronics,East,Winter,1,0,122,149.5,-27.5
2023-12-27,S003,P0011,Electronics,East,Winter,0,1,37,67.7,-30.7
2023-12-28,S003,P0011,Electronics,East,Winter,0,1,64,73.8,-9.8
2023-12-29,S003,P0011,Electronics,East,Winter,0,1,96,81.0,15.0
2023-12-30,S003,P0011,Electronics,East,Winter,0,1,18,51.2,-33.2
2023-12-31,S003,P0011,Electronics,East,Winter,0,1,31,53.2,-22.2
2024-01-01,S003,P0011,Electronics,East,Winter,1,1,53,75.9,-22.9
2024-01-02,S003,P0011,Electronics,East,Winter,0,1,57,62.7,-5.7
2024-01-03,S003,P0011,Electronics,East,Winter,1,1,40,60.3,-20.3
2024-01-04,S003,P0011,Electronics,East,Winter,1,1,67,66.7,0.3
2024-01-05,S003,P0011,Electronics,East,Winter,1,1,48,68.5,-20.5
2024-01-06,S003,P0011,Electronics,East,Winter,1,1,108,81.4,26.6
2024-01-07,S003,P0011,Electronics,East,Winter,0,1,54,61.2,-7.2
2024-01-08,S003,P0011,Electronics,East,Winter,0,1,53,53.5,-0.5
2024-01-09,S003,P0011,Electronics,East,Winter,0,0,56,96.6,-40.6
2024-01-10,S003,P0011,Electronics,East,Winter,0,0,46,95.5,-49.5
2024-01-11,S003,P0011,Electronics,East,Winter,1,0,157,160.8,-3.8
2024-01-12,S003,P0011,Electronics,East,Winter,0,0,72,104.7,-32.7
2024-01-13,S003,P0011,Electronics,East,Winter,1,0,64,129.8,-65.8
2024-01-14,S003,P0011,Electronics,East,Winter,0,0,116,133.6,-17.6
2024-01-15,S003,P0011,Electronics,East,Winter,1,0,87,138.2,-51.2
2024-01-16,S003,P0011,Electronics,East,Winter,0,0,66,99.3,-33.3
2024-01-17,S003,P0011,Electronics,East,Winter,1,0,194,147.8,46.2
2024-01-18,S003,P0011,Electronics,East,Winter,0,0,108,129.3,-21.3
2024-01-19,S003,P0011,Electronics,East,Winter,0,0,133,139.9,-6.9
2024-01-20,S003,P0011,Electronics,East,Winter,1,0,166,173.0,-7.0
2024-01-21,S003,P0011,Electronics,East,Winter,0,0,75,90.2,-15.2
2024-01-22,S003,P0011,Electronics,East,Winter,0,0,141,155.3,-14.3
2024-01-23,S003,P0011,Electronics,East,Winter,0,0,102,102.7,-0.7
2024-01-24,S003,P0011,Electronics,East,Winter,0,0,81,86.2,-5.2
2024-01-25,S003,P0011,Electronics,East,Winter,0,0,106,125.1,-19.1
2024-01-26,S003,P0011,Electronics,East,Winter,0,0,91,99.2,-8.2
2024-01-27,S003,P0011,Electronics,East,Winter,0,0,101,113.9,-12.9
2024-01-28,S003,P0011,Electronics,East,Winter,0,0,106,105.8,0.2
2024-01-29,S003,P0011,Electronics,East,Winter,0,0,114,106.3,7.7
2024-01-30,S003,P0011,Electronics,East,Winter,0,0,134,151.3,-17.3
2023-09-07,S003,P0012,Furniture,East,Autumn,0,0,96,76.5,19.5
2023-09-08,S003,P0012,Furniture,East,Autumn,1,0,74,77.2,-3.2
2023-09-09,S003,P0012,Furniture,East,Autumn,0,0,37,43.6,-6.6
2023-09-10,S003,P0012,Furniture,East,Autumn,1,0,124,113.4,10.7
2023-09-11,S003,P0012,Furniture,East,Autumn,0,0,75,89.7,-14.7
2023-09-12,S003,P0012,Furniture,East,Autumn,0,0,58,58.7,-0.7
2023-09-13,S003,P0012,Furniture,East,Autumn,1,0,66,58.5,7.5
2023-09-14,S003,P0012,Furniture,East,Autumn,0,0,55,57.4,-2.4
2023-09-15,S003,P0012,Furniture,East,Autumn,0,0,60,52.0,8.0
2023-09-16,S003,P0012,Furniture,East,Autumn,0,0,85,88.8,-3.8
2023-09-17,S003,P0012,Furniture,East,Autumn,1,0,118,105.3,12.7
2023-09-18,S003,P0012,Furniture,East,Autumn,1,0,108,95.8,12.2
2023-09-19,S003,P0012,Furniture,East,Autumn,0,0,59,66.0,-7.0
2023-09-20,S003,P0012,Furniture,East,Autumn,0,0,82,94.2,-12.2
2023-09-21,S003,P0012,Furniture,East,Autumn,0,0,76,74.6,1.4
2023-09-22,S003,P0012,Furniture,East,Autumn,1,0,86,89.3,-3.3
2023-09-23,S003,P0012,Furniture,East,Autumn,0,0,84,88.3,-4.3
2023-09-24,S003,P0012,Furniture,East,Autumn,0,0,49,67.3,-18.3
2023-09-25,S003,P0012,Furniture,East,Autumn,1,0,54,55.6,-1.6
2023-09-26,S003,P0012,Furniture,East,Autumn,0,0,62,65.1,-3.1
2023-09-27,S003,P0012,Furniture,East,Autumn,0,0,74,72.4,1.6
2023-09-28,S003,P0012,Furniture,East,Autumn,1,0,92,92.5,-0.5
2023-09-29,S003,P0012,Furniture,East,Autumn,0,0,42,42.8,-0.8
2023-09-30,S003,P0012,Furniture,East,Autumn,0,0,67,68.0,-1.0
2023-10-01,S003,P0012,Furniture,East,Autumn,0,0,74,69.6,4.5
2023-10-02,S003,P0012,Furniture,East,Autumn,1,0,65,77.3,-12.3
2023-10-03,S003,P0012,Furniture,East,Autumn,1,0,144,116.7,27.3
2023-10-04,S003,P0012,Furniture,East,Autumn,0,0,68,65.8,2.2
2023-10-05,S003,P0012,Furniture,East,Autumn,0,0,70,72.7,-2.7
2023-10-06,S003,P0012,Furniture,East,Autumn,0,0,76,69.7,6.3
2023-10-07,S003,P0012,Furniture,East,Autumn,0,1,50,27.5,22.5
2023-10-08,S003,P0012,Furniture,East,Autumn,0,1,38,29.6,8.4
2023-10-09,S003,P0012,Furniture,East,Autumn,0,1,42,27.2,14.8
2023-10-10,S003,P0012,Furniture,East,Autumn,1,1,67,31.4,35.6
2023-10-11,S003,P0012,Furniture,East,Autumn,0,1,28,28.4,-0.4
2023-10-12,S003,P0012,Furniture,East,Autumn,1,1,50,38.9,11.1
2023-10-13,S003,P0012,Furniture,East,Autumn,1,1,70,42.1,27.9
2023-10-14,S003,P0012,Furniture,East,Autumn,1,1,45,44.1,0.9
2023-10-15,S003,P0012,Furniture,East,Autumn,0,1,30,31.1,-1.1
2023-10-16,S003,P0012,Furniture,East,Autumn,0,1,16,30.5,-14.5
2023-10-17,S003,P0012,Furniture,East,Autumn,0,1,35,32.1,2.9
2023-10-18,S003,P0012,Furniture,East,Autumn,1,1,47,40.0,7.0
2023-10-19,S003,P0012,Furniture,East,Autumn,0,1,38,30.9,7.1
2023-10-20,S003,P0012,Furniture,East,Autumn,1,1,39,39.8,-0.8
2023-10-21,S003,P0012,Furniture,East,Autumn,1,1,35,40.1,-5.1
2023-10-22,S003,P0012,Furniture,East,Autumn,0,1,25,29.4,-4.4
2023-10-23,S003,P0012,Furniture,East,Autumn,0,1,35,30.1,4.9
2023-10-24,S003,P0012,Furniture,East,Autumn,0,1,25,29.2,-4.2
2023-10-25,S003,P0012,Furniture,East,Autumn,1,0,98,75.4,22.6
2023-10-26,S003,P0012,Furniture,East,Autumn,0,0,99,70.8,28.2
2023-10-27,S003,P0012,Furniture,East,Autumn,0,0,68,60.1,7.9
2023-10-28,S003,P0012,Furniture,East,Autumn,0,0,82,61.9,20.1
2023-10-29,S003,P0012,Furniture,East,Autumn,0,0,79,69.7,9.3
2023-10-30,S003,P0012,Furniture,East,Autumn,0,0,83,86.0,-3.0
2023-10-31,S003,P0012,Furniture,East,Autumn,0,0,107,103.1,3.9
2023-11-01,S003,P0012,Furniture,East,Autumn,1,0,72,84.6,-12.5
2023-11-02,S003,P0012,Furniture,East,Autumn,0,0,56,63.4,-7.4
2023-11-03,S003,P0012,Furniture,East,Autumn,1,0,29,53.6,-24.5
2023-11-04,S003,P0012,Furniture,East,Autumn,0,0,116,109.7,6.3
2023-11-05,S003,P0012,Furniture,East,Autumn,0,0,32,24.8,7.1
2023-11-06,S003,P0012,Furniture,East,Autumn,0,0,81,78.4,2.6
2023-11-07,S003,P0012,Furniture,East,Autumn,0,0,32,36.4,-4.4
2023-11-08,S003,P0012,Furniture,East,Autumn,0,0,51,51.2,-0.2
2023-11-09,S003,P0012,Furniture,East,Autumn,1,0,105,82.0,23.0
2023-11-10,S003,P0012,Furniture,East,Autumn,1,0,91,95.1,-4.1
2023-11-11,S003,P0012,Furniture,East,Autumn,0,0,81,76.0,5.0
2023-11-12,S003,P0012,Furniture,East,Autumn,0,0,71,68.8,2.2
2023-11-13,S003,P0012,Furniture,East,Autumn,0,0,74,68.9,5.1
2023-11-14,S003,P0012,Furniture,East,Autumn,1,0,58,66.5,-8.5
2023-11-15,S003,P0012,Furniture,East,Autumn,0,0,71,75.3,-4.3
2023-11-16,S003,P0012,Furniture,East,Autumn,0,0,74,89.2,-15.2
2023-11-17,S003,P0012,Furniture,East,Autumn,0,0,73,75.2,-2.2
2023-11-18,S003,P0012,Furniture,East,Autumn,1,0,152,106.0,46.0
2023-11-19,S003,P0012,Furniture,East,Autumn,1,0,85,77.5,7.5
2023-11-20,S003,P0012,Furniture,East,Autumn,0,0,116,101.3,14.7
2023-11-21,S003,P0012,Furniture,East,Autumn,0,0,100,79.9,20.1
2023-11-22,S003,P0012,Furniture,East,Autumn,0,0,91,70.4,20.6
2023-11-23,S003,P0012,Furniture,East,Autumn,1,0,158,81.9,76.1
2023-11-24,S003,P0012,Furniture,East,Autumn,1,0,146,91.9,54.1
2023-11-25,S003,P0012,Furniture,East,Autumn,0,0,108,73.0,35.0
2023-11-26,S003,P0012,Furniture,East,Autumn,1,0,126,81.7,44.3
2023-11-27,S003,P0012,Furniture,East,Autumn,0,0,70,67.5,2.5
2023-11-28,S003,P0012,Furniture,East,Autumn,0,0,52,49.3,2.7
2023-11-29,S003,P0012,Furniture,East,Autumn,0,0,102,70.7,31.3
2023-11-30,S003,P0012,Furniture,East,Autumn,0,0,84,68.9,15.1
2023-12-01,S003,P0012,Furniture,East,Winter,0,0,95,69.2,25.8
2023-12-02,S003,P0012,Furniture,East,Winter,1,0,165,115.2,49.8
2023-12-03,S003,P0012,Furniture,East,Winter,1,0,100,79.6,20.4
2023-12-04,S003,P0012,Furniture,East,Winter,0,0,92,68.8,23.2
2023-12-05,S003,P0012,Furniture,East,Winter,0,0,57,48.0,9.0
2023-12-06,S003,P0012,Furniture,East,Winter,0,0,72,72.6,-0.6
2023-12-07,S003,P0012,Furniture,East,Winter,0,0,93,73.1,19.9
2023-12-08,S003,P0012,Furniture,East,Winter,0,0,78,67.5,10.5
2023-12-09,S003,P0012,Furniture,East,Winter,1,0,85,73.2,11.8
2023-12-10,S003,P0012,Furniture,East,Winter,1,0,73,84.1,-11.1
2023-12-11,S003,P0012,Furniture,East,Winter,1,0,54,66.1,-12.1
2023-12-12,S003,P0012,Furniture,East,Winter,0,0,79,78.7,0.3
2023-12-13,S003,P0012,Furniture,East,Winter,0,0,89,90.2,-1.2
2023-12-14,S003,P0012,Furniture,East,Winter,0,0,82,88.3,-6.3
2023-12-15,S003,P0012,Furniture,East,Winter,1,0,113,110.1,2.9
2023-12-16,S003,P0012,Furniture,East,Winter,0,0,77,72.5,4.5
2023-12-17,S003,P0012,Furniture,East,Winter,1,0,122,107.2,14.8
2023-12-18,S003,P0012,Furniture,East,Winter,0,0,55,55.9,-0.9
2023-12-19,S003,P0012,Furniture,East,Winter,1,0,79,78.0,1.0
2023-12-20,S003,P0012,Furniture,East,Winter,0,0,49,49.1,-0.1
2023-12-21,S003,P0012,Furniture,East,Winter,0,0,37,37.8,-0.9
2023-12-22,S003,P0012,Furniture,East,Winter,1,0,102,110.9,-8.9
2023-12-23,S003,P0012,Furniture,East,Winter,0,0,81,86.1,-5.1
2023-12-24,S003,P0012,Furniture,East,Winter,0,0,53,52.2,0.8
2023-12-25,S003,P0012,Furniture,East,Winter,1,0,76,69.6,6.4
2023-12-26,S003,P0012,Furniture,East,Winter,0,0,113,98.5,14.5
2023-12-27,S003,P0012,Furniture,East,Winter,0,1,30,30.7,-0.7
2023-12-28,S003,P0012,Furniture,East,Winter,0,1,43,27.5,15.5
2023-12-29,S003,P0012,Furniture,East,Winter,0,1,29,27.8,1.2
2023-12-30,S003,P0012,Furniture,East,Winter,0,1,44,27.6,16.4
2023-12-31,S003,P0012,Furniture,East,Winter,0,1,37,33.1,3.9
2024-01-01,S003,P0012,Furniture,East,Winter,0,1,23,29.2,-6.2
2024-01-02,S003,P0012,Furniture,East,Winter,0,1,28,29.4,-1.4
2024-01-03,S003,P0012,Furniture,East,Winter,0,1,35,29.8,5.2
2024-01-04,S003,P0012,Furniture,East,Winter,0,1,22,29.4,-7.4
2024-01-05,S003,P0012,Furniture,East,Winter,0,1,46,35.5,10.5
2024-01-06,S003,P0012,Furniture,East,Winter,0,1,35,30.6,4.4
2024-01-07,S003,P0012,Furniture,East,Winter,1,1,41,39.2,1.8
2024-01-08,S003,P0012,Furniture,East,Winter,0,1,22,32.1,-10.1
2024-01-09,S003,P0012,Furniture,East,Winter,1,0,139,91.4,47.6
2024-01-10,S003,P0012,Furniture,East,Winter,0,0,67,69.9,-2.9
2024-01-11,S003,P0012,Furniture,East,Winter,1,0,87,75.5,11.5
2024-01-12,S003,P0012,Furniture,East,Winter,1,0,102,94.0,8.0
2024-01-13,S003,P0012,Furniture,East,Winter,1,0,69,83.0,-14.0
2024-01-14,S003,P0012,Furniture,East,Winter,0,0,58,57.3,0.7
2024-01-15,S003,P0012,Furniture,East,Winter,0,0,98,89.4,8.7
2024-01-16,S003,P0012,Furniture,East,Winter,0,0,106,98.2,7.8
2024-01-17,S003,P0012,Furniture,East,Winter,1,0,66,60.3,5.7
2024-01-18,S003,P0012,Furniture,East,Winter,1,0,91,90.6,0.4
2024-01-19,S003,P0012,Furniture,East,Winter,0,0,87,91.6,-4.6
2024-01-20,S003,P0012,Furniture,East,Winter,0,0,133,106.6,26.4
2024-01-21,S003,P0012,Furniture,East,Winter,0,0,92,78.2,13.8
2024-01-22,S003,P0012,Furniture,East,Winter,1,0,94,85.1,8.9
2024-01-23,S003,P0012,Furniture,East,Winter,1,0,109,80.6,28.3
2024-01-24,S003,P0012,Furniture,East,Winter,0,0,111,80.0,31.0
2024-01-25,S003,P0012,Furniture,East,Winter,1,0,85,68.6,16.4
2024-01-26,S003,P0012,Furniture,East,Winter,0,0,93,75.3,17.7
2024-01-27,S003,P0012,Furniture,East,Winter,0,0,107,78.5,28.5
2024-01-28,S003,P0012,Furniture,East,Winter,0,0,112,71.7,40.3
2024-01-29,S003,P0012,Furniture,East,Winter,0,0,43,62.5,-19.5
2024-01-30,S003,P0012,Furniture,East,Winter,0,0,49,56.3,-7.3
2023-09-07,S003,P0013,Groceries,East,Autumn,0,0,63,108.7,-45.7
2023-09-08,S003,P0013,Groceries,East,Autumn,0,0,96,103.9,-7.9
2023-09-09,S003,P0013,Groceries,East,Autumn,1,0,263,183.2,79.8
2023-09-10,S003,P0013,Groceries,East,Autumn,1,0,154,146.8,7.2
2023-09-11,S003,P0013,Groceries,East,Autumn,0,0,100,106.8,-6.8
2023-09-12,S003,P0013,Groceries,East,Autumn,0,0,68,100.8,-32.8
2023-09-13,S003,P0013,Groceries,East,Autumn,0,0,119,131.5,-12.5
2023-09-14,S003,P0013,Groceries,East,Autumn,1,0,105,146.0,-41.0
2023-09-15,S003,P0013,Groceries,East,Autumn,1,0,100,138.5,-38.5
2023-09-16,S003,P0013,Groceries,East,Autumn,1,0,193,166.4,26.6
2023-09-17,S003,P0013,Groceries,East,Autumn,0,0,134,109.8,24.2
2023-09-18,S003,P0013,Groceries,East,Autumn,0,0,72,94.1,-22.1
2023-09-19,S003,P0013,Groceries,East,Autumn,0,0,113,101.1,11.9
2023-09-20,S003,P0013,Groceries,East,Autumn,0,0,65,87.2,-22.2
2023-09-21,S003,P0013,Groceries,East,Autumn,0,0,153,134.7,18.3
2023-09-22,S003,P0013,Groceries,East,Autumn,1,0,127,171.4,-44.4
2023-09-23,S003,P0013,Groceries,East,Autumn,0,0,106,106.1,-0.1
2023-09-24,S003,P0013,Groceries,East,Autumn,1,0,181,151.4,29.7
2023-09-25,S003,P0013,Groceries,East,Autumn,0,0,145,130.5,14.5
2023-09-26,S003,P0013,Groceries,East,Autumn,1,0,83,124.6,-41.6
2023-09-27,S003,P0013,Groceries,East,Autumn,0,0,89,103.6,-14.6
2023-09-28,S003,P0013,Groceries,East,Autumn,0,0,78,105.2,-27.2
2023-09-29,S003,P0013,Groceries,East,Autumn,0,0,111,104.6,6.4
2023-09-30,S003,P0013,Groceries,East,Autumn,0,0,133,131.3,1.7
2023-10-01,S003,P0013,Groceries,East,Autumn,0,0,140,130.5,9.5
2023-10-02,S003,P0013,Groceries,East,Autumn,1,0,158,144.3,13.7
2023-10-03,S003,P0013,Groceries,East,Autumn,1,0,96,139.5,-43.5
2023-10-04,S003,P0013,Groceries,East,Autumn,0,0,125,109.0,16.0
2023-10-05,S003,P0013,Groceries,East,Autumn,0,0,83,99.1,-16.1
2023-10-06,S003,P0013,Groceries,East,Autumn,0,0,116,107.7,8.3
2023-10-07,S003,P0013,Groceries,East,Autumn,0,1,17,74.1,-57.1
2023-10-08,S003,P0013,Groceries,East,Autumn,0,1,92,81.8,10.2
2023-10-09,S003,P0013,Groceries,East,Autumn,0,1,70,80.8,-10.8
2023-10-10,S003,P0013,Groceries,East,Autumn,1,1,87,94.7,-7.7
2023-10-11,S003,P0013,Groceries,East,Autumn,0,1,80,79.8,0.2
2023-10-12,S003,P0013,Groceries,East,Autumn,1,1,119,98.4,20.7
2023-10-13,S003,P0013,Groceries,East,Autumn,0,1,76,95.1,-19.1
2023-10-14,S003,P0013,Groceries,East,Autumn,0,1,107,80.5,26.5
2023-10-15,S003,P0013,Groceries,East,Autumn,0,1,94,85.4,8.6
2023-10-16,S003,P0013,Groceries,East,Autumn,1,1,90,95.3,-5.3
2023-10-17,S003,P0013,Groceries,East,Autumn,1,1,97,101.9,-4.9
2023-10-18,S003,P0013,Groceries,East,Autumn,0,1,98,84.4,13.6
2023-10-19,S003,P0013,Groceries,East,Autumn,0,1,61,79.1,-18.1
2023-10-20,S003,P0013,Groceries,East,Autumn,1,1,143,96.0,47.0
2023-10-21,S003,P0013,Groceries,East,Autumn,0,1,26,82.6,-56.6
2023-10-22,S003,P0013,Groceries,East,Autumn,1,1,122,93.3,28.7
2023-10-23,S003,P0013,Groceries,East,Autumn,1,1,89,96.1,-7.1
2023-10-24,S003,P0013,Groceries,East,Autumn,0,1,76,83.6,-7.7
2023-10-25,S003,P0013,Groceries,East,Autumn,1,0,158,127.2,30.8
2023-10-26,S003,P0013,Groceries,East,Autumn,0,0,84,127.8,-43.8
2023-10-27,S003,P0013,Groceries,East,Autumn,0,0,167,140.5,26.5
2023-10-28,S003,P0013,Groceries,East,Autumn,0,0,198,112.8,85.2
2023-10-29,S003,P0013,Groceries,East,Autumn,0,0,110,108.6,1.4
2023-10-30,S003,P0013,Groceries,East,Autumn,0,0,132,110.0,22.0
2023-10-31,S003,P0013,Groceries,East,Autumn,0,0,107,125.4,-18.4
2023-11-01,S003,P0013,Groceries,East,Autumn,1,0,118,136.4,-18.3
2023-11-02,S003,P0013,Groceries,East,Autumn,0,0,181,136.8,44.2
2023-11-03,S003,P0013,Groceries,East,Autumn,0,0,103,110.3,-7.3
2023-11-04,S003,P0013,Groceries,East,Autumn,0,0,95,125.8,-30.8
2023-11-05,S003,P0013,Groceries,East,Autumn,1,0,88,128.9,-40.9
2023-11-06,S003,P0013,Groceries,East,Autumn,0,0,133,104.8,28.2
2023-11-07,S003,P0013,Groceries,East,Autumn,0,0,84,104.5,-20.5
2023-11-08,S003,P0013,Groceries,East,Autumn,1,0,128,133.1,-5.1
2023-11-09,S003,P0013,Groceries,East,Autumn,0,0,32,82.1,-50.1
2023-11-10,S003,P0013,Groceries,East,Autumn,0,0,75,107.2,-32.2
2023-11-11,S003,P0013,Groceries,East,Autumn,0,0,94,123.4,-29.4
2023-11-12,S003,P0013,Groceries,East,Autumn,0,0,94,120.9,-26.9
2023-11-13,S003,P0013,Groceries,East,Autumn,0,0,82,95.7,-13.7
2023-11-14,S003,P0013,Groceries,East,Autumn,1,0,92,121.9,-29.9
2023-11-15,S003,P0013,Groceries,East,Autumn,0,0,101,115.8,-14.8
2023-11-16,S003,P0013,Groceries,East,Autumn,1,0,264,151.0,113.0
2023-11-17,S003,P0013,Groceries,East,Autumn,0,0,54,102.1,-48.1
2023-11-18,S003,P0013,Groceries,East,Autumn,1,0,169,170.8,-1.8
2023-11-19,S003,P0013,Groceries,East,Autumn,0,0,125,125.5,-0.5
2023-11-20,S003,P0013,Groceries,East,Autumn,1,0,118,136.5,-18.5
2023-11-21,S003,P0013,Groceries,East,Autumn,1,0,152,145.1,6.9
2023-11-22,S003,P0013,Groceries,East,Autumn,0,0,111,126.1,-15.1
2023-11-23,S003,P0013,Groceries,East,Autumn,1,0,107,132.9,-25.9
2023-11-24,S003,P0013,Groceries,East,Autumn,0,0,105,108.2,-3.2
2023-11-25,S003,P0013,Groceries,East,Autumn,1,0,102,130.0,-28.0
2023-11-26,S003,P0013,Groceries,East,Autumn,0,0,87,100.0,-13.0
2023-11-27,S003,P0013,Groceries,East,Autumn,0,0,149,109.0,40.0
2023-11-28,S003,P0013,Groceries,East,Autumn,0,0,117,105.0,12.0
2023-11-29,S003,P0013,Groceries,East,Autumn,0,0,126,129.6,-3.6
2023-11-30,S003,P0013,Groceries,East,Autumn,0,0,134,110.4,23.6
2023-12-01,S003,P0013,Groceries,East,Winter,1,0,160,144.9,15.1
2023-12-02,S003,P0013,Groceries,East,Winter,1,0,114,136.2,-22.2
2023-12-03,S003,P0013,Groceries,East,Winter,0,0,113,125.7,-12.7
2023-12-04,S003,P0013,Groceries,East,Winter,1,0,141,163.3,-22.3
2023-12-05,S003,P0013,Groceries,East,Winter,1,0,138,135.4,2.6
2023-12-06,S003,P0013,Groceries,East,Winter,1,0,80,157.3,-77.3
2023-12-07,S003,P0013,Groceries,East,Winter,0,0,132,112.5,19.5
2023-12-08,S003,P0013,Groceries,East,Winter,0,0,140,110.1,29.9
2023-12-09,S003,P0013,Groceries,East,Winter,0,0,93,105.4,-12.4
2023-12-10,S003,P0013,Groceries,East,Winter,0,0,149,112.3,36.7
2023-12-11,S003,P0013,Groceries,East,Winter,0,0,94,106.6,-12.6
2023-12-12,S003,P0013,Groceries,East,Winter,0,0,137,106.8,30.2
2023-12-13,S003,P0013,Groceries,East,Winter,1,0,117,146.1,-29.1
2023-12-14,S003,P0013,Groceries,East,Winter,0,0,102,106.9,-4.9
2023-12-15,S003,P0013,Groceries,East,Winter,0,0,105,101.8,3.2
2023-12-16,S003,P0013,Groceries,East,Winter,0,0,152,110.2,41.8
2023-12-17,S003,P0013,Groceries,East,Winter,1,0,152,140.6,11.4
2023-12-18,S003,P0013,Groceries,East,Winter,0,0,106,124.9,-18.9
2023-12-19,S003,P0013,Groceries,East,Winter,0,0,116,104.7,11.3
2023-12-20,S003,P0013,Groceries,East,Winter,1,0,15,137.8,-122.8
2023-12-21,S003,P0013,Groceries,East,Winter,0,0,153,131.9,21.1
2023-12-22,S003,P0013,Groceries,East,Winter,1,0,125,142.6,-17.6
2023-12-23,S003,P0013,Groceries,East,Winter,0,0,141,105.0,36.0
2023-12-24,S003,P0013,Groceries,East,Winter,0,0,157,107.1,49.9
2023-12-25,S003,P0013,Groceries,East,Winter,0,0,129,106.3,22.7
2023-12-26,S003,P0013,Groceries,East,Winter,0,0,55,105.9,-50.9
2023-12-27,S003,P0013,Groceries,East,Winter,1,1,85,124.0,-39.0
2023-12-28,S003,P0013,Groceries,East,Winter,0,1,92,87.6,4.4
2023-12-29,S003,P0013,Groceries,East,Winter,0,1,45,81.3,-36.3
2023-12-30,S003,P0013,Groceries,East,Winter,0,1,72,82.8,-10.8
2023-12-31,S003,P0013,Groceries,East,Winter,0,1,105,101.6,3.4
2024-01-01,S003,P0013,Groceries,East,Winter,0,1,67,69.1,-2.1
2024-01-02,S003,P0013,Groceries,East,Winter,1,1,82,88.8,-6.8
2024-01-03,S003,P0013,Groceries,East,Winter,0,1,36,67.9,-31.9
2024-01-04,S003,P0013,Groceries,East,Winter,0,1,85,69.1,15.9
2024-01-05,S003,P0013,Groceries,East,Winter,1,1,95,109.4,-14.4
2024-01-06,S003,P0013,Groceries,East,Winter,0,1,90,68.8,21.2
2024-01-07,S003,P0013,Groceries,East,Winter,1,1,140,88.8,51.2
2024-01-08,S003,P0013,Groceries,East,Winter,0,1,69,66.1,2.9
2024-01-09,S003,P0013,Groceries,East,Winter,1,0,162,128.6,33.4
2024-01-10,S003,P0013,Groceries,East,Winter,1,0,117,140.1,-23.1
2024-01-11,S003,P0013,Groceries,East,Winter,0,0,83,121.4,-38.4
2024-01-12,S003,P0013,Groceries,East,Winter,0,0,88,127.2,-39.2
2024-01-13,S003,P0013,Groceries,East,Winter,0,0,124,109.4,14.6
2024-01-14,S003,P0013,Groceries,East,Winter,0,0,151,110.0,41.0
2024-01-15,S003,P0013,Groceries,East,Winter,0,0,87,126.6,-39.6
2024-01-16,S003,P0013,Groceries,East,Winter,1,0,148,141.8,6.2
2024-01-17,S003,P0013,Groceries,East,Winter,1,0,144,139.8,4.2
2024-01-18,S003,P0013,Groceries,East,Winter,0,0,111,107.1,3.9
2024-01-19,S003,P0013,Groceries,East,Winter,0,0,137,126.9,10.1
2024-01-20,S003,P0013,Groceries,East,Winter,0,0,206,138.8,67.2
2024-01-21,S003,P0013,Groceries,East,Winter,0,0,112,107.7,4.3
2024-01-22,S003,P0013,Groceries,East,Winter,0,0,174,130.8,43.2
2024-01-23,S003,P0013,Groceries,East,Winter,1,0,57,138.3,-81.3
2024-01-24,S003,P0013,Groceries,East,Winter,0,0,70,84.9,-14.9
2024-01-25,S003,P0013,Groceries,East,Winter,1,0,220,184.2,35.8
2024-01-26,S003,P0013,Groceries,East,Winter,0,0,52,81.0,-29.0
2024-01-27,S003,P0013,Groceries,East,Winter,1,0,152,147.4,4.6
2024-01-28,S003,P0013,Groceries,East,Winter,0,0,121,107.2,13.8
2024-01-29,S003,P0013,Groceries,East,Winter,0,0,109,103.2,5.8
2024-01-30,S003,P0013,Groceries,East,Winter,0,0,121,132.0,-11.0
2023-09-07,S003,P0014,Groceries,East,Autumn,0,0,116,106.6,9.4
2023-09-08,S003,P0014,Groceries,East,Autumn,0,0,103,106.7,-3.7
2023-09-09,S003,P0014,Groceries,East,Autumn,0,0,59,103.8,-44.8
2023-09-10,S003,P0014,Groceries,East,Autumn,0,0,63,104.2,-41.2
2023-09-11,S003,P0014,Groceries,East,Autumn,1,0,131,140.8,-9.8
2023-09-12,S003,P0014,Groceries,East,Autumn,0,0,60,102.4,-42.4
2023-09-13,S003,P0014,Groceries,East,Autumn,1,0,128,182.6,-54.6
2023-09-14,S003,P0014,Groceries,East,Autumn,0,0,70,114.2,-44.2
2023-09-15,S003,P0014,Groceries,East,Autumn,1,0,86,133.8,-47.8
2023-09-16,S003,P0014,Groceries,East,Autumn,0,0,102,120.1,-18.1
2023-09-17,S003,P0014,Groceries,East,Autumn,0,0,96,119.3,-23.3
2023-09-18,S003,P0014,Groceries,East,Autumn,1,0,126,141.5,-15.5
2023-09-19,S003,P0014,Groceries,East,Autumn,0,0,189,178.3,10.7
2023-09-20,S003,P0014,Groceries,East,Autumn,0,0,115,112.7,2.3
2023-09-21,S003,P0014,Groceries,East,Autumn,0,0,88,124.8,-36.8
2023-09-22,S003,P0014,Groceries,East,Autumn,0,0,106,125.8,-19.8
2023-09-23,S003,P0014,Groceries,East,Autumn,0,0,80,104.1,-24.1
2023-09-24,S003,P0014,Groceries,East,Autumn,0,0,159,143.6,15.4
2023-09-25,S003,P0014,Groceries,East,Autumn,0,0,129,133.3,-4.3
2023-09-26,S003,P0014,Groceries,East,Autumn,1,0,176,181.4,-5.4
2023-09-27,S003,P0014,Groceries,East,Autumn,1,0,205,198.6,6.4
2023-09-28,S003,P0014,Groceries,East,Autumn,1,0,119,133.7,-14.7
2023-09-29,S003,P0014,Groceries,East,Autumn,0,0,74,103.8,-29.8
2023-09-30,S003,P0014,Groceries,East,Autumn,0,0,80,119.8,-39.8
2023-10-01,S003,P0014,Groceries,East,Autumn,0,0,113,122.1,-9.1
2023-10-02,S003,P0014,Groceries,East,Autumn,0,0,131,128.8,2.2
2023-10-03,S003,P0014,Groceries,East,Autumn,0,0,90,108.0,-18.0
2023-10-04,S003,P0014,Groceries,East,Autumn,0,0,134,118.5,15.5
2023-10-05,S003,P0014,Groceries,East,Autumn,0,0,86,102.9,-16.9
2023-10-06,S003,P0014,Groceries,East,Autumn,0,0,84,106.2,-22.2
2023-10-07,S003,P0014,Groceries,East,Autumn,0,1,86,91.0,-5.0
2023-10-08,S003,P0014,Groceries,East,Autumn,1,1,86,113.9,-27.9
2023-10-09,S003,P0014,Groceries,East,Autumn,1,1,48,110.6,-62.6
2023-10-10,S003,P0014,Groceries,East,Autumn,0,1,71,84.9,-13.9
2023-10-11,S003,P0014,Groceries,East,Autumn,1,1,59,95.0,-36.0
2023-10-12,S003,P0014,Groceries,East,Autumn,1,1,96,128.5,-32.5
2023-10-13,S003,P0014,Groceries,East,Autumn,0,1,130,109.1,20.9
2023-10-14,S003,P0014,Groceries,East,Autumn,1,1,92,101.3,-9.3
2023-10-15,S003,P0014,Groceries,East,Autumn,1,1,100,101.8,-1.8
2023-10-16,S003,P0014,Groceries,East,Autumn,0,1,48,84.6,-36.6
2023-10-17,S003,P0014,Groceries,East,Autumn,1,1,136,120.8,15.2
2023-10-18,S003,P0014,Groceries,East,Autumn,1,1,62,106.6,-44.6
2023-10-19,S003,P0014,Groceries,East,Autumn,1,1,82,110.8,-28.8
2023-10-20,S003,P0014,Groceries,East,Autumn,0,1,60,81.0,-21.0
2023-10-21,S003,P0014,Groceries,East,Autumn,0,1,49,82.4,-33.4
2023-10-22,S003,P0014,Groceries,East,Autumn,1,1,65,97.8,-32.8
2023-10-23,S003,P0014,Groceries,East,Autumn,0,1,93,90.7,2.3
2023-10-24,S003,P0014,Groceries,East,Autumn,0,1,51,73.1,-22.1
2023-10-25,S003,P0014,Groceries,East,Autumn,0,0,150,139.3,10.7
2023-10-26,S003,P0014,Groceries,East,Autumn,0,0,100,114.0,-14.0
2023-10-27,S003,P0014,Groceries,East,Autumn,0,0,175,138.8,36.2
2023-10-28,S003,P0014,Groceries,East,Autumn,0,0,115,103.4,11.6
2023-10-29,S003,P0014,Groceries,East,Autumn,0,0,95,107.1,-12.1
2023-10-30,S003,P0014,Groceries,East,Autumn,0,0,67,105.0,-38.0
2023-10-31,S003,P0014,Groceries,East,Autumn,0,0,68,118.7,-50.7
2023-11-01,S003,P0014,Groceries,East,Autumn,0,0,107,107.5,-0.5
2023-11-02,S003,P0014,Groceries,East,Autumn,1,0,67,170.9,-103.9
2023-11-03,S003,P0014,Groceries,East,Autumn,1,0,59,129.1,-70.1
2023-11-04,S003,P0014,Groceries,East,Autumn,1,0,185,172.5,12.5
2023-11-05,S003,P0014,Groceries,East,Autumn,1,0,120,139.9,-19.9
2023-11-06,S003,P0014,Groceries,East,Autumn,0,0,68,100.4,-32.4
2023-11-07,S003,P0014,Groceries,East,Autumn,0,0,122,131.8,-9.8
2023-11-08,S003,P0014,Groceries,East,Autumn,1,0,213,205.5,7.5
2023-11-09,S003,P0014,Groceries,East,Autumn,0,0,157,156.4,0.6
2023-11-10,S003,P0014,Groceries,East,Autumn,1,0,146,143.8,2.2
2023-11-11,S003,P0014,Groceries,East,Autumn,1,0,200,204.2,-4.2
2023-11-12,S003,P0014,Groceries,East,Autumn,1,0,192,183.4,8.6
2023-11-13,S003,P0014,Groceries,East,Autumn,0,0,103,108.4,-5.4
2023-11-14,S003,P0014,Groceries,East,Autumn,1,0,182,176.8,5.2
2023-11-15,S003,P0014,Groceries,East,Autumn,1,0,171,186.8,-15.8
2023-11-16,S003,P0014,Groceries,East,Autumn,0,0,116,126.3,-10.3
2023-11-17,S003,P0014,Groceries,East,Autumn,0,0,109,118.8,-9.8
2023-11-18,S003,P0014,Groceries,East,Autumn,0,0,80,119.8,-39.8
2023-11-19,S003,P0014,Groceries,East,Autumn,0,0,96,120.0,-24.0
2023-11-20,S003,P0014,Groceries,East,Autumn,0,0,113,106.2,6.8
2023-11-21,S003,P0014,Groceries,East,Autumn,0,0,101,109.4,-8.4
2023-11-22,S003,P0014,Groceries,East,Autumn,0,0,85,116.2,-31.2
2023-11-23,S003,P0014,Groceries,East,Autumn,0,0,129,138.4,-9.4
2023-11-24,S003,P0014,Groceries,East,Autumn,0,0,128,126.0,2.0
2023-11-25,S003,P0014,Groceries,East,Autumn,0,0,80,103.3,-23.3
2023-11-26,S003,P0014,Groceries,East,Autumn,0,0,158,136.6,21.3
2023-11-27,S003,P0014,Groceries,East,Autumn,0,0,107,110.7,-3.7
2023-11-28,S003,P0014,Groceries,East,Autumn,0,0,147,142.8,4.2
2023-11-29,S003,P0014,Groceries,East,Autumn,0,0,127,121.9,5.1
2023-11-30,S003,P0014,Groceries,East,Autumn,0,0,120,125.5,-5.5
2023-12-01,S003,P0014,Groceries,East,Winter,0,0,149,146.1,2.9
2023-12-02,S003,P0014,Groceries,East,Winter,0,0,136,117.2,18.8
2023-12-03,S003,P0014,Groceries,East,Winter,1,0,185,182.3,2.7
2023-12-04,S003,P0014,Groceries,East,Winter,0,0,124,140.1,-16.1
2023-12-05,S003,P0014,Groceries,East,Winter,0,0,121,117.8,3.2
2023-12-06,S003,P0014,Groceries,East,Winter,0,0,94,122.4,-28.4
2023-12-07,S003,P0014,Groceries,East,Winter,0,0,42,106.9,-64.9
2023-12-08,S003,P0014,Groceries,East,Winter,0,0,79,103.9,-24.9
2023-12-09,S003,P0014,Groceries,East,Winter,1,0,137,134.0,3.0
2023-12-10,S003,P0014,Groceries,East,Winter,1,0,142,157.0,-14.9
2023-12-11,S003,P0014,Groceries,East,Winter,1,0,198,191.2,6.8
2023-12-12,S003,P0014,Groceries,East,Winter,1,0,167,143.7,23.3
2023-12-13,S003,P0014,Groceries,East,Winter,0,0,104,120.9,-16.9
2023-12-14,S003,P0014,Groceries,East,Winter,1,0,124,144.1,-20.1
2023-12-15,S003,P0014,Groceries,East,Winter,0,0,97,110.0,-13.0
2023-12-16,S003,P0014,Groceries,East,Winter,1,0,153,160.5,-7.5
2023-12-17,S003,P0014,Groceries,East,Winter,0,0,108,119.4,-11.4
2023-12-18,S003,P0014,Groceries,East,Winter,0,0,99,120.5,-21.5
2023-12-19,S003,P0014,Groceries,East,Winter,0,0,168,157.1,10.9
2023-12-20,S003,P0014,Groceries,East,Winter,0,0,171,154.0,17.0
2023-12-21,S003,P0014,Groceries,East,Winter,1,0,211,216.0,-5.1
2023-12-22,S003,P0014,Groceries,East,Winter,0,0,141,132.9,8.1
2023-12-23,S003,P0014,Groceries,East,Winter,1,0,220,214.2,5.8
2023-12-24,S003,P0014,Groceries,East,Winter,1,0,130,154.0,-24.0
2023-12-25,S003,P0014,Groceries,East,Winter,0,0,70,107.5,-37.5
2023-12-26,S003,P0014,Groceries,East,Winter,0,0,63,127.3,-64.3
2023-12-27,S003,P0014,Groceries,East,Winter,0,1,66,107.6,-41.6
2023-12-28,S003,P0014,Groceries,East,Winter,0,1,79,101.5,-22.5
2023-12-29,S003,P0014,Groceries,East,Winter,0,1,69,87.0,-18.0
2023-12-30,S003,P0014,Groceries,East,Winter,0,1,86,94.3,-8.3
2023-12-31,S003,P0014,Groceries,East,Winter,0,1,73,96.6,-23.5
2024-01-01,S003,P0014,Groceries,East,Winter,1,1,115,114.6,0.4
2024-01-02,S003,P0014,Groceries,East,Winter,0,1,128,135.6,-7.6
2024-01-03,S003,P0014,Groceries,East,Winter,0,1,64,72.4,-8.4
2024-01-04,S003,P0014,Groceries,East,Winter,0,1,101,93.4,7.7
2024-01-05,S003,P0014,Groceries,East,Winter,1,1,135,120.3,14.7
2024-01-06,S003,P0014,Groceries,East,Winter,0,1,62,82.0,-20.0
2024-01-07,S003,P0014,Groceries,East,Winter,0,1,78,85.6,-7.6
2024-01-08,S003,P0014,Groceries,East,Winter,0,1,25,79.1,-54.1
2024-01-09,S003,P0014,Groceries,East,Winter,1,0,127,129.4,-2.4
2024-01-10,S003,P0014,Groceries,East,Winter,0,0,119,122.8,-3.8
2024-01-11,S003,P0014,Groceries,East,Winter,0,0,66,118.3,-52.3
2024-01-12,S003,P0014,Groceries,East,Winter,0,0,112,117.4,-5.4
2024-01-13,S003,P0014,Groceries,East,Winter,0,0,92,113.8,-21.8
2024-01-14,S003,P0014,Groceries,East,Winter,0,0,183,129.0,54.0
2024-01-15,S003,P0014,Groceries,East,Winter,0,0,154,146.3,7.7
2024-01-16,S003,P0014,Groceries,East,Winter,1,0,144,158.6,-14.7
2024-01-17,S003,P0014,Groceries,East,Winter,0,0,75,103.6,-28.6
2024-01-18,S003,P0014,Groceries,East,Winter,1,0,172,149.6,22.4
2024-01-19,S003,P0014,Groceries,East,Winter,1,0,160,183.7,-23.7
2024-01-20,S003,P0014,Groceries,East,Winter,1,0,151,167.9,-16.9
2024-01-21,S003,P0014,Groceries,East,Winter,1,0,218,213.9,4.1
2024-01-22,S003,P0014,Groceries,East,Winter,1,0,86,176.4,-90.4
2024-01-23,S003,P0014,Groceries,East,Winter,0,0,115,120.1,-5.1
2024-01-24,S003,P0014,Groceries,East,Winter,0,0,104,112.2,-8.2
2024-01-25,S003,P0014,Groceries,East,Winter,0,0,115,124.3,-9.3
2024-01-26,S003,P0014,Groceries,East,Winter,0,0,128,118.1,9.9
2024-01-27,S003,P0014,Groceries,East,Winter,1,0,65,130.0,-65.0
2024-01-28,S003,P0014,Groceries,East,Winter,0,0,138,133.7,4.3
2024-01-29,S003,P0014,Groceries,East,Winter,0,0,96,106.0,-10.0
2024-01-30,S003,P0014,Groceries,East,Winter,0,0,157,161.5,-4.5
2023-09-07,S003,P0015,Groceries,East,Autumn,1,0,116,141.6,-25.6
2023-09-08,S003,P0015,Groceries,East,Autumn,0,0,125,135.5,-10.5
2023-09-09,S003,P0015,Groceries,East,Autumn,1,0,139,159.1,-20.1
2023-09-10,S003,P0015,Groceries,East,Autumn,0,0,132,159.6,-27.7
2023-09-11,S003,P0015,Groceries,East,Autumn,0,0,85,104.4,-19.4
2023-09-12,S003,P0015,Groceries,East,Autumn,0,0,114,121.8,-7.8
2023-09-13,S003,P0015,Groceries,East,Autumn,0,0,70,118.1,-48.1
2023-09-14,S003,P0015,Groceries,East,Autumn,1,0,142,143.7,-1.7
2023-09-15,S003,P0015,Groceries,East,Autumn,0,0,112,106.1,5.9
2023-09-16,S003,P0015,Groceries,East,Autumn,0,0,78,110.6,-32.6
2023-09-17,S003,P0015,Groceries,East,Autumn,0,0,135,124.8,10.2
2023-09-18,S003,P0015,Groceries,East,Autumn,1,0,55,139.9,-84.9
2023-09-19,S003,P0015,Groceries,East,Autumn,0,0,149,149.3,-0.3
2023-09-20,S003,P0015,Groceries,East,Autumn,0,0,132,173.9,-41.9
2023-09-21,S003,P0015,Groceries,East,Autumn,0,0,114,121.4,-7.4
2023-09-22,S003,P0015,Groceries,East,Autumn,1,0,170,196.6,-26.6
2023-09-23,S003,P0015,Groceries,East,Autumn,1,0,138,162.8,-24.8
2023-09-24,S003,P0015,Groceries,East,Autumn,0,0,76,99.9,-23.9
2023-09-25,S003,P0015,Groceries,East,Autumn,0,0,102,116.0,-14.0
2023-09-26,S003,P0015,Groceries,East,Autumn,0,0,117,118.4,-1.4
2023-09-27,S003,P0015,Groceries,East,Autumn,1,0,123,151.9,-28.9
2023-09-28,S003,P0015,Groceries,East,Autumn,1,0,118,131.7,-13.7
2023-09-29,S003,P0015,Groceries,East,Autumn,0,0,86,100.4,-14.5
2023-09-30,S003,P0015,Groceries,East,Autumn,0,0,97,116.8,-19.8
2023-10-01,S003,P0015,Groceries,East,Autumn,1,0,152,165.2,-13.2
2023-10-02,S003,P0015,Groceries,East,Autumn,0,0,138,137.4,0.6
2023-10-03,S003,P0015,Groceries,East,Autumn,0,0,58,96.3,-38.3
2023-10-04,S003,P0015,Groceries,East,Autumn,0,0,66,100.8,-34.8
2023-10-05,S003,P0015,Groceries,East,Autumn,0,0,70,94.5,-24.5
2023-10-06,S003,P0015,Groceries,East,Autumn,1,0,129,151.5,-22.5
2023-10-07,S003,P0015,Groceries,East,Autumn,1,1,25,107.0,-82.0
2023-10-08,S003,P0015,Groceries,East,Autumn,1,1,78,95.3,-17.3
2023-10-09,S003,P0015,Groceries,East,Autumn,1,1,114,116.6,-2.6
2023-10-10,S003,P0015,Groceries,East,Autumn,0,1,95,91.4,3.5
2023-10-11,S003,P0015,Groceries,East,Autumn,0,1,125,103.6,21.4
2023-10-12,S003,P0015,Groceries,East,Autumn,0,1,132,132.9,-0.9
2023-10-13,S003,P0015,Groceries,East,Autumn,0,1,102,126.1,-24.1
2023-10-14,S003,P0015,Groceries,East,Autumn,0,1,82,86.5,-4.5
2023-10-15,S003,P0015,Groceries,East,Autumn,1,1,197,181.3,15.7
2023-10-16,S003,P0015,Groceries,East,Autumn,0,1,67,100.6,-33.6
2023-10-17,S003,P0015,Groceries,East,Autumn,0,1,145,128.0,17.0
2023-10-18,S003,P0015,Groceries,East,Autumn,0,1,76,100.6,-24.6
2023-10-19,S003,P0015,Groceries,East,Autumn,0,1,44,88.4,-44.4
2023-10-20,S003,P0015,Groceries,East,Autumn,0,1,55,89.3,-34.3
2023-10-21,S003,P0015,Groceries,East,Autumn,0,1,67,86.8,-19.8
2023-10-22,S003,P0015,Groceries,East,Autumn,1,1,45,96.8,-51.8
2023-10-23,S003,P0015,Groceries,East,Autumn,0,1,45,82.8,-37.8
2023-10-24,S003,P0015,Groceries,East,Autumn,1,1,88,110.8,-22.8
2023-10-25,S003,P0015,Groceries,East,Autumn,0,0,83,118.2,-35.2
2023-10-26,S003,P0015,Groceries,East,Autumn,1,0,52,144.7,-92.7
2023-10-27,S003,P0015,Groceries,East,Autumn,0,0,89,121.2,-32.2
2023-10-28,S003,P0015,Groceries,East,Autumn,1,0,119,133.4,-14.4
2023-10-29,S003,P0015,Groceries,East,Autumn,0,0,112,129.5,-17.5
2023-10-30,S003,P0015,Groceries,East,Autumn,0,0,134,129.2,4.8
2023-10-31,S003,P0015,Groceries,East,Autumn,0,0,109,127.5,-18.5
2023-11-01,S003,P0015,Groceries,East,Autumn,1,0,125,158.7,-33.7
2023-11-02,S003,P0015,Groceries,East,Autumn,1,0,170,187.7,-17.7
2023-11-03,S003,P0015,Groceries,East,Autumn,0,0,144,155.9,-11.9
2023-11-04,S003,P0015,Groceries,East,Autumn,0,0,114,118.5,-4.5
2023-11-05,S003,P0015,Groceries,East,Autumn,0,0,77,104.2,-27.2
2023-11-06,S003,P0015,Groceries,East,Autumn,0,0,77,98.6,-21.6
2023-11-07,S003,P0015,Groceries,East,Autumn,0,0,104,116.8,-12.8
2023-11-08,S003,P0015,Groceries,East,Autumn,0,0,116,117.2,-1.2
2023-11-09,S003,P0015,Groceries,East,Autumn,0,0,109,100.0,9.0
2023-11-10,S003,P0015,Groceries,East,Autumn,0,0,27,89.6,-62.6
2023-11-11,S003,P0015,Groceries,East,Autumn,1,0,118,173.8,-55.8
2023-11-12,S003,P0015,Groceries,East,Autumn,0,0,117,133.6,-16.6
2023-11-13,S003,P0015,Groceries,East,Autumn,0,0,118,136.4,-18.4
2023-11-14,S003,P0015,Groceries,East,Autumn,0,0,144,165.8,-21.8
2023-11-15,S003,P0015,Groceries,East,Autumn,0,0,117,118.2,-1.2
2023-11-16,S003,P0015,Groceries,East,Autumn,0,0,101,107.0,-6.0
2023-11-17,S003,P0015,Groceries,East,Autumn,0,0,69,101.6,-32.6
2023-11-18,S003,P0015,Groceries,East,Autumn,0,0,149,146.4,2.6
2023-11-19,S003,P0015,Groceries,East,Autumn,0,0,119,137.0,-18.0
2023-11-20,S003,P0015,Groceries,East,Autumn,1,0,200,195.0,5.1
2023-11-21,S003,P0015,Groceries,East,Autumn,1,0,104,139.2,-35.2
2023-11-22,S003,P0015,Groceries,East,Autumn,1,0,193,202.1,-9.1
2023-11-23,S003,P0015,Groceries,East,Autumn,1,0,205,210.8,-5.8
2023-11-24,S003,P0015,Groceries,East,Autumn,0,0,75,106.0,-31.0
2023-11-25,S003,P0015,Groceries,East,Autumn,0,0,73,103.0,-30.0
2023-11-26,S003,P0015,Groceries,East,Autumn,1,0,111,135.4,-24.4
2023-11-27,S003,P0015,Groceries,East,Autumn,1,0,136,153.8,-17.8
2023-11-28,S003,P0015,Groceries,East,Autumn,1,0,156,156.1,-0.1
2023-11-29,S003,P0015,Groceries,East,Autumn,0,0,80,116.9,-36.9
2023-11-30,S003,P0015,Groceries,East,Autumn,0,0,144,151.8,-7.8
2023-12-01,S003,P0015,Groceries,East,Winter,0,0,108,126.5,-18.5
2023-12-02,S003,P0015,Groceries,East,Winter,1,0,110,138.8,-28.8
2023-12-03,S003,P0015,Groceries,East,Winter,1,0,128,150.9,-22.9
2023-12-04,S003,P0015,Groceries,East,Winter,0,0,160,158.2,1.8
2023-12-05,S003,P0015,Groceries,East,Winter,0,0,96,105.5,-9.5
2023-12-06,S003,P0015,Groceries,East,Winter,1,0,144,160.6,-16.7
2023-12-07,S003,P0015,Groceries,East,Winter,0,0,70,100.3,-30.3
2023-12-08,S003,P0015,Groceries,East,Winter,0,0,49,93.1,-44.1
2023-12-09,S003,P0015,Groceries,East,Winter,0,0,50,89.5,-39.5
2023-12-10,S003,P0015,Groceries,East,Winter,0,0,93,101.3,-8.3
2023-12-11,S003,P0015,Groceries,East,Winter,0,0,78,100.5,-22.5
2023-12-12,S003,P0015,Groceries,East,Winter,0,0,87,104.4,-17.4
2023-12-13,S003,P0015,Groceries,East,Winter,1,0,90,187.5,-97.5
2023-12-14,S003,P0015,Groceries,East,Winter,1,0,73,118.8,-45.8
2023-12-15,S003,P0015,Groceries,East,Winter,0,0,49,96.2,-47.2
2023-12-16,S003,P0015,Groceries,East,Winter,1,0,189,145.4,43.6
2023-12-17,S003,P0015,Groceries,East,Winter,1,0,184,174.4,9.6
2023-12-18,S003,P0015,Groceries,East,Winter,0,0,124,139.4,-15.4
2023-12-19,S003,P0015,Groceries,East,Winter,0,0,92,99.6,-7.6
2023-12-20,S003,P0015,Groceries,East,Winter,0,0,138,147.0,-9.0
2023-12-21,S003,P0015,Groceries,East,Winter,0,0,142,139.4,2.6
2023-12-22,S003,P0015,Groceries,East,Winter,0,0,91,101.8,-10.8
2023-12-23,S003,P0015,Groceries,East,Winter,0,0,75,101.5,-26.5
2023-12-24,S003,P0015,Groceries,East,Winter,0,0,167,169.9,-2.9
2023-12-25,S003,P0015,Groceries,East,Winter,1,0,91,131.5,-40.5
2023-12-26,S003,P0015,Groceries,East,Winter,0,0,105,119.5,-14.5
2023-12-27,S003,P0015,Groceries,East,Winter,1,1,122,133.2,-11.2
2023-12-28,S003,P0015,Groceries,East,Winter,1,1,78,121.5,-43.5
2023-12-29,S003,P0015,Groceries,East,Winter,0,1,94,98.5,-4.5
2023-12-30,S003,P0015,Groceries,East,Winter,0,1,118,111.0,7.0
2023-12-31,S003,P0015,Groceries,East,Winter,0,1,75,121.3,-46.3
2024-01-01,S003,P0015,Groceries,East,Winter,1,1,58,102.5,-44.5
2024-01-02,S003,P0015,Groceries,East,Winter,0,1,18,72.6,-54.6
2024-01-03,S003,P0015,Groceries,East,Winter,1,1,78,98.5,-20.5
2024-01-04,S003,P0015,Groceries,East,Winter,0,1,69,71.7,-2.7
2024-01-05,S003,P0015,Groceries,East,Winter,0,1,61,77.4,-16.4
2024-01-06,S003,P0015,Groceries,East,Winter,0,1,41,68.0,-27.0
2024-01-07,S003,P0015,Groceries,East,Winter,1,1,88,94.2,-6.2
2024-01-08,S003,P0015,Groceries,East,Winter,0,1,46,65.9,-19.9
2024-01-09,S003,P0015,Groceries,East,Winter,1,0,150,127.1,22.9
2024-01-10,S003,P0015,Groceries,East,Winter,0,0,100,123.4,-23.4
2024-01-11,S003,P0015,Groceries,East,Winter,0,0,111,120.8,-9.8
2024-01-12,S003,P0015,Groceries,East,Winter,1,0,142,188.3,-46.3
2024-01-13,S003,P0015,Groceries,East,Winter,1,0,226,201.7,24.3
2024-01-14,S003,P0015,Groceries,East,Winter,0,0,115,115.0,-0.0
2024-01-15,S003,P0015,Groceries,East,Winter,0,0,101,123.7,-22.7
2024-01-16,S003,P0015,Groceries,East,Winter,0,0,88,112.4,-24.5
2024-01-17,S003,P0015,Groceries,East,Winter,0,0,79,105.7,-26.7
2024-01-18,S003,P0015,Groceries,East,Winter,0,0,142,128.7,13.3
2024-01-19,S003,P0015,Groceries,East,Winter,0,0,93,117.4,-24.4
2024-01-20,S003,P0015,Groceries,East,Winter,1,0,237,232.7,4.3
2024-01-21,S003,P0015,Groceries,East,Winter,0,0,68,97.3,-29.3
2024-01-22,S003,P0015,Groceries,East,Winter,0,0,188,179.5,8.5
2024-01-23,S003,P0015,Groceries,East,Winter,0,0,112,113.0,-1.0
2024-01-24,S003,P0015,Groceries,East,Winter,0,0,154,147.1,6.9
2024-01-25,S003,P0015,Groceries,East,Winter,0,0,188,166.9,21.1
2024-01-26,S003,P0015,Groceries,East,Winter,1,0,146,152.3,-6.3
2024-01-27,S003,P0015,Groceries,East,Winter,1,0,183,175.8,7.2
2024-01-28,S003,P0015,Groceries,East,Winter,1,0,126,147.2,-21.2
2024-01-29,S003,P0015,Groceries,East,Winter,0,0,81,103.4,-22.4
2024-01-30,S003,P0015,Groceries,East,Winter,0,0,134,130.7,3.3
2023-09-07,S003,P0016,Electronics,East,Autumn,0,0,56,88.8,-32.8
2023-09-08,S003,P0016,Electronics,East,Autumn,0,0,125,134.0,-9.0
2023-09-09,S003,P0016,Electronics,East,Autumn,1,0,89,113.5,-24.5
2023-09-10,S003,P0016,Electronics,East,Autumn,1,0,164,153.0,11.0
2023-09-11,S003,P0016,Electronics,East,Autumn,0,0,83,89.8,-6.8
2023-09-12,S003,P0016,Electronics,East,Autumn,1,0,152,121.7,30.3
2023-09-13,S003,P0016,Electronics,East,Autumn,0,0,120,116.0,4.0
2023-09-14,S003,P0016,Electronics,East,Autumn,0,0,87,96.9,-9.9
2023-09-15,S003,P0016,Electronics,East,Autumn,0,0,177,146.6,30.4
2023-09-16,S003,P0016,Electronics,East,Autumn,1,0,123,151.4,-28.4
2023-09-17,S003,P0016,Electronics,East,Autumn,0,0,115,115.0,-0.0
2023-09-18,S003,P0016,Electronics,East,Autumn,0,0,80,92.5,-12.5
2023-09-19,S003,P0016,Electronics,East,Autumn,0,0,135,120.0,15.0
2023-09-20,S003,P0016,Electronics,East,Autumn,0,0,63,87.3,-24.3
2023-09-21,S003,P0016,Electronics,East,Autumn,0,0,95,104.7,-9.7
2023-09-22,S003,P0016,Electronics,East,Autumn,1,0,130,135.8,-5.8
2023-09-23,S003,P0016,Electronics,East,Autumn,0,0,108,98.4,9.6
2023-09-24,S003,P0016,Electronics,East,Autumn,1,0,138,126.8,11.2
2023-09-25,S003,P0016,Electronics,East,Autumn,0,0,119,110.6,8.4
2023-09-26,S003,P0016,Electronics,East,Autumn,0,0,74,93.1,-19.1
2023-09-27,S003,P0016,Electronics,East,Autumn,1,0,116,115.6,0.4
2023-09-28,S003,P0016,Electronics,East,Autumn,1,0,135,145.5,-10.5
2023-09-29,S003,P0016,Electronics,East,Autumn,0,0,90,91.7,-1.7
2023-09-30,S003,P0016,Electronics,East,Autumn,0,0,89,107.8,-18.8
2023-10-01,S003,P0016,Electronics,East,Autumn,0,0,124,116.8,7.2
2023-10-02,S003,P0016,Electronics,East,Autumn,1,0,146,118.3,27.7
2023-10-03,S003,P0016,Electronics,East,Autumn,0,0,41,87.9,-46.9
2023-10-04,S003,P0016,Electronics,East,Autumn,1,0,95,118.8,-23.8
2023-10-05,S003,P0016,Electronics,East,Autumn,1,0,93,115.2,-22.2
2023-10-06,S003,P0016,Electronics,East,Autumn,1,0,149,128.0,21.0
2023-10-07,S003,P0016,Electronics,East,Autumn,1,1,35,99.8,-64.8
2023-10-08,S003,P0016,Electronics,East,Autumn,0,1,49,57.7,-8.7
2023-10-09,S003,P0016,Electronics,East,Autumn,1,1,24,58.0,-34.0
2023-10-10,S003,P0016,Electronics,East,Autumn,0,1,64,52.1,11.9
2023-10-11,S003,P0016,Electronics,East,Autumn,0,1,55,52.1,2.9
2023-10-12,S003,P0016,Electronics,East,Autumn,0,1,101,56.3,44.7
2023-10-13,S003,P0016,Electronics,East,Autumn,1,1,70,74.8,-4.8
2023-10-14,S003,P0016,Electronics,East,Autumn,0,1,93,54.5,38.5
2023-10-15,S003,P0016,Electronics,East,Autumn,0,1,67,52.6,14.4
2023-10-16,S003,P0016,Electronics,East,Autumn,0,1,52,54.0,-2.0
2023-10-17,S003,P0016,Electronics,East,Autumn,0,1,52,52.5,-0.5
2023-10-18,S003,P0016,Electronics,East,Autumn,1,1,65,71.0,-6.0
2023-10-19,S003,P0016,Electronics,East,Autumn,0,1,51,51.8,-0.8
2023-10-20,S003,P0016,Electronics,East,Autumn,0,1,42,51.9,-9.9
2023-10-21,S003,P0016,Electronics,East,Autumn,0,1,85,53.4,31.6
2023-10-22,S003,P0016,Electronics,East,Autumn,0,1,29,50.3,-21.3
2023-10-23,S003,P0016,Electronics,East,Autumn,1,1,59,64.8,-5.8
2023-10-24,S003,P0016,Electronics,East,Autumn,0,1,35,50.0,-15.0
2023-10-25,S003,P0016,Electronics,East,Autumn,0,0,111,90.4,20.6
2023-10-26,S003,P0016,Electronics,East,Autumn,0,0,172,122.1,49.9
2023-10-27,S003,P0016,Electronics,East,Autumn,0,0,147,107.5,39.5
2023-10-28,S003,P0016,Electronics,East,Autumn,1,0,110,127.1,-17.1
2023-10-29,S003,P0016,Electronics,East,Autumn,0,0,61,95.1,-34.1
2023-10-30,S003,P0016,Electronics,East,Autumn,0,0,121,97.5,23.5
2023-10-31,S003,P0016,Electronics,East,Autumn,0,0,127,130.5,-3.5
2023-11-01,S003,P0016,Electronics,East,Autumn,1,0,120,116.4,3.6
2023-11-02,S003,P0016,Electronics,East,Autumn,0,0,112,116.3,-4.3
2023-11-03,S003,P0016,Electronics,East,Autumn,1,0,159,134.1,24.9
2023-11-04,S003,P0016,Electronics,East,Autumn,0,0,90,108.2,-18.2
2023-11-05,S003,P0016,Electronics,East,Autumn,1,0,148,128.1,19.9
2023-11-06,S003,P0016,Electronics,East,Autumn,0,0,116,100.6,15.4
2023-11-07,S003,P0016,Electronics,East,Autumn,0,0,165,136.1,28.9
2023-11-08,S003,P0016,Electronics,East,Autumn,0,0,95,84.8,10.2
2023-11-09,S003,P0016,Electronics,East,Autumn,1,0,102,115.2,-13.2
2023-11-10,S003,P0016,Electronics,East,Autumn,0,0,100,98.5,1.5
2023-11-11,S003,P0016,Electronics,East,Autumn,0,0,107,123.7,-16.7
2023-11-12,S003,P0016,Electronics,East,Autumn,1,0,120,133.3,-13.3
2023-11-13,S003,P0016,Electronics,East,Autumn,1,0,67,112.5,-45.5
2023-11-14,S003,P0016,Electronics,East,Autumn,0,0,85,92.2,-7.2
2023-11-15,S003,P0016,Electronics,East,Autumn,0,0,82,105.4,-23.4
2023-11-16,S003,P0016,Electronics,East,Autumn,0,0,88,96.3,-8.3
2023-11-17,S003,P0016,Electronics,East,Autumn,1,0,95,121.7,-26.7
2023-11-18,S003,P0016,Electronics,East,Autumn,0,0,137,118.4,18.6
2023-11-19,S003,P0016,Electronics,East,Autumn,1,0,131,144.9,-13.9
2023-11-20,S003,P0016,Electronics,East,Autumn,0,0,149,144.4,4.6
2023-11-21,S003,P0016,Electronics,East,Autumn,1,0,115,130.9,-15.9
2023-11-22,S003,P0016,Electronics,East,Autumn,0,0,96,104.2,-8.2
2023-11-23,S003,P0016,Electronics,East,Autumn,1,0,143,154.0,-11.0
2023-11-24,S003,P0016,Electronics,East,Autumn,0,0,93,101.6,-8.6
2023-11-25,S003,P0016,Electronics,East,Autumn,0,0,134,110.2,23.8
2023-11-26,S003,P0016,Electronics,East,Autumn,0,0,120,104.5,15.5
2023-11-27,S003,P0016,Electronics,East,Autumn,0,0,94,95.3,-1.3
2023-11-28,S003,P0016,Electronics,East,Autumn,0,0,97,98.3,-1.3
2023-11-29,S003,P0016,Electronics,East,Autumn,0,0,184,145.4,38.6
2023-11-30,S003,P0016,Electronics,East,Autumn,0,0,93,108.7,-15.7
2023-12-01,S003,P0016,Electronics,East,Winter,1,0,176,165.6,10.4
2023-12-02,S003,P0016,Electronics,East,Winter,0,0,173,127.6,45.4
2023-12-03,S003,P0016,Electronics,East,Winter,1,0,152,154.4,-2.4
2023-12-04,S003,P0016,Electronics,East,Winter,1,0,129,155.4,-26.3
2023-12-05,S003,P0016,Electronics,East,Winter,1,0,100,123.8,-23.8
2023-12-06,S003,P0016,Electronics,East,Winter,0,0,109,136.4,-27.3
2023-12-07,S003,P0016,Electronics,East,Winter,1,0,103,128.6,-25.7
2023-12-08,S003,P0016,Electronics,East,Winter,1,0,156,161.3,-5.3
2023-12-09,S003,P0016,Electronics,East,Winter,0,0,53,72.4,-19.4
2023-12-10,S003,P0016,Electronics,East,Winter,0,0,97,103.2,-6.2
2023-12-11,S003,P0016,Electronics,East,Winter,0,0,112,102.5,9.5
2023-12-12,S003,P0016,Electronics,East,Winter,0,0,165,144.6,20.4
2023-12-13,S003,P0016,Electronics,East,Winter,0,0,74,106.7,-32.7
2023-12-14,S003,P0016,Electronics,East,Winter,0,0,86,102.6,-16.5
2023-12-15,S003,P0016,Electronics,East,Winter,0,0,123,109.7,13.3
2023-12-16,S003,P0016,Electronics,East,Winter,0,0,105,105.2,-0.2
2023-12-17,S003,P0016,Electronics,East,Winter,0,0,99,102.0,-3.0
2023-12-18,S003,P0016,Electronics,East,Winter,1,0,221,183.2,37.8
2023-12-19,S003,P0016,Electronics,East,Winter,0,0,65,92.5,-27.5
2023-12-20,S003,P0016,Electronics,East,Winter,0,0,54,105.9,-51.9
2023-12-21,S003,P0016,Electronics,East,Winter,0,0,132,121.8,10.2
2023-12-22,S003,P0016,Electronics,East,Winter,1,0,158,154.9,3.1
2023-12-23,S003,P0016,Electronics,East,Winter,1,0,105,138.9,-33.9
2023-12-24,S003,P0016,Electronics,East,Winter,0,0,82,98.9,-16.9
2023-12-25,S003,P0016,Electronics,East,Winter,0,0,34,94.8,-60.8
2023-12-26,S003,P0016,Electronics,East,Winter,1,0,246,158.3,87.7
2023-12-27,S003,P0016,Electronics,East,Winter,0,1,74,77.1,-3.1
2023-12-28,S003,P0016,Electronics,East,Winter,0,1,39,65.0,-26.0
2023-12-29,S003,P0016,Electronics,East,Winter,0,1,63,66.4,-3.4
2023-12-30,S003,P0016,Electronics,East,Winter,0,1,40,53.3,-13.3
2023-12-31,S003,P0016,Electronics,East,Winter,0,1,99,69.9,29.1
2024-01-01,S003,P0016,Electronics,East,Winter,0,1,49,53.6,-4.6
2024-01-02,S003,P0016,Electronics,East,Winter,0,1,65,55.9,9.1
2024-01-03,S003,P0016,Electronics,East,Winter,0,1,38,52.3,-14.3
2024-01-04,S003,P0016,Electronics,East,Winter,0,1,92,55.0,37.0
2024-01-05,S003,P0016,Electronics,East,Winter,0,1,75,57.2,17.8
2024-01-06,S003,P0016,Electronics,East,Winter,0,1,64,52.2,11.8
2024-01-07,S003,P0016,Electronics,East,Winter,1,1,19,57.5,-38.5
2024-01-08,S003,P0016,Electronics,East,Winter,1,1,76,68.5,7.5
2024-01-09,S003,P0016,Electronics,East,Winter,1,0,73,128.8,-55.8
2024-01-10,S003,P0016,Electronics,East,Winter,1,0,139,130.5,8.5
2024-01-11,S003,P0016,Electronics,East,Winter,0,0,59,103.5,-44.5
2024-01-12,S003,P0016,Electronics,East,Winter,0,0,167,109.7,57.3
2024-01-13,S003,P0016,Electronics,East,Winter,1,0,119,131.0,-12.0
2024-01-14,S003,P0016,Electronics,East,Winter,1,0,123,128.6,-5.6
2024-01-15,S003,P0016,Electronics,East,Winter,1,0,100,121.1,-21.1
2024-01-16,S003,P0016,Electronics,East,Winter,1,0,124,119.4,4.5
2024-01-17,S003,P0016,Electronics,East,Winter,0,0,105,95.0,10.0
2024-01-18,S003,P0016,Electronics,East,Winter,1,0,205,178.7,26.3
2024-01-19,S003,P0016,Electronics,East,Winter,0,0,57,104.3,-47.3
2024-01-20,S003,P0016,Electronics,East,Winter,0,0,99,123.0,-24.0
2024-01-21,S003,P0016,Electronics,East,Winter,0,0,135,121.8,13.2
2024-01-22,S003,P0016,Electronics,East,Winter,0,0,156,140.6,15.4
2024-01-23,S003,P0016,Electronics,East,Winter,1,0,111,117.8,-6.8
2024-01-24,S003,P0016,Electronics,East,Winter,0,0,82,87.0,-5.0
2024-01-25,S003,P0016,Electronics,East,Winter,0,0,151,135.2,15.8
2024-01-26,S003,P0016,Electronics,East,Winter,0,0,157,101.9,55.1
2024-01-27,S003,P0016,Electronics,East,Winter,0,0,88,97.9,-9.9
2024-01-28,S003,P0016,Electronics,East,Winter,0,0,65,81.3,-16.3
2024-01-29,S003,P0016,Electronics,East,Winter,0,0,111,96.4,14.6
2024-01-30,S003,P0016,Electronics,East,Winter,0,0,124,128.6,-4.6
2023-09-07,S003,P0017,Furniture,East,Autumn,0,0,116,99.5,16.5
2023-09-08,S003,P0017,Furniture,East,Autumn,0,0,104,83.6,20.4
2023-09-09,S003,P0017,Furniture,East,Autumn,1,0,71,89.6,-18.7
2023-09-10,S003,P0017,Furniture,East,Autumn,1,0,73,87.6,-14.6
2023-09-11,S003,P0017,Furniture,East,Autumn,1,0,101,93.2,7.8
2023-09-12,S003,P0017,Furniture,East,Autumn,0,0,87,82.4,4.5
2023-09-13,S003,P0017,Furniture,East,Autumn,0,0,98,84.1,13.9
2023-09-14,S003,P0017,Furniture,East,Autumn,0,0,39,57.0,-18.0
2023-09-15,S003,P0017,Furniture,East,Autumn,0,0,73,67.5,5.5
2023-09-16,S003,P0017,Furniture,East,Autumn,1,0,114,105.8,8.2
2023-09-17,S003,P0017,Furniture,East,Autumn,1,0,73,77.4,-4.4
2023-09-18,S003,P0017,Furniture,East,Autumn,0,0,48,53.1,-5.1
2023-09-19,S003,P0017,Furniture,East,Autumn,1,0,110,100.1,9.9
2023-09-20,S003,P0017,Furniture,East,Autumn,0,0,61,61.9,-0.9
2023-09-21,S003,P0017,Furniture,East,Autumn,1,0,95,82.0,13.0
2023-09-22,S003,P0017,Furniture,East,Autumn,1,0,171,141.3,29.7
2023-09-23,S003,P0017,Furniture,East,Autumn,0,0,91,63.9,27.1
2023-09-24,S003,P0017,Furniture,East,Autumn,0,0,50,62.8,-12.8
2023-09-25,S003,P0017,Furniture,East,Autumn,1,0,56,75.2,-19.2
2023-09-26,S003,P0017,Furniture,East,Autumn,1,0,91,89.9,1.1
2023-09-27,S003,P0017,Furniture,East,Autumn,0,0,57,47.1,9.9
2023-09-28,S003,P0017,Furniture,East,Autumn,0,0,84,75.2,8.8
2023-09-29,S003,P0017,Furniture,East,Autumn,0,0,90,72.0,18.0
2023-09-30,S003,P0017,Furniture,East,Autumn,0,0,111,78.2,32.8
2023-10-01,S003,P0017,Furniture,East,Autumn,0,0,126,96.3,29.7
2023-10-02,S003,P0017,Furniture,East,Autumn,0,0,96,79.1,16.9
2023-10-03,S003,P0017,Furniture,East,Autumn,0,0,91,83.0,8.0
2023-10-04,S003,P0017,Furniture,East,Autumn,0,0,91,76.0,15.0
2023-10-05,S003,P0017,Furniture,East,Autumn,0,0,67,62.3,4.7
2023-10-06,S003,P0017,Furniture,East,Autumn,0,0,30,54.6,-24.5
2023-10-07,S003,P0017,Furniture,East,Autumn,0,1,30,30.8,-0.8
2023-10-08,S003,P0017,Furniture,East,Autumn,1,1,45,38.8,6.2
2023-10-09,S003,P0017,Furniture,East,Autumn,0,1,32,27.0,5.0
2023-10-10,S003,P0017,Furniture,East,Autumn,1,1,35,38.6,-3.6
2023-10-11,S003,P0017,Furniture,East,Autumn,0,1,21,32.7,-11.7
2023-10-12,S003,P0017,Furniture,East,Autumn,1,1,23,41.2,-18.2
2023-10-13,S003,P0017,Furniture,East,Autumn,0,1,38,34.4,3.6
2023-10-14,S003,P0017,Furniture,East,Autumn,0,1,16,30.2,-14.2
2023-10-15,S003,P0017,Furniture,East,Autumn,0,1,38,36.4,1.5
2023-10-16,S003,P0017,Furniture,East,Autumn,0,1,35,31.7,3.3
2023-10-17,S003,P0017,Furniture,East,Autumn,1,1,64,45.6,18.4
2023-10-18,S003,P0017,Furniture,East,Autumn,1,1,34,41.2,-7.1
2023-10-19,S003,P0017,Furniture,East,Autumn,1,1,71,42.1,28.9
2023-10-20,S003,P0017,Furniture,East,Autumn,1,1,35,53.4,-18.4
2023-10-21,S003,P0017,Furniture,East,Autumn,0,1,21,31.5,-10.5
2023-10-22,S003,P0017,Furniture,East,Autumn,0,1,20,31.0,-11.0
2023-10-23,S003,P0017,Furniture,East,Autumn,0,1,46,31.5,14.5
2023-10-24,S003,P0017,Furniture,East,Autumn,1,1,38,40.1,-2.1
2023-10-25,S003,P0017,Furniture,East,Autumn,0,0,71,69.7,1.3
2023-10-26,S003,P0017,Furniture,East,Autumn,1,0,131,92.7,38.3
2023-10-27,S003,P0017,Furniture,East,Autumn,0,0,53,64.5,-11.5
2023-10-28,S003,P0017,Furniture,East,Autumn,1,0,93,93.2,-0.2
2023-10-29,S003,P0017,Furniture,East,Autumn,0,0,88,69.6,18.4
2023-10-30,S003,P0017,Furniture,East,Autumn,0,0,59,62.0,-3.0
2023-10-31,S003,P0017,Furniture,East,Autumn,0,0,65,54.6,10.4
2023-11-01,S003,P0017,Furniture,East,Autumn,0,0,106,83.8,22.2
2023-11-02,S003,P0017,Furniture,East,Autumn,1,0,86,75.5,10.5
2023-11-03,S003,P0017,Furniture,East,Autumn,0,0,75,67.2,7.8
2023-11-04,S003,P0017,Furniture,East,Autumn,1,0,162,126.7,35.3
2023-11-05,S003,P0017,Furniture,East,Autumn,0,0,93,81.0,12.0
2023-11-06,S003,P0017,Furniture,East,Autumn,0,0,27,46.3,-19.3
2023-11-07,S003,P0017,Furniture,East,Autumn,1,0,100,97.8,2.2
2023-11-08,S003,P0017,Furniture,East,Autumn,1,0,106,92.1,13.9
2023-11-09,S003,P0017,Furniture,East,Autumn,1,0,81,87.5,-6.5
2023-11-10,S003,P0017,Furniture,East,Autumn,0,0,39,39.6,-0.6
2023-11-11,S003,P0017,Furniture,East,Autumn,0,0,67,70.8,-3.8
2023-11-12,S003,P0017,Furniture,East,Autumn,0,0,85,83.9,1.1
2023-11-13,S003,P0017,Furniture,East,Autumn,0,0,74,70.2,3.8
2023-11-14,S003,P0017,Furniture,East,Autumn,1,0,89,93.9,-4.9
2023-11-15,S003,P0017,Furniture,East,Autumn,1,0,92,85.8,6.2
2023-11-16,S003,P0017,Furniture,East,Autumn,0,0,82,82.2,-0.2
2023-11-17,S003,P0017,Furniture,East,Autumn,0,0,100,85.2,14.8
2023-11-18,S003,P0017,Furniture,East,Autumn,0,0,61,64.2,-3.2
2023-11-19,S003,P0017,Furniture,East,Autumn,0,0,72,66.1,5.9
2023-11-20,S003,P0017,Furniture,East,Autumn,0,0,82,63.0,19.0
2023-11-21,S003,P0017,Furniture,East,Autumn,0,0,78,69.9,8.1
2023-11-22,S003,P0017,Furniture,East,Autumn,1,0,131,104.1,26.9
2023-11-23,S003,P0017,Furniture,East,Autumn,1,0,97,93.8,3.2
2023-11-24,S003,P0017,Furniture,East,Autumn,0,0,96,75.9,20.1
2023-11-25,S003,P0017,Furniture,East,Autumn,0,0,65,70.2,-5.2
2023-11-26,S003,P0017,Furniture,East,Autumn,1,0,98,88.5,9.5
2023-11-27,S003,P0017,Furniture,East,Autumn,0,0,78,72.3,5.7
2023-11-28,S003,P0017,Furniture,East,Autumn,0,0,74,67.7,6.3
2023-11-29,S003,P0017,Furniture,East,Autumn,0,0,84,83.0,1.0
2023-11-30,S003,P0017,Furniture,East,Autumn,0,0,60,54.1,5.9
2023-12-01,S003,P0017,Furniture,East,Winter,0,0,22,37.6,-15.6
2023-12-02,S003,P0017,Furniture,East,Winter,0,0,51,53.4,-2.4
2023-12-03,S003,P0017,Furniture,East,Winter,0,0,91,84.6,6.4
2023-12-04,S003,P0017,Furniture,East,Winter,0,0,77,71.2,5.8
2023-12-05,S003,P0017,Furniture,East,Winter,0,0,41,53.1,-12.1
2023-12-06,S003,P0017,Furniture,East,Winter,1,0,142,114.9,27.1
2023-12-07,S003,P0017,Furniture,East,Winter,0,0,34,45.4,-11.4
2023-12-08,S003,P0017,Furniture,East,Winter,1,0,110,94.9,15.1
2023-12-09,S003,P0017,Furniture,East,Winter,0,0,35,49.6,-14.6
2023-12-10,S003,P0017,Furniture,East,Winter,0,0,74,72.4,1.6
2023-12-11,S003,P0017,Furniture,East,Winter,1,0,61,68.5,-7.5
2023-12-12,S003,P0017,Furniture,East,Winter,1,0,117,98.2,18.8
2023-12-13,S003,P0017,Furniture,East,Winter,0,0,87,83.9,3.1
2023-12-14,S003,P0017,Furniture,East,Winter,0,0,88,83.4,4.6
2023-12-15,S003,P0017,Furniture,East,Winter,1,0,91,76.8,14.2
2023-12-16,S003,P0017,Furniture,East,Winter,1,0,68,71.5,-3.5
2023-12-17,S003,P0017,Furniture,East,Winter,0,0,74,70.2,3.8
2023-12-18,S003,P0017,Furniture,East,Winter,0,0,82,75.4,6.6
2023-12-19,S003,P0017,Furniture,East,Winter,0,0,59,54.8,4.2
2023-12-20,S003,P0017,Furniture,East,Winter,1,0,130,123.0,7.0
2023-12-21,S003,P0017,Furniture,East,Winter,0,0,103,77.4,25.6
2023-12-22,S003,P0017,Furniture,East,Winter,1,0,109,104.2,4.8
2023-12-23,S003,P0017,Furniture,East,Winter,0,0,91,80.1,10.9
2023-12-24,S003,P0017,Furniture,East,Winter,1,0,87,76.1,10.9
2023-12-25,S003,P0017,Furniture,East,Winter,0,0,65,56.9,8.1
2023-12-26,S003,P0017,Furniture,East,Winter,0,0,67,60.2,6.8
2023-12-27,S003,P0017,Furniture,East,Winter,1,1,52,50.8,1.2
2023-12-28,S003,P0017,Furniture,East,Winter,0,1,36,28.5,7.5
2023-12-29,S003,P0017,Furniture,East,Winter,0,1,43,29.8,13.2
2023-12-30,S003,P0017,Furniture,East,Winter,0,1,10,25.3,-15.3
2023-12-31,S003,P0017,Furniture,East,Winter,0,1,51,45.2,5.8
2024-01-01,S003,P0017,Furniture,East,Winter,0,1,16,32.7,-16.7
2024-01-02,S003,P0017,Furniture,East,Winter,0,1,27,31.4,-4.4
2024-01-03,S003,P0017,Furniture,East,Winter,0,1,27,32.2,-5.2
2024-01-04,S003,P0017,Furniture,East,Winter,0,1,13,31.1,-18.1
2024-01-05,S003,P0017,Furniture,East,Winter,1,1,15,44.2,-29.2
2024-01-06,S003,P0017,Furniture,East,Winter,0,1,34,32.0,2.0
2024-01-07,S003,P0017,Furniture,East,Winter,0,1,20,31.6,-11.6
2024-01-08,S003,P0017,Furniture,East,Winter,1,1,18,39.2,-21.2
2024-01-09,S003,P0017,Furniture,East,Winter,0,0,50,62.8,-12.8
2024-01-10,S003,P0017,Furniture,East,Winter,1,0,69,78.2,-9.2
2024-01-11,S003,P0017,Furniture,East,Winter,0,0,120,92.7,27.3
2024-01-12,S003,P0017,Furniture,East,Winter,0,0,94,83.2,10.8
2024-01-13,S003,P0017,Furniture,East,Winter,1,0,109,99.2,9.8
2024-01-14,S003,P0017,Furniture,East,Winter,0,0,65,62.1,2.9
2024-01-15,S003,P0017,Furniture,East,Winter,0,0,68,71.3,-3.3
2024-01-16,S003,P0017,Furniture,East,Winter,0,0,70,78.2,-8.2
2024-01-17,S003,P0017,Furniture,East,Winter,0,0,95,89.2,5.8
2024-01-18,S003,P0017,Furniture,East,Winter,0,0,87,74.3,12.7
2024-01-19,S003,P0017,Furniture,East,Winter,0,0,79,70.2,8.8
2024-01-20,S003,P0017,Furniture,East,Winter,1,0,101,88.1,12.9
2024-01-21,S003,P0017,Furniture,East,Winter,1,0,61,70.6,-9.6
2024-01-22,S003,P0017,Furniture,East,Winter,1,0,129,112.7,16.3
2024-01-23,S003,P0017,Furniture,East,Winter,0,0,101,87.0,14.0
2024-01-24,S003,P0017,Furniture,East,Winter,1,0,79,80.3,-1.3
2024-01-25,S003,P0017,Furniture,East,Winter,0,0,64,61.4,2.6
2024-01-26,S003,P0017,Furniture,East,Winter,0,0,118,99.6,18.4
2024-01-27,S003,P0017,Furniture,East,Winter,1,0,117,95.7,21.3
2024-01-28,S003,P0017,Furniture,East,Winter,1,0,131,104.5,26.5
2024-01-29,S003,P0017,Furniture,East,Winter,0,0,77,72.4,4.5
2024-01-30,S003,P0017,Furniture,East,Winter,0,0,118,90.0,28.0
2023-09-07,S003,P0018,Furniture,East,Autumn,0,0,39,53.6,-14.6
2023-09-08,S003,P0018,Furniture,East,Autumn,1,0,92,100.2,-8.2
2023-09-09,S003,P0018,Furniture,East,Autumn,0,0,80,76.7,3.3
2023-09-10,S003,P0018,Furniture,East,Autumn,0,0,58,65.7,-7.7
2023-09-11,S003,P0018,Furniture,East,Autumn,0,0,62,66.1,-4.1
2023-09-12,S003,P0018,Furniture,East,Autumn,0,0,78,80.3,-2.3
2023-09-13,S003,P0018,Furniture,East,Autumn,0,0,78,76.8,1.2
2023-09-14,S003,P0018,Furniture,East,Autumn,1,0,64,79.0,-15.0
2023-09-15,S003,P0018,Furniture,East,Autumn,0,0,88,94.2,-6.2
2023-09-16,S003,P0018,Furniture,East,Autumn,1,0,12,57.0,-45.0
2023-09-17,S003,P0018,Furniture,East,Autumn,1,0,127,115.0,12.0
2023-09-18,S003,P0018,Furniture,East,Autumn,0,0,68,66.4,1.5
2023-09-19,S003,P0018,Furniture,East,Autumn,0,0,64,70.6,-6.6
2023-09-20,S003,P0018,Furniture,East,Autumn,0,0,85,81.6,3.4
2023-09-21,S003,P0018,Furniture,East,Autumn,0,0,142,112.2,29.8
2023-09-22,S003,P0018,Furniture,East,Autumn,1,0,110,105.6,4.5
2023-09-23,S003,P0018,Furniture,East,Autumn,1,0,147,129.4,17.6
2023-09-24,S003,P0018,Furniture,East,Autumn,1,0,76,84.9,-8.9
2023-09-25,S003,P0018,Furniture,East,Autumn,0,0,91,88.4,2.6
2023-09-26,S003,P0018,Furniture,East,Autumn,0,0,57,65.3,-8.3
2023-09-27,S003,P0018,Furniture,East,Autumn,0,0,74,88.3,-14.3
2023-09-28,S003,P0018,Furniture,East,Autumn,1,0,117,111.5,5.5
2023-09-29,S003,P0018,Furniture,East,Autumn,0,0,39,56.9,-17.9
2023-09-30,S003,P0018,Furniture,East,Autumn,0,0,94,100.6,-6.7
2023-10-01,S003,P0018,Furniture,East,Autumn,0,0,112,106.4,5.6
2023-10-02,S003,P0018,Furniture,East,Autumn,1,0,110,101.4,8.7
2023-10-03,S003,P0018,Furniture,East,Autumn,0,0,71,67.1,3.9
2023-10-04,S003,P0018,Furniture,East,Autumn,0,0,66,65.1,0.9
2023-10-05,S003,P0018,Furniture,East,Autumn,1,0,72,79.4,-7.4
2023-10-06,S003,P0018,Furniture,East,Autumn,0,0,104,95.1,8.9
2023-10-07,S003,P0018,Furniture,East,Autumn,1,1,74,56.4,17.6
2023-10-08,S003,P0018,Furniture,East,Autumn,1,1,43,47.0,-4.0
2023-10-09,S003,P0018,Furniture,East,Autumn,0,1,20,30.0,-10.0
2023-10-10,S003,P0018,Furniture,East,Autumn,0,1,65,38.2,26.8
2023-10-11,S003,P0018,Furniture,East,Autumn,0,1,63,39.2,23.8
2023-10-12,S003,P0018,Furniture,East,Autumn,1,1,73,55.0,18.0
2023-10-13,S003,P0018,Furniture,East,Autumn,1,1,35,34.7,0.3
2023-10-14,S003,P0018,Furniture,East,Autumn,0,1,59,38.5,20.5
2023-10-15,S003,P0018,Furniture,East,Autumn,1,1,34,40.7,-6.7
2023-10-16,S003,P0018,Furniture,East,Autumn,0,1,64,39.6,24.4
2023-10-17,S003,P0018,Furniture,East,Autumn,0,1,56,37.3,18.7
2023-10-18,S003,P0018,Furniture,East,Autumn,0,1,22,35.2,-13.2
2023-10-19,S003,P0018,Furniture,East,Autumn,1,1,69,47.9,21.1
2023-10-20,S003,P0018,Furniture,East,Autumn,1,1,33,47.3,-14.3
2023-10-21,S003,P0018,Furniture,East,Autumn,0,1,29,33.6,-4.6
2023-10-22,S003,P0018,Furniture,East,Autumn,0,1,70,39.4,30.6
2023-10-23,S003,P0018,Furniture,East,Autumn,0,1,25,32.1,-7.1
2023-10-24,S003,P0018,Furniture,East,Autumn,0,1,12,31.2,-19.2
2023-10-25,S003,P0018,Furniture,East,Autumn,0,0,89,85.1,3.9
2023-10-26,S003,P0018,Furniture,East,Autumn,0,0,92,86.2,5.8
2023-10-27,S003,P0018,Furniture,East,Autumn,0,0,95,83.5,11.5
2023-10-28,S003,P0018,Furniture,East,Autumn,1,0,85,90.0,-5.0
2023-10-29,S003,P0018,Furniture,East,Autumn,0,0,48,61.0,-13.0
2023-10-30,S003,P0018,Furniture,East,Autumn,0,0,38,57.8,-19.8
2023-10-31,S003,P0018,Furniture,East,Autumn,0,0,44,59.7,-15.7
2023-11-01,S003,P0018,Furniture,East,Autumn,0,0,96,78.2,17.8
2023-11-02,S003,P0018,Furniture,East,Autumn,1,0,127,114.7,12.3
2023-11-03,S003,P0018,Furniture,East,Autumn,1,0,27,69.0,-42.0
2023-11-04,S003,P0018,Furniture,East,Autumn,0,0,54,61.8,-7.9
2023-11-05,S003,P0018,Furniture,East,Autumn,1,0,75,86.2,-11.2
2023-11-06,S003,P0018,Furniture,East,Autumn,0,0,52,62.9,-10.9
2023-11-07,S003,P0018,Furniture,East,Autumn,0,0,73,68.7,4.3
2023-11-08,S003,P0018,Furniture,East,Autumn,1,0,108,104.1,3.9
2023-11-09,S003,P0018,Furniture,East,Autumn,1,0,81,88.0,-7.0
2023-11-10,S003,P0018,Furniture,East,Autumn,0,0,100,88.4,11.6
2023-11-11,S003,P0018,Furniture,East,Autumn,0,0,113,112.5,0.5
2023-11-12,S003,P0018,Furniture,East,Autumn,1,0,149,122.8,26.2
2023-11-13,S003,P0018,Furniture,East,Autumn,0,0,96,82.2,13.8
2023-11-14,S003,P0018,Furniture,East,Autumn,0,0,58,60.0,-2.0
2023-11-15,S003,P0018,Furniture,East,Autumn,1,0,146,134.8,11.2
2023-11-16,S003,P0018,Furniture,East,Autumn,0,0,82,91.3,-9.3
2023-11-17,S003,P0018,Furniture,East,Autumn,0,0,88,82.8,5.2
2023-11-18,S003,P0018,Furniture,East,Autumn,0,0,40,63.8,-23.8
2023-11-19,S003,P0018,Furniture,East,Autumn,1,0,81,102.8,-21.8
2023-11-20,S003,P0018,Furniture,East,Autumn,0,0,93,100.3,-7.3
2023-11-21,S003,P0018,Furniture,East,Autumn,0,0,70,72.6,-2.6
2023-11-22,S003,P0018,Furniture,East,Autumn,1,0,120,113.8,6.2
2023-11-23,S003,P0018,Furniture,East,Autumn,0,0,84,74.5,9.5
2023-11-24,S003,P0018,Furniture,East,Autumn,0,0,132,109.7,22.3
2023-11-25,S003,P0018,Furniture,East,Autumn,1,0,93,96.7,-3.7
2023-11-26,S003,P0018,Furniture,East,Autumn,0,0,73,78.3,-5.3
2023-11-27,S003,P0018,Furniture,East,Autumn,0,0,71,77.2,-6.2
2023-11-28,S003,P0018,Furniture,East,Autumn,0,0,67,70.4,-3.4
2023-11-29,S003,P0018,Furniture,East,Autumn,0,0,117,106.5,10.5
2023-11-30,S003,P0018,Furniture,East,Autumn,0,0,62,68.3,-6.3
2023-12-01,S003,P0018,Furniture,East,Winter,0,0,36,60.6,-24.5
2023-12-02,S003,P0018,Furniture,East,Winter,1,0,90,100.9,-10.9
2023-12-03,S003,P0018,Furniture,East,Winter,0,0,122,110.2,11.8
2023-12-04,S003,P0018,Furniture,East,Winter,0,0,54,66.7,-12.7
2023-12-05,S003,P0018,Furniture,East,Winter,1,0,92,94.8,-2.8
2023-12-06,S003,P0018,Furniture,East,Winter,0,0,97,85.9,11.1
2023-12-07,S003,P0018,Furniture,East,Winter,0,0,48,58.9,-10.9
2023-12-08,S003,P0018,Furniture,East,Winter,0,0,70,66.7,3.3
2023-12-09,S003,P0018,Furniture,East,Winter,0,0,56,66.0,-10.0
2023-12-10,S003,P0018,Furniture,East,Winter,1,0,104,108.7,-4.7
2023-12-11,S003,P0018,Furniture,East,Winter,0,0,78,69.0,9.0
2023-12-12,S003,P0018,Furniture,East,Winter,0,0,77,88.6,-11.6
2023-12-13,S003,P0018,Furniture,East,Winter,1,0,80,93.7,-13.7
2023-12-14,S003,P0018,Furniture,East,Winter,0,0,58,66.8,-8.8
2023-12-15,S003,P0018,Furniture,East,Winter,1,0,45,78.9,-33.9
2023-12-16,S003,P0018,Furniture,East,Winter,0,0,18,44.4,-26.4
2023-12-17,S003,P0018,Furniture,East,Winter,1,0,67,87.7,-20.7
2023-12-18,S003,P0018,Furniture,East,Winter,0,0,114,103.5,10.5
2023-12-19,S003,P0018,Furniture,East,Winter,1,0,120,110.6,9.5
2023-12-20,S003,P0018,Furniture,East,Winter,0,0,117,102.6,14.4
2023-12-21,S003,P0018,Furniture,East,Winter,1,0,101,104.7,-3.7
2023-12-22,S003,P0018,Furniture,East,Winter,0,0,82,73.3,8.7
2023-12-23,S003,P0018,Furniture,East,Winter,1,0,102,107.7,-5.7
2023-12-24,S003,P0018,Furniture,East,Winter,0,0,54,66.2,-12.2
2023-12-25,S003,P0018,Furniture,East,Winter,0,0,55,66.4,-11.4
2023-12-26,S003,P0018,Furniture,East,Winter,0,0,103,109.0,-6.0
2023-12-27,S003,P0018,Furniture,East,Winter,0,1,49,38.0,11.0
2023-12-28,S003,P0018,Furniture,East,Winter,1,1,40,38.9,1.1
2023-12-29,S003,P0018,Furniture,East,Winter,0,1,30,34.4,-4.4
2023-12-30,S003,P0018,Furniture,East,Winter,0,1,42,34.5,7.5
2023-12-31,S003,P0018,Furniture,East,Winter,0,1,15,38.3,-23.3
2024-01-01,S003,P0018,Furniture,East,Winter,1,1,26,38.9,-12.9
2024-01-02,S003,P0018,Furniture,East,Winter,0,1,21,31.8,-10.8
2024-01-03,S003,P0018,Furniture,East,Winter,0,1,50,37.6,12.4
2024-01-04,S003,P0018,Furniture,East,Winter,1,1,42,43.8,-1.8
2024-01-05,S003,P0018,Furniture,East,Winter,1,1,71,52.8,18.2
2024-01-06,S003,P0018,Furniture,East,Winter,0,1,45,32.6,12.4
2024-01-07,S003,P0018,Furniture,East,Winter,0,1,21,32.0,-11.0
2024-01-08,S003,P0018,Furniture,East,Winter,0,1,23,34.7,-11.7
2024-01-09,S003,P0018,Furniture,East,Winter,0,0,53,81.4,-28.4
2024-01-10,S003,P0018,Furniture,East,Winter,0,0,61,83.4,-22.4
2024-01-11,S003,P0018,Furniture,East,Winter,1,0,69,89.7,-20.7
2024-01-12,S003,P0018,Furniture,East,Winter,1,0,77,97.8,-20.8
2024-01-13,S003,P0018,Furniture,East,Winter,0,0,58,70.2,-12.2
2024-01-14,S003,P0018,Furniture,East,Winter,0,0,67,73.9,-6.9
2024-01-15,S003,P0018,Furniture,East,Winter,0,0,92,89.9,2.1
2024-01-16,S003,P0018,Furniture,East,Winter,0,0,49,59.8,-10.8
2024-01-17,S003,P0018,Furniture,East,Winter,0,0,40,52.9,-12.9
2024-01-18,S003,P0018,Furniture,East,Winter,0,0,73,67.9,5.1
2024-01-19,S003,P0018,Furniture,East,Winter,1,0,92,96.9,-4.9
2024-01-20,S003,P0018,Furniture,East,Winter,0,0,111,97.8,13.2
2024-01-21,S003,P0018,Furniture,East,Winter,0,0,68,70.3,-2.3
2024-01-22,S003,P0018,Furniture,East,Winter,1,0,102,114.4,-12.3
2024-01-23,S003,P0018,Furniture,East,Winter,0,0,100,91.2,8.8
2024-01-24,S003,P0018,Furniture,East,Winter,0,0,59,63.4,-4.5
2024-01-25,S003,P0018,Furniture,East,Winter,0,0,102,91.1,10.9
2024-01-26,S003,P0018,Furniture,East,Winter,1,0,114,103.3,10.7
2024-01-27,S003,P0018,Furniture,East,Winter,1,0,16,66.2,-50.2
2024-01-28,S003,P0018,Furniture,East,Winter,1,0,97,108.4,-11.4
2024-01-29,S003,P0018,Furniture,East,Winter,0,0,79,75.2,3.8
2024-01-30,S003,P0018,Furniture,East,Winter,0,0,90,92.4,-2.3
2023-09-07,S003,P0019,Groceries,East,Autumn,1,0,176,134.5,41.5
2023-09-08,S003,P0019,Groceries,East,Autumn,0,0,91,95.8,-4.8
2023-09-09,S003,P0019,Groceries,East,Autumn,0,0,127,102.3,24.7
2023-09-10,S003,P0019,Groceries,East,Autumn,0,0,137,119.8,17.2
2023-09-11,S003,P0019,Groceries,East,Autumn,0,0,104,104.5,-0.5
2023-09-12,S003,P0019,Groceries,East,Autumn,0,0,4,92.9,-88.9
2023-09-13,S003,P0019,Groceries,East,Autumn,0,0,205,133.3,71.7
2023-09-14,S003,P0019,Groceries,East,Autumn,1,0,77,133.0,-56.0
2023-09-15,S003,P0019,Groceries,East,Autumn,0,0,153,125.4,27.6
2023-09-16,S003,P0019,Groceries,East,Autumn,0,0,189,132.0,57.0
2023-09-17,S003,P0019,Groceries,East,Autumn,0,0,140,101.9,38.1
2023-09-18,S003,P0019,Groceries,East,Autumn,0,0,107,106.9,0.1
2023-09-19,S003,P0019,Groceries,East,Autumn,1,0,116,127.2,-11.2
2023-09-20,S003,P0019,Groceries,East,Autumn,1,0,152,126.8,25.2
2023-09-21,S003,P0019,Groceries,East,Autumn,0,0,98,115.2,-17.2
2023-09-22,S003,P0019,Groceries,East,Autumn,1,0,219,165.9,53.1
2023-09-23,S003,P0019,Groceries,East,Autumn,1,0,133,133.5,-0.5
2023-09-24,S003,P0019,Groceries,East,Autumn,0,0,182,112.8,69.2
2023-09-25,S003,P0019,Groceries,East,Autumn,0,0,160,130.5,29.5
2023-09-26,S003,P0019,Groceries,East,Autumn,0,0,85,87.7,-2.7
2023-09-27,S003,P0019,Groceries,East,Autumn,0,0,90,93.5,-3.5
2023-09-28,S003,P0019,Groceries,East,Autumn,1,0,127,132.4,-5.4
2023-09-29,S003,P0019,Groceries,East,Autumn,0,0,65,88.8,-23.8
2023-09-30,S003,P0019,Groceries,East,Autumn,0,0,173,136.6,36.4
2023-10-01,S003,P0019,Groceries,East,Autumn,0,0,185,133.2,51.8
2023-10-02,S003,P0019,Groceries,East,Autumn,0,0,91,89.3,1.7
2023-10-03,S003,P0019,Groceries,East,Autumn,0,0,113,113.1,-0.1
2023-10-04,S003,P0019,Groceries,East,Autumn,0,0,166,118.0,48.0
2023-10-05,S003,P0019,Groceries,East,Autumn,0,0,82,87.9,-5.9
2023-10-06,S003,P0019,Groceries,East,Autumn,0,0,103,99.9,3.1
2023-10-07,S003,P0019,Groceries,East,Autumn,1,1,134,113.8,20.2
2023-10-08,S003,P0019,Groceries,East,Autumn,1,1,84,98.1,-14.1
2023-10-09,S003,P0019,Groceries,East,Autumn,1,1,103,108.1,-5.1
2023-10-10,S003,P0019,Groceries,East,Autumn,0,1,54,76.0,-22.0
2023-10-11,S003,P0019,Groceries,East,Autumn,0,1,111,92.1,18.9
2023-10-12,S003,P0019,Groceries,East,Autumn,1,1,78,102.1,-24.1
2023-10-13,S003,P0019,Groceries,East,Autumn,1,1,171,113.4,57.6
2023-10-14,S003,P0019,Groceries,East,Autumn,0,1,64,79.0,-15.0
2023-10-15,S003,P0019,Groceries,East,Autumn,0,1,57,80.4,-23.4
2023-10-16,S003,P0019,Groceries,East,Autumn,0,1,67,82.8,-15.8
2023-10-17,S003,P0019,Groceries,East,Autumn,1,1,103,94.6,8.3
2023-10-18,S003,P0019,Groceries,East,Autumn,0,1,54,78.8,-24.8
2023-10-19,S003,P0019,Groceries,East,Autumn,1,1,62,91.3,-29.3
2023-10-20,S003,P0019,Groceries,East,Autumn,0,1,61,79.1,-18.1
2023-10-21,S003,P0019,Groceries,East,Autumn,1,1,83,95.2,-12.2
2023-10-22,S003,P0019,Groceries,East,Autumn,0,1,84,87.5,-3.5
2023-10-23,S003,P0019,Groceries,East,Autumn,0,1,87,89.4,-2.4
2023-10-24,S003,P0019,Groceries,East,Autumn,0,1,64,80.6,-16.6
2023-10-25,S003,P0019,Groceries,East,Autumn,0,0,176,112.0,64.0
2023-10-26,S003,P0019,Groceries,East,Autumn,1,0,82,154.4,-72.4
2023-10-27,S003,P0019,Groceries,East,Autumn,0,0,81,114.8,-33.8
2023-10-28,S003,P0019,Groceries,East,Autumn,1,0,60,124.8,-64.8
2023-10-29,S003,P0019,Groceries,East,Autumn,0,0,123,118.0,5.0
2023-10-30,S003,P0019,Groceries,East,Autumn,0,0,151,122.3,28.7
2023-10-31,S003,P0019,Groceries,East,Autumn,0,0,68,116.0,-48.0
2023-11-01,S003,P0019,Groceries,East,Autumn,1,0,156,133.6,22.4
2023-11-02,S003,P0019,Groceries,East,Autumn,1,0,126,150.3,-24.3
2023-11-03,S003,P0019,Groceries,East,Autumn,0,0,69,96.3,-27.3
2023-11-04,S003,P0019,Groceries,East,Autumn,1,0,186,169.5,16.5
2023-11-05,S003,P0019,Groceries,East,Autumn,0,0,79,92.1,-13.1
2023-11-06,S003,P0019,Groceries,East,Autumn,0,0,137,125.2,11.8
2023-11-07,S003,P0019,Groceries,East,Autumn,0,0,100,98.6,1.4
2023-11-08,S003,P0019,Groceries,East,Autumn,0,0,137,119.2,17.8
2023-11-09,S003,P0019,Groceries,East,Autumn,0,0,117,99.2,17.8
2023-11-10,S003,P0019,Groceries,East,Autumn,1,0,158,129.7,28.3
2023-11-11,S003,P0019,Groceries,East,Autumn,0,0,116,121.7,-5.7
2023-11-12,S003,P0019,Groceries,East,Autumn,0,0,132,127.1,4.9
2023-11-13,S003,P0019,Groceries,East,Autumn,0,0,92,97.1,-5.1
2023-11-14,S003,P0019,Groceries,East,Autumn,0,0,59,89.7,-30.7
2023-11-15,S003,P0019,Groceries,East,Autumn,1,0,94,142.1,-48.1
2023-11-16,S003,P0019,Groceries,East,Autumn,0,0,131,101.5,29.5
2023-11-17,S003,P0019,Groceries,East,Autumn,0,0,123,100.4,22.7
2023-11-18,S003,P0019,Groceries,East,Autumn,1,0,146,148.5,-2.5
2023-11-19,S003,P0019,Groceries,East,Autumn,0,0,69,120.5,-51.5
2023-11-20,S003,P0019,Groceries,East,Autumn,0,0,85,97.0,-12.0
2023-11-21,S003,P0019,Groceries,East,Autumn,1,0,129,131.2,-2.2
2023-11-22,S003,P0019,Groceries,East,Autumn,1,0,172,151.2,20.8
2023-11-23,S003,P0019,Groceries,East,Autumn,0,0,101,93.4,7.6
2023-11-24,S003,P0019,Groceries,East,Autumn,0,0,95,101.4,-6.3
2023-11-25,S003,P0019,Groceries,East,Autumn,0,0,146,123.5,22.5
2023-11-26,S003,P0019,Groceries,East,Autumn,1,0,158,133.2,24.8
2023-11-27,S003,P0019,Groceries,East,Autumn,1,0,82,131.2,-49.2
2023-11-28,S003,P0019,Groceries,East,Autumn,0,0,176,116.8,59.2
2023-11-29,S003,P0019,Groceries,East,Autumn,0,0,122,123.2,-1.2
2023-11-30,S003,P0019,Groceries,East,Autumn,0,0,80,92.1,-12.1
2023-12-01,S003,P0019,Groceries,East,Winter,0,0,108,100.9,7.1
2023-12-02,S003,P0019,Groceries,East,Winter,1,0,221,143.7,77.3
2023-12-03,S003,P0019,Groceries,East,Winter,1,0,166,147.6,18.4
2023-12-04,S003,P0019,Groceries,East,Winter,0,0,163,131.4,31.6
2023-12-05,S003,P0019,Groceries,East,Winter,0,0,121,110.6,10.4
2023-12-06,S003,P0019,Groceries,East,Winter,1,0,174,164.8,9.2
2023-12-07,S003,P0019,Groceries,East,Winter,0,0,143,117.0,26.0
2023-12-08,S003,P0019,Groceries,East,Winter,0,0,106,91.6,14.4
2023-12-09,S003,P0019,Groceries,East,Winter,0,0,67,87.7,-20.7
2023-12-10,S003,P0019,Groceries,East,Winter,0,0,107,87.5,19.5
2023-12-11,S003,P0019,Groceries,East,Winter,0,0,122,91.4,30.6
2023-12-12,S003,P0019,Groceries,East,Winter,1,0,77,131.9,-54.9
2023-12-13,S003,P0019,Groceries,East,Winter,1,0,153,164.6,-11.6
2023-12-14,S003,P0019,Groceries,East,Winter,0,0,112,104.2,7.8
2023-12-15,S003,P0019,Groceries,East,Winter,0,0,54,93.1,-39.1
2023-12-16,S003,P0019,Groceries,East,Winter,0,0,94,92.4,1.7
2023-12-17,S003,P0019,Groceries,East,Winter,1,0,127,132.2,-5.2
2023-12-18,S003,P0019,Groceries,East,Winter,1,0,19,152.8,-133.8
2023-12-19,S003,P0019,Groceries,East,Winter,0,0,93,90.0,3.0
2023-12-20,S003,P0019,Groceries,East,Winter,0,0,65,111.7,-46.7
2023-12-21,S003,P0019,Groceries,East,Winter,1,0,190,151.0,39.0
2023-12-22,S003,P0019,Groceries,East,Winter,0,0,123,87.8,35.2
2023-12-23,S003,P0019,Groceries,East,Winter,1,0,196,139.8,56.2
2023-12-24,S003,P0019,Groceries,East,Winter,0,0,83,96.0,-13.0
2023-12-25,S003,P0019,Groceries,East,Winter,0,0,115,101.8,13.2
2023-12-26,S003,P0019,Groceries,East,Winter,0,0,126,113.5,12.5
2023-12-27,S003,P0019,Groceries,East,Winter,1,1,91,106.7,-15.7
2023-12-28,S003,P0019,Groceries,East,Winter,0,1,88,82.2,5.8
2023-12-29,S003,P0019,Groceries,East,Winter,0,1,69,73.3,-4.3
2023-12-30,S003,P0019,Groceries,East,Winter,0,1,53,81.9,-28.9
2023-12-31,S003,P0019,Groceries,East,Winter,0,1,135,111.7,23.3
2024-01-01,S003,P0019,Groceries,East,Winter,0,1,99,90.7,8.3
2024-01-02,S003,P0019,Groceries,East,Winter,0,1,29,70.6,-41.6
2024-01-03,S003,P0019,Groceries,East,Winter,0,1,93,74.2,18.8
2024-01-04,S003,P0019,Groceries,East,Winter,0,1,45,63.3,-18.3
2024-01-05,S003,P0019,Groceries,East,Winter,1,1,94,109.5,-15.5
2024-01-06,S003,P0019,Groceries,East,Winter,0,1,84,67.4,16.6
2024-01-07,S003,P0019,Groceries,East,Winter,1,1,86,85.7,0.3
2024-01-08,S003,P0019,Groceries,East,Winter,1,1,82,87.0,-5.0
2024-01-09,S003,P0019,Groceries,East,Winter,1,0,140,125.9,14.1
2024-01-10,S003,P0019,Groceries,East,Winter,0,0,104,103.4,0.7
2024-01-11,S003,P0019,Groceries,East,Winter,0,0,185,114.0,71.0
2024-01-12,S003,P0019,Groceries,East,Winter,0,0,150,130.8,19.2
2024-01-13,S003,P0019,Groceries,East,Winter,1,0,117,137.4,-20.4
2024-01-14,S003,P0019,Groceries,East,Winter,0,0,85,94.2,-9.2
2024-01-15,S003,P0019,Groceries,East,Winter,0,0,128,119.8,8.2
2024-01-16,S003,P0019,Groceries,East,Winter,0,0,114,100.0,14.0
2024-01-17,S003,P0019,Groceries,East,Winter,0,0,128,102.7,25.3
2024-01-18,S003,P0019,Groceries,East,Winter,1,0,156,142.8,13.2
2024-01-19,S003,P0019,Groceries,East,Winter,0,0,151,126.2,24.8
2024-01-20,S003,P0019,Groceries,East,Winter,0,0,147,130.9,16.1
2024-01-21,S003,P0019,Groceries,East,Winter,0,0,107,92.4,14.6
2024-01-22,S003,P0019,Groceries,East,Winter,1,0,184,143.8,40.2
2024-01-23,S003,P0019,Groceries,East,Winter,0,0,103,93.6,9.4
2024-01-24,S003,P0019,Groceries,East,Winter,1,0,128,131.3,-3.3
2024-01-25,S003,P0019,Groceries,East,Winter,1,0,154,157.3,-3.3
2024-01-26,S003,P0019,Groceries,East,Winter,1,0,114,132.2,-18.2
2024-01-27,S003,P0019,Groceries,East,Winter,0,0,66,86.8,-20.8
2024-01-28,S003,P0019,Groceries,East,Winter,0,0,188,129.2,58.8
2024-01-29,S003,P0019,Groceries,East,Winter,0,0,81,87.4,-6.4
2024-01-30,S003,P0019,Groceries,East,Winter,0,0,132,125.3,6.7
2023-09-07,S003,P0020,Clothing,East,Autumn,1,0,122,122.4,-0.4
2023-09-08,S003,P0020,Clothing,East,Autumn,0,0,49,82.5,-33.5
2023-09-09,S003,P0020,Clothing,East,Autumn,1,0,96,101.3,-5.3
2023-09-10,S003,P0020,Clothing,East,Autumn,1,0,84,119.1,-35.1
2023-09-11,S003,P0020,Clothing,East,Autumn,0,0,95,88.3,6.7
2023-09-12,S003,P0020,Clothing,East,Autumn,0,0,72,85.2,-13.2
2023-09-13,S003,P0020,Clothing,East,Autumn,1,0,96,132.7,-36.7
2023-09-14,S003,P0020,Clothing,East,Autumn,0,0,103,91.6,11.4
2023-09-15,S003,P0020,Clothing,East,Autumn,1,0,128,122.3,5.7
2023-09-16,S003,P0020,Clothing,East,Autumn,0,0,103,107.5,-4.5
2023-09-17,S003,P0020,Clothing,East,Autumn,0,0,79,94.8,-15.8
2023-09-18,S003,P0020,Clothing,East,Autumn,0,0,105,88.2,16.8
2023-09-19,S003,P0020,Clothing,East,Autumn,0,0,91,92.2,-1.2
2023-09-20,S003,P0020,Clothing,East,Autumn,1,0,105,115.2,-10.2
2023-09-21,S003,P0020,Clothing,East,Autumn,0,0,77,97.4,-20.4
2023-09-22,S003,P0020,Clothing,East,Autumn,1,0,81,131.6,-50.6
2023-09-23,S003,P0020,Clothing,East,Autumn,0,0,82,91.4,-9.4
2023-09-24,S003,P0020,Clothing,East,Autumn,1,0,148,116.3,31.7
2023-09-25,S003,P0020,Clothing,East,Autumn,1,0,102,123.2,-21.2
2023-09-26,S003,P0020,Clothing,East,Autumn,0,0,90,91.9,-1.9
2023-09-27,S003,P0020,Clothing,East,Autumn,0,0,94,85.1,8.9
2023-09-28,S003,P0020,Clothing,East,Autumn,0,0,42,89.3,-47.3
2023-09-29,S003,P0020,Clothing,East,Autumn,0,0,28,79.8,-51.8
2023-09-30,S003,P0020,Clothing,East,Autumn,0,0,161,101.4,59.6
2023-10-01,S003,P0020,Clothing,East,Autumn,0,0,106,106.1,-0.1
2023-10-02,S003,P0020,Clothing,East,Autumn,0,0,93,88.6,4.4
2023-10-03,S003,P0020,Clothing,East,Autumn,0,0,84,86.1,-2.1
2023-10-04,S003,P0020,Clothing,East,Autumn,0,0,103,96.4,6.6
2023-10-05,S003,P0020,Clothing,East,Autumn,1,0,53,112.9,-59.9
2023-10-06,S003,P0020,Clothing,East,Autumn,1,0,67,114.1,-47.1
2023-10-07,S003,P0020,Clothing,East,Autumn,0,1,138,95.2,42.8
2023-10-08,S003,P0020,Clothing,East,Autumn,0,1,79,90.1,-11.1
2023-10-09,S003,P0020,Clothing,East,Autumn,0,1,92,89.1,2.9
2023-10-10,S003,P0020,Clothing,East,Autumn,0,1,73,91.1,-18.1
2023-10-11,S003,P0020,Clothing,East,Autumn,0,1,71,98.2,-27.2
2023-10-12,S003,P0020,Clothing,East,Autumn,0,1,112,84.6,27.4
2023-10-13,S003,P0020,Clothing,East,Autumn,1,1,140,122.3,17.7
2023-10-14,S003,P0020,Clothing,East,Autumn,0,1,68,84.6,-16.6
2023-10-15,S003,P0020,Clothing,East,Autumn,0,1,94,92.4,1.6
2023-10-16,S003,P0020,Clothing,East,Autumn,1,1,194,120.3,73.7
2023-10-17,S003,P0020,Clothing,East,Autumn,0,1,114,103.5,10.5
2023-10-18,S003,P0020,Clothing,East,Autumn,1,1,69,105.2,-36.2
2023-10-19,S003,P0020,Clothing,East,Autumn,0,1,139,100.3,38.7
2023-10-20,S003,P0020,Clothing,East,Autumn,0,1,64,85.6,-21.6
2023-10-21,S003,P0020,Clothing,East,Autumn,1,1,102,129.8,-27.8
2023-10-22,S003,P0020,Clothing,East,Autumn,0,1,57,83.0,-26.0
2023-10-23,S003,P0020,Clothing,East,Autumn,1,1,155,118.9,36.1
2023-10-24,S003,P0020,Clothing,East,Autumn,0,1,109,88.5,20.5
2023-10-25,S003,P0020,Clothing,East,Autumn,1,0,59,106.1,-47.1
2023-10-26,S003,P0020,Clothing,East,Autumn,1,0,159,133.3,25.7
2023-10-27,S003,P0020,Clothing,East,Autumn,1,0,109,135.2,-26.2
2023-10-28,S003,P0020,Clothing,East,Autumn,0,0,78,91.2,-13.2
2023-10-29,S003,P0020,Clothing,East,Autumn,0,0,94,95.6,-1.6
2023-10-30,S003,P0020,Clothing,East,Autumn,0,0,117,95.9,21.1
2023-10-31,S003,P0020,Clothing,East,Autumn,0,0,116,107.3,8.7
2023-11-01,S003,P0020,Clothing,East,Autumn,0,0,128,88.6,39.4
2023-11-02,S003,P0020,Clothing,East,Autumn,1,0,108,125.4,-17.3
2023-11-03,S003,P0020,Clothing,East,Autumn,1,0,121,133.7,-12.7
2023-11-04,S003,P0020,Clothing,East,Autumn,0,0,71,94.8,-23.8
2023-11-05,S003,P0020,Clothing,East,Autumn,0,0,110,97.2,12.8
2023-11-06,S003,P0020,Clothing,East,Autumn,0,0,98,87.3,10.7
2023-11-07,S003,P0020,Clothing,East,Autumn,0,0,122,97.2,24.8
2023-11-08,S003,P0020,Clothing,East,Autumn,0,0,81,91.5,-10.5
2023-11-09,S003,P0020,Clothing,East,Autumn,0,0,94,86.6,7.4
2023-11-10,S003,P0020,Clothing,East,Autumn,1,0,124,121.6,2.4
2023-11-11,S003,P0020,Clothing,East,Autumn,0,0,96,106.8,-10.8
2023-11-12,S003,P0020,Clothing,East,Autumn,0,0,120,106.6,13.4
2023-11-13,S003,P0020,Clothing,East,Autumn,0,0,103,93.1,9.9
2023-11-14,S003,P0020,Clothing,East,Autumn,0,0,94,93.0,1.0
2023-11-15,S003,P0020,Clothing,East,Autumn,1,0,142,141.8,0.2
2023-11-16,S003,P0020,Clothing,East,Autumn,0,0,97,95.0,2.0
2023-11-17,S003,P0020,Clothing,East,Autumn,1,0,174,142.7,31.3
2023-11-18,S003,P0020,Clothing,East,Autumn,0,0,128,108.3,19.7
2023-11-19,S003,P0020,Clothing,East,Autumn,0,0,67,101.1,-34.1
2023-11-20,S003,P0020,Clothing,East,Autumn,0,0,76,85.6,-9.6
2023-11-21,S003,P0020,Clothing,East,Autumn,1,0,76,119.1,-43.1
2023-11-22,S003,P0020,Clothing,East,Autumn,0,0,99,106.8,-7.8
2023-11-23,S003,P0020,Clothing,East,Autumn,0,0,62,83.9,-21.9
2023-11-24,S003,P0020,Clothing,East,Autumn,0,0,58,94.3,-36.3
2023-11-25,S003,P0020,Clothing,East,Autumn,1,0,91,107.0,-16.0
2023-11-26,S003,P0020,Clothing,East,Autumn,1,0,114,106.8,7.2
2023-11-27,S003,P0020,Clothing,East,Autumn,1,0,84,108.6,-24.6
2023-11-28,S003,P0020,Clothing,East,Autumn,1,0,110,109.1,0.9
2023-11-29,S003,P0020,Clothing,East,Autumn,0,0,95,100.9,-5.9
2023-11-30,S003,P0020,Clothing,East,Autumn,0,0,116,94.4,21.5
2023-12-01,S003,P0020,Clothing,East,Winter,0,0,144,96.7,47.3
2023-12-02,S003,P0020,Clothing,East,Winter,1,0,146,124.8,21.2
2023-12-03,S003,P0020,Clothing,East,Winter,0,0,121,109.1,11.9
2023-12-04,S003,P0020,Clothing,East,Winter,1,0,203,146.0,57.0
2023-12-05,S003,P0020,Clothing,East,Winter,1,0,128,122.8,5.2
2023-12-06,S003,P0020,Clothing,East,Winter,1,0,182,151.8,30.2
2023-12-07,S003,P0020,Clothing,East,Winter,0,0,175,110.9,64.1
2023-12-08,S003,P0020,Clothing,East,Winter,1,0,146,137.5,8.5
2023-12-09,S003,P0020,Clothing,East,Winter,1,0,106,141.4,-35.4
2023-12-10,S003,P0020,Clothing,East,Winter,0,0,60,108.3,-48.3
2023-12-11,S003,P0020,Clothing,East,Winter,1,0,106,127.6,-21.7
2023-12-12,S003,P0020,Clothing,East,Winter,0,0,109,104.9,4.1
2023-12-13,S003,P0020,Clothing,East,Winter,0,0,199,125.7,73.3
2023-12-14,S003,P0020,Clothing,East,Winter,0,0,118,107.4,10.7
2023-12-15,S003,P0020,Clothing,East,Winter,0,0,172,106.4,65.6
2023-12-16,S003,P0020,Clothing,East,Winter,0,0,144,106.2,37.8
2023-12-17,S003,P0020,Clothing,East,Winter,0,0,142,108.2,33.8
2023-12-18,S003,P0020,Clothing,East,Winter,1,0,295,173.9,121.1
2023-12-19,S003,P0020,Clothing,East,Winter,0,0,119,122.2,-3.2
2023-12-20,S003,P0020,Clothing,East,Winter,0,0,95,129.4,-34.4
2023-12-21,S003,P0020,Clothing,East,Winter,0,0,148,127.1,20.9
2023-12-22,S003,P0020,Clothing,East,Winter,1,0,161,151.0,10.0
2023-12-23,S003,P0020,Clothing,East,Winter,1,0,223,143.8,79.2
2023-12-24,S003,P0020,Clothing,East,Winter,0,0,147,130.1,16.9
2023-12-25,S003,P0020,Clothing,East,Winter,0,0,111,120.6,-9.6
2023-12-26,S003,P0020,Clothing,East,Winter,0,0,119,132.5,-13.5
2023-12-27,S003,P0020,Clothing,East,Winter,0,1,155,111.0,44.0
2023-12-28,S003,P0020,Clothing,East,Winter,0,1,172,112.0,60.0
2023-12-29,S003,P0020,Clothing,East,Winter,0,1,122,108.6,13.3
2023-12-30,S003,P0020,Clothing,East,Winter,0,1,204,123.2,80.8
2023-12-31,S003,P0020,Clothing,East,Winter,0,1,106,136.8,-30.8
2024-01-01,S003,P0020,Clothing,East,Winter,0,1,56,99.3,-43.3
2024-01-02,S003,P0020,Clothing,East,Winter,1,1,122,127.0,-5.0
2024-01-03,S003,P0020,Clothing,East,Winter,0,1,58,102.4,-44.4
2024-01-04,S003,P0020,Clothing,East,Winter,0,1,116,112.8,3.2
2024-01-05,S003,P0020,Clothing,East,Winter,1,1,248,157.8,90.2
2024-01-06,S003,P0020,Clothing,East,Winter,1,1,98,137.2,-39.2
2024-01-07,S003,P0020,Clothing,East,Winter,0,1,102,106.5,-4.5
2024-01-08,S003,P0020,Clothing,East,Winter,1,1,119,144.3,-25.3
2024-01-09,S003,P0020,Clothing,East,Winter,0,0,71,115.5,-44.5
2024-01-10,S003,P0020,Clothing,East,Winter,0,0,109,112.5,-3.5
2024-01-11,S003,P0020,Clothing,East,Winter,0,0,181,130.2,50.8
2024-01-12,S003,P0020,Clothing,East,Winter,0,0,127,126.7,0.3
2024-01-13,S003,P0020,Clothing,East,Winter,0,0,125,109.9,15.1
2024-01-14,S003,P0020,Clothing,East,Winter,1,0,214,158.5,55.5
2024-01-15,S003,P0020,Clothing,East,Winter,0,0,126,130.8,-4.8
2024-01-16,S003,P0020,Clothing,East,Winter,0,0,104,109.5,-5.5
2024-01-17,S003,P0020,Clothing,East,Winter,0,0,77,106.1,-29.1
2024-01-18,S003,P0020,Clothing,East,Winter,1,0,139,145.6,-6.6
2024-01-19,S003,P0020,Clothing,East,Winter,0,0,75,127.9,-52.9
2024-01-20,S003,P0020,Clothing,East,Winter,0,0,98,123.4,-25.4
2024-01-21,S003,P0020,Clothing,East,Winter,1,0,97,125.9,-28.9
2024-01-22,S003,P0020,Clothing,East,Winter,1,0,119,147.5,-28.5
2024-01-23,S003,P0020,Clothing,East,Winter,0,0,142,106.4,35.6
2024-01-24,S003,P0020,Clothing,East,Winter,1,0,115,127.8,-12.8
2024-01-25,S003,P0020,Clothing,East,Winter,0,0,158,116.0,42.0
2024-01-26,S003,P0020,Clothing,East,Winter,0,0,69,94.4,-25.4
2024-01-27,S003,P0020,Clothing,East,Winter,0,0,114,100.4,13.6
2024-01-28,S003,P0020,Clothing,East,Winter,1,0,161,147.0,14.0
2024-01-29,S003,P0020,Clothing,East,Winter,0,0,109,104.1,4.9
2024-01-30,S003,P0020,Clothing,East,Winter,0,0,96,120.8,-24.8
2023-09-07,S004,P0001,Groceries,West,Autumn,0,0,84,94.3,-10.3
2023-09-08,S004,P0001,Groceries,West,Autumn,0,0,44,92.3,-48.3
2023-09-09,S004,P0001,Groceries,West,Autumn,0,0,79,104.4,-25.4
2023-09-10,S004,P0001,Groceries,West,Autumn,0,0,90,97.4,-7.4
2023-09-11,S004,P0001,Groceries,West,Autumn,1,0,181,148.1,32.9
2023-09-12,S004,P0001,Groceries,West,Autumn,0,0,128,96.4,31.6
2023-09-13,S004,P0001,Groceries,West,Autumn,1,0,107,121.4,-14.4
2023-09-14,S004,P0001,Groceries,West,Autumn,1,0,167,154.3,12.7
2023-09-15,S004,P0001,Groceries,West,Autumn,1,0,118,132.8,-14.8
2023-09-16,S004,P0001,Groceries,West,Autumn,0,0,71,96.1,-25.1
2023-09-17,S004,P0001,Groceries,West,Autumn,0,0,135,107.2,27.8
2023-09-18,S004,P0001,Groceries,West,Autumn,1,0,161,120.2,40.8
2023-09-19,S004,P0001,Groceries,West,Autumn,1,0,113,127.5,-14.5
2023-09-20,S004,P0001,Groceries,West,Autumn,0,0,186,100.8,85.2
2023-09-21,S004,P0001,Groceries,West,Autumn,0,0,173,102.6,70.4
2023-09-22,S004,P0001,Groceries,West,Autumn,0,0,137,102.5,34.5
2023-09-23,S004,P0001,Groceries,West,Autumn,0,0,89,99.3,-10.3
2023-09-24,S004,P0001,Groceries,West,Autumn,1,0,177,118.4,58.6
2023-09-25,S004,P0001,Groceries,West,Autumn,0,0,153,102.6,50.4
2023-09-26,S004,P0001,Groceries,West,Autumn,0,0,94,97.4,-3.4
2023-09-27,S004,P0001,Groceries,West,Autumn,0,0,79,96.4,-17.4
2023-09-28,S004,P0001,Groceries,West,Autumn,1,0,73,148.6,-75.6
2023-09-29,S004,P0001,Groceries,West,Autumn,0,0,176,108.5,67.5
2023-09-30,S004,P0001,Groceries,West,Autumn,0,0,97,98.0,-1.0
2023-10-01,S004,P0001,Groceries,West,Autumn,1,0,239,155.1,83.9
2023-10-02,S004,P0001,Groceries,West,Autumn,1,0,152,127.8,24.2
2023-10-03,S004,P0001,Groceries,West,Autumn,0,0,74,96.1,-22.1
2023-10-04,S004,P0001,Groceries,West,Autumn,0,0,106,97.3,8.7
2023-10-05,S004,P0001,Groceries,West,Autumn,0,0,219,107.5,111.5
2023-10-06,S004,P0001,Groceries,West,Autumn,0,0,54,107.7,-53.7
2023-10-07,S004,P0001,Groceries,West,Autumn,0,1,70,73.5,-3.5
2023-10-08,S004,P0001,Groceries,West,Autumn,0,1,62,72.0,-10.0
2023-10-09,S004,P0001,Groceries,West,Autumn,1,1,83,102.3,-19.3
2023-10-10,S004,P0001,Groceries,West,Autumn,0,1,45,71.1,-26.1
2023-10-11,S004,P0001,Groceries,West,Autumn,0,1,108,73.4,34.6
2023-10-12,S004,P0001,Groceries,West,Autumn,1,1,146,89.9,56.1
2023-10-13,S004,P0001,Groceries,West,Autumn,0,1,86,74.8,11.2
2023-10-14,S004,P0001,Groceries,West,Autumn,0,1,130,84.4,45.6
2023-10-15,S004,P0001,Groceries,West,Autumn,0,1,56,89.2,-33.2
2023-10-16,S004,P0001,Groceries,West,Autumn,0,1,47,74.6,-27.6
2023-10-17,S004,P0001,Groceries,West,Autumn,1,1,90,91.2,-1.2
2023-10-18,S004,P0001,Groceries,West,Autumn,0,1,75,71.8,3.2
2023-10-19,S004,P0001,Groceries,West,Autumn,1,1,100,86.4,13.7
2023-10-20,S004,P0001,Groceries,West,Autumn,1,1,108,86.8,21.2
2023-10-21,S004,P0001,Groceries,West,Autumn,0,1,73,73.2,-0.2
2023-10-22,S004,P0001,Groceries,West,Autumn,0,1,114,73.1,40.9
2023-10-23,S004,P0001,Groceries,West,Autumn,1,1,103,88.7,14.3
2023-10-24,S004,P0001,Groceries,West,Autumn,0,1,51,73.4,-22.4
2023-10-25,S004,P0001,Groceries,West,Autumn,1,0,251,144.4,106.6
2023-10-26,S004,P0001,Groceries,West,Autumn,1,0,214,148.7,65.3
2023-10-27,S004,P0001,Groceries,West,Autumn,0,0,186,120.3,65.7
2023-10-28,S004,P0001,Groceries,West,Autumn,0,0,67,96.2,-29.2
2023-10-29,S004,P0001,Groceries,West,Autumn,0,0,110,97.4,12.7
2023-10-30,S004,P0001,Groceries,West,Autumn,0,0,154,99.6,54.4
2023-10-31,S004,P0001,Groceries,West,Autumn,0,0,148,111.7,36.3
2023-11-01,S004,P0001,Groceries,West,Autumn,1,0,134,123.0,11.0
2023-11-02,S004,P0001,Groceries,West,Autumn,0,0,162,102.1,59.9
2023-11-03,S004,P0001,Groceries,West,Autumn,1,0,92,114.0,-22.0
2023-11-04,S004,P0001,Groceries,West,Autumn,0,0,91,102.9,-11.9
2023-11-05,S004,P0001,Groceries,West,Autumn,0,0,131,103.1,27.9
2023-11-06,S004,P0001,Groceries,West,Autumn,0,0,109,97.4,11.7
2023-11-07,S004,P0001,Groceries,West,Autumn,1,0,231,143.6,87.4
2023-11-08,S004,P0001,Groceries,West,Autumn,1,0,152,128.9,23.1
2023-11-09,S004,P0001,Groceries,West,Autumn,0,0,165,104.0,61.0
2023-11-10,S004,P0001,Groceries,West,Autumn,0,0,132,107.2,24.8
2023-11-11,S004,P0001,Groceries,West,Autumn,0,0,150,112.3,37.7
2023-11-12,S004,P0001,Groceries,West,Autumn,1,0,133,134.3,-1.3
2023-11-13,S004,P0001,Groceries,West,Autumn,1,0,159,135.3,23.7
2023-11-14,S004,P0001,Groceries,West,Autumn,0,0,101,99.2,1.8
2023-11-15,S004,P0001,Groceries,West,Autumn,0,0,150,121.5,28.5
2023-11-16,S004,P0001,Groceries,West,Autumn,1,0,191,132.9,58.1
2023-11-17,S004,P0001,Groceries,West,Autumn,0,0,133,118.6,14.4
2023-11-18,S004,P0001,Groceries,West,Autumn,1,0,164,151.8,12.2
2023-11-19,S004,P0001,Groceries,West,Autumn,0,0,157,103.5,53.5
2023-11-20,S004,P0001,Groceries,West,Autumn,1,0,88,122.6,-34.6
2023-11-21,S004,P0001,Groceries,West,Autumn,0,0,82,94.7,-12.7
2023-11-22,S004,P0001,Groceries,West,Autumn,0,0,69,110.1,-41.1
2023-11-23,S004,P0001,Groceries,West,Autumn,0,0,89,101.3,-12.3
2023-11-24,S004,P0001,Groceries,West,Autumn,0,0,67,98.3,-31.3
2023-11-25,S004,P0001,Groceries,West,Autumn,0,0,124,95.6,28.4
2023-11-26,S004,P0001,Groceries,West,Autumn,1,0,112,116.4,-4.4
2023-11-27,S004,P0001,Groceries,West,Autumn,0,0,106,116.2,-10.2
2023-11-28,S004,P0001,Groceries,West,Autumn,0,0,74,111.7,-37.7
2023-11-29,S004,P0001,Groceries,West,Autumn,0,0,58,117.6,-59.6
2023-11-30,S004,P0001,Groceries,West,Autumn,0,0,108,108.4,-0.4
2023-12-01,S004,P0001,Groceries,West,Winter,0,0,69,85.6,-16.6
2023-12-02,S004,P0001,Groceries,West,Winter,1,0,30,120.6,-90.6
2023-12-03,S004,P0001,Groceries,West,Winter,0,0,106,90.1,15.9
2023-12-04,S004,P0001,Groceries,West,Winter,1,0,231,114.8,116.2
2023-12-05,S004,P0001,Groceries,West,Winter,0,0,117,116.4,0.6
2023-12-06,S004,P0001,Groceries,West,Winter,0,0,65,115.1,-50.1
2023-12-07,S004,P0001,Groceries,West,Winter,0,0,131,118.9,12.1
2023-12-08,S004,P0001,Groceries,West,Winter,1,0,189,140.9,48.1
2023-12-09,S004,P0001,Groceries,West,Winter,0,0,101,114.2,-13.2
2023-12-10,S004,P0001,Groceries,West,Winter,1,0,75,129.3,-54.3
2023-12-11,S004,P0001,Groceries,West,Winter,0,0,80,95.5,-15.5
2023-12-12,S004,P0001,Groceries,West,Winter,1,0,146,134.1,11.9
2023-12-13,S004,P0001,Groceries,West,Winter,0,0,125,103.6,21.4
2023-12-14,S004,P0001,Groceries,West,Winter,0,0,99,102.0,-3.0
2023-12-15,S004,P0001,Groceries,West,Winter,1,0,203,128.7,74.3
2023-12-16,S004,P0001,Groceries,West,Winter,0,0,137,115.6,21.3
2023-12-17,S004,P0001,Groceries,West,Winter,0,0,53,99.0,-46.0
2023-12-18,S004,P0001,Groceries,West,Winter,0,0,110,97.3,12.7
2023-12-19,S004,P0001,Groceries,West,Winter,0,0,144,121.2,22.8
2023-12-20,S004,P0001,Groceries,West,Winter,0,0,99,100.3,-1.3
2023-12-21,S004,P0001,Groceries,West,Winter,0,0,131,122.7,8.3
2023-12-22,S004,P0001,Groceries,West,Winter,0,0,135,100.5,34.5
2023-12-23,S004,P0001,Groceries,West,Winter,0,0,108,96.8,11.2
2023-12-24,S004,P0001,Groceries,West,Winter,1,0,193,132.4,60.6
2023-12-25,S004,P0001,Groceries,West,Winter,1,0,155,136.1,18.9
2023-12-26,S004,P0001,Groceries,West,Winter,1,0,191,133.2,57.8
2023-12-27,S004,P0001,Groceries,West,Winter,1,1,85,126.0,-41.0
2023-12-28,S004,P0001,Groceries,West,Winter,0,1,90,86.0,4.0
2023-12-29,S004,P0001,Groceries,West,Winter,0,1,70,86.6,-16.7
2023-12-30,S004,P0001,Groceries,West,Winter,0,1,80,64.3,15.7
2023-12-31,S004,P0001,Groceries,West,Winter,0,1,82,79.9,2.1
2024-01-01,S004,P0001,Groceries,West,Winter,0,1,31,92.2,-61.2
2024-01-02,S004,P0001,Groceries,West,Winter,0,1,101,84.1,16.9
2024-01-03,S004,P0001,Groceries,West,Winter,1,1,90,85.7,4.3
2024-01-04,S004,P0001,Groceries,West,Winter,1,1,124,89.2,34.8
2024-01-05,S004,P0001,Groceries,West,Winter,0,1,39,79.3,-40.3
2024-01-06,S004,P0001,Groceries,West,Winter,1,1,80,99.8,-19.8
2024-01-07,S004,P0001,Groceries,West,Winter,0,1,75,69.1,5.9
2024-01-08,S004,P0001,Groceries,West,Winter,1,1,106,85.0,21.0
2024-01-09,S004,P0001,Groceries,West,Winter,0,0,128,82.5,45.5
2024-01-10,S004,P0001,Groceries,West,Winter,0,0,128,99.9,28.1
2024-01-11,S004,P0001,Groceries,West,Winter,1,0,199,152.3,46.7
2024-01-12,S004,P0001,Groceries,West,Winter,0,0,85,98.0,-13.0
2024-01-13,S004,P0001,Groceries,West,Winter,1,0,112,129.1,-17.1
2024-01-14,S004,P0001,Groceries,West,Winter,0,0,4,98.7,-94.7
2024-01-15,S004,P0001,Groceries,West,Winter,0,0,192,107.2,84.8
2024-01-16,S004,P0001,Groceries,West,Winter,0,0,117,99.8,17.2
2024-01-17,S004,P0001,Groceries,West,Winter,0,0,78,100.7,-22.7
2024-01-18,S004,P0001,Groceries,West,Winter,0,0,95,96.6,-1.6
2024-01-19,S004,P0001,Groceries,West,Winter,1,0,116,125.9,-9.9
2024-01-20,S004,P0001,Groceries,West,Winter,0,0,115,119.5,-4.5
2024-01-21,S004,P0001,Groceries,West,Winter,1,0,63,122.5,-59.5
2024-01-22,S004,P0001,Groceries,West,Winter,1,0,152,125.0,27.0
2024-01-23,S004,P0001,Groceries,West,Winter,0,0,65,100.0,-35.0
2024-01-24,S004,P0001,Groceries,West,Winter,1,0,115,125.7,-10.7
2024-01-25,S004,P0001,Groceries,West,Winter,0,0,135,106.2,28.8
2024-01-26,S004,P0001,Groceries,West,Winter,0,0,86,118.1,-32.1
2024-01-27,S004,P0001,Groceries,West,Winter,0,0,120,107.4,12.6
2024-01-28,S004,P0001,Groceries,West,Winter,0,0,175,119.6,55.4
2024-01-29,S004,P0001,Groceries,West,Winter,0,0,171,119.6,51.4
2024-01-30,S004,P0001,Groceries,West,Winter,0,0,123,100.2,22.8
2023-09-07,S004,P0002,Groceries,West,Autumn,0,0,102,95.0,7.0
2023-09-08,S004,P0002,Groceries,West,Autumn,0,0,17,99.5,-82.5
2023-09-09,S004,P0002,Groceries,West,Autumn,0,0,108,107.0,1.0
2023-09-10,S004,P0002,Groceries,West,Autumn,1,0,108,127.8,-19.8
2023-09-11,S004,P0002,Groceries,West,Autumn,0,0,159,118.6,40.4
2023-09-12,S004,P0002,Groceries,West,Autumn,0,0,127,97.8,29.2
2023-09-13,S004,P0002,Groceries,West,Autumn,0,0,110,96.2,13.8
2023-09-14,S004,P0002,Groceries,West,Autumn,0,0,87,116.5,-29.5
2023-09-15,S004,P0002,Groceries,West,Autumn,1,0,122,137.1,-15.1
2023-09-16,S004,P0002,Groceries,West,Autumn,0,0,136,101.1,34.9
2023-09-17,S004,P0002,Groceries,West,Autumn,1,0,159,137.1,21.9
2023-09-18,S004,P0002,Groceries,West,Autumn,0,0,69,94.3,-25.3
2023-09-19,S004,P0002,Groceries,West,Autumn,0,0,109,94.9,14.1
2023-09-20,S004,P0002,Groceries,West,Autumn,1,0,111,130.3,-19.3
2023-09-21,S004,P0002,Groceries,West,Autumn,0,0,17,104.9,-87.9
2023-09-22,S004,P0002,Groceries,West,Autumn,0,0,101,105.8,-4.8
2023-09-23,S004,P0002,Groceries,West,Autumn,0,0,206,125.6,80.4
2023-09-24,S004,P0002,Groceries,West,Autumn,1,0,203,135.5,67.5
2023-09-25,S004,P0002,Groceries,West,Autumn,0,0,106,106.4,-0.4
2023-09-26,S004,P0002,Groceries,West,Autumn,0,0,87,95.4,-8.4
2023-09-27,S004,P0002,Groceries,West,Autumn,1,0,172,135.4,36.6
2023-09-28,S004,P0002,Groceries,West,Autumn,0,0,83,104.2,-21.2
2023-09-29,S004,P0002,Groceries,West,Autumn,0,0,87,101.1,-14.1
2023-09-30,S004,P0002,Groceries,West,Autumn,0,0,104,100.9,3.1
2023-10-01,S004,P0002,Groceries,West,Autumn,0,0,87,115.5,-28.5
2023-10-02,S004,P0002,Groceries,West,Autumn,0,0,107,106.8,0.2
2023-10-03,S004,P0002,Groceries,West,Autumn,1,0,140,132.1,7.9
2023-10-04,S004,P0002,Groceries,West,Autumn,1,0,76,132.6,-56.6
2023-10-05,S004,P0002,Groceries,West,Autumn,1,0,227,161.3,65.7
2023-10-06,S004,P0002,Groceries,West,Autumn,0,0,138,130.3,7.7
2023-10-07,S004,P0002,Groceries,West,Autumn,0,1,62,79.0,-17.0
2023-10-08,S004,P0002,Groceries,West,Autumn,1,1,192,104.0,88.0
2023-10-09,S004,P0002,Groceries,West,Autumn,0,1,94,76.5,17.5
2023-10-10,S004,P0002,Groceries,West,Autumn,0,1,42,80.5,-38.5
2023-10-11,S004,P0002,Groceries,West,Autumn,0,1,46,69.0,-23.0
2023-10-12,S004,P0002,Groceries,West,Autumn,0,1,91,74.5,16.5
2023-10-13,S004,P0002,Groceries,West,Autumn,0,1,44,77.2,-33.2
2023-10-14,S004,P0002,Groceries,West,Autumn,1,1,108,105.6,2.3
2023-10-15,S004,P0002,Groceries,West,Autumn,0,1,50,87.1,-37.1
2023-10-16,S004,P0002,Groceries,West,Autumn,0,1,56,78.8,-22.8
2023-10-17,S004,P0002,Groceries,West,Autumn,1,1,141,96.2,44.8
2023-10-18,S004,P0002,Groceries,West,Autumn,1,1,154,93.9,60.1
2023-10-19,S004,P0002,Groceries,West,Autumn,0,1,101,83.4,17.7
2023-10-20,S004,P0002,Groceries,West,Autumn,0,1,66,76.3,-10.3
2023-10-21,S004,P0002,Groceries,West,Autumn,0,1,76,76.4,-0.4
2023-10-22,S004,P0002,Groceries,West,Autumn,0,1,57,77.3,-20.3
2023-10-23,S004,P0002,Groceries,West,Autumn,1,1,45,90.9,-45.9
2023-10-24,S004,P0002,Groceries,West,Autumn,0,1,38,77.8,-39.8
2023-10-25,S004,P0002,Groceries,West,Autumn,1,0,195,162.7,32.3
2023-10-26,S004,P0002,Groceries,West,Autumn,1,0,203,157.1,45.9
2023-10-27,S004,P0002,Groceries,West,Autumn,0,0,99,113.6,-14.6
2023-10-28,S004,P0002,Groceries,West,Autumn,0,0,96,97.2,-1.2
2023-10-29,S004,P0002,Groceries,West,Autumn,0,0,81,98.1,-17.1
2023-10-30,S004,P0002,Groceries,West,Autumn,0,0,108,97.6,10.4
2023-10-31,S004,P0002,Groceries,West,Autumn,0,0,90,120.8,-30.8
2023-11-01,S004,P0002,Groceries,West,Autumn,0,0,124,96.0,28.0
2023-11-02,S004,P0002,Groceries,West,Autumn,0,0,91,103.1,-12.1
2023-11-03,S004,P0002,Groceries,West,Autumn,1,0,139,132.7,6.3
2023-11-04,S004,P0002,Groceries,West,Autumn,0,0,138,106.4,31.6
2023-11-05,S004,P0002,Groceries,West,Autumn,0,0,119,107.3,11.7
2023-11-06,S004,P0002,Groceries,West,Autumn,0,0,162,105.2,56.8
2023-11-07,S004,P0002,Groceries,West,Autumn,1,0,32,154.3,-122.3
2023-11-08,S004,P0002,Groceries,West,Autumn,1,0,140,138.2,1.8
2023-11-09,S004,P0002,Groceries,West,Autumn,0,0,65,102.9,-37.9
2023-11-10,S004,P0002,Groceries,West,Autumn,1,0,115,151.8,-36.8
2023-11-11,S004,P0002,Groceries,West,Autumn,1,0,83,149.0,-66.0
2023-11-12,S004,P0002,Groceries,West,Autumn,1,0,89,129.7,-40.7
2023-11-13,S004,P0002,Groceries,West,Autumn,0,0,104,97.2,6.8
2023-11-14,S004,P0002,Groceries,West,Autumn,0,0,106,90.0,16.0
2023-11-15,S004,P0002,Groceries,West,Autumn,1,0,244,161.0,83.0
2023-11-16,S004,P0002,Groceries,West,Autumn,0,0,80,103.9,-23.9
2023-11-17,S004,P0002,Groceries,West,Autumn,0,0,85,122.9,-37.9
2023-11-18,S004,P0002,Groceries,West,Autumn,1,0,199,159.4,39.6
2023-11-19,S004,P0002,Groceries,West,Autumn,0,0,136,101.7,34.3
2023-11-20,S004,P0002,Groceries,West,Autumn,1,0,118,130.1,-12.1
2023-11-21,S004,P0002,Groceries,West,Autumn,0,0,62,96.0,-34.0
2023-11-22,S004,P0002,Groceries,West,Autumn,0,0,166,119.0,47.0
2023-11-23,S004,P0002,Groceries,West,Autumn,0,0,52,104.2,-52.2
2023-11-24,S004,P0002,Groceries,West,Autumn,0,0,147,107.5,39.5
2023-11-25,S004,P0002,Groceries,West,Autumn,1,0,87,131.0,-44.0
2023-11-26,S004,P0002,Groceries,West,Autumn,0,0,53,92.8,-39.8
2023-11-27,S004,P0002,Groceries,West,Autumn,0,0,141,108.4,32.6
2023-11-28,S004,P0002,Groceries,West,Autumn,0,0,90,103.1,-13.1
2023-11-29,S004,P0002,Groceries,West,Autumn,0,0,101,118.2,-17.2
2023-11-30,S004,P0002,Groceries,West,Autumn,0,0,123,95.8,27.2
2023-12-01,S004,P0002,Groceries,West,Winter,1,0,149,132.2,16.8
2023-12-02,S004,P0002,Groceries,West,Winter,0,0,85,98.3,-13.3
2023-12-03,S004,P0002,Groceries,West,Winter,0,0,85,97.1,-12.1
2023-12-04,S004,P0002,Groceries,West,Winter,1,0,109,130.7,-21.7
2023-12-05,S004,P0002,Groceries,West,Winter,0,0,163,126.1,36.9
2023-12-06,S004,P0002,Groceries,West,Winter,0,0,97,112.0,-15.0
2023-12-07,S004,P0002,Groceries,West,Winter,0,0,78,116.5,-38.5
2023-12-08,S004,P0002,Groceries,West,Winter,0,0,93,97.0,-4.0
2023-12-09,S004,P0002,Groceries,West,Winter,0,0,82,116.6,-34.6
2023-12-10,S004,P0002,Groceries,West,Winter,0,0,128,102.4,25.6
2023-12-11,S004,P0002,Groceries,West,Winter,0,0,84,99.8,-15.8
2023-12-12,S004,P0002,Groceries,West,Winter,1,0,99,127.6,-28.6
2023-12-13,S004,P0002,Groceries,West,Winter,0,0,188,113.8,74.2
2023-12-14,S004,P0002,Groceries,West,Winter,0,0,143,108.3,34.7
2023-12-15,S004,P0002,Groceries,West,Winter,0,0,155,103.9,51.1
2023-12-16,S004,P0002,Groceries,West,Winter,0,0,194,122.9,71.1
2023-12-17,S004,P0002,Groceries,West,Winter,0,0,143,114.3,28.7
2023-12-18,S004,P0002,Groceries,West,Winter,0,0,44,100.8,-56.8
2023-12-19,S004,P0002,Groceries,West,Winter,0,0,195,127.0,68.0
2023-12-20,S004,P0002,Groceries,West,Winter,1,0,238,136.6,101.4
2023-12-21,S004,P0002,Groceries,West,Winter,1,0,226,163.2,62.8
2023-12-22,S004,P0002,Groceries,West,Winter,1,0,107,147.7,-40.7
2023-12-23,S004,P0002,Groceries,West,Winter,1,0,116,154.1,-38.1
2023-12-24,S004,P0002,Groceries,West,Winter,1,0,126,142.1,-16.1
2023-12-25,S004,P0002,Groceries,West,Winter,0,0,128,110.2,17.8
2023-12-26,S004,P0002,Groceries,West,Winter,0,0,85,109.0,-24.0
2023-12-27,S004,P0002,Groceries,West,Winter,1,1,103,120.2,-17.2
2023-12-28,S004,P0002,Groceries,West,Winter,1,1,91,97.3,-6.3
2023-12-29,S004,P0002,Groceries,West,Winter,0,1,46,75.7,-29.7
2023-12-30,S004,P0002,Groceries,West,Winter,0,1,69,80.5,-11.5
2023-12-31,S004,P0002,Groceries,West,Winter,0,1,50,81.7,-31.7
2024-01-01,S004,P0002,Groceries,West,Winter,1,1,115,88.6,26.4
2024-01-02,S004,P0002,Groceries,West,Winter,0,1,94,93.8,0.2
2024-01-03,S004,P0002,Groceries,West,Winter,1,1,104,86.9,17.1
2024-01-04,S004,P0002,Groceries,West,Winter,0,1,56,65.3,-9.3
2024-01-05,S004,P0002,Groceries,West,Winter,0,1,54,85.2,-31.2
2024-01-06,S004,P0002,Groceries,West,Winter,0,1,50,79.1,-29.1
2024-01-07,S004,P0002,Groceries,West,Winter,1,1,86,91.5,-5.5
2024-01-08,S004,P0002,Groceries,West,Winter,0,1,63,78.6,-15.6
2024-01-09,S004,P0002,Groceries,West,Winter,0,0,80,83.6,-3.6
2024-01-10,S004,P0002,Groceries,West,Winter,0,0,132,100.2,31.8
2024-01-11,S004,P0002,Groceries,West,Winter,0,0,83,94.6,-11.6
2024-01-12,S004,P0002,Groceries,West,Winter,0,0,61,87.2,-26.2
2024-01-13,S004,P0002,Groceries,West,Winter,0,0,102,102.2,-0.2
2024-01-14,S004,P0002,Groceries,West,Winter,0,0,211,104.6,106.4
2024-01-15,S004,P0002,Groceries,West,Winter,1,0,197,146.3,50.7
2024-01-16,S004,P0002,Groceries,West,Winter,1,0,11,130.3,-119.3
2024-01-17,S004,P0002,Groceries,West,Winter,0,0,107,94.6,12.4
2024-01-18,S004,P0002,Groceries,West,Winter,0,0,113,96.7,16.3
2024-01-19,S004,P0002,Groceries,West,Winter,0,0,41,96.0,-55.0
2024-01-20,S004,P0002,Groceries,West,Winter,1,0,68,150.4,-82.4
2024-01-21,S004,P0002,Groceries,West,Winter,0,0,42,95.5,-53.5
2024-01-22,S004,P0002,Groceries,West,Winter,0,0,84,102.1,-18.1
2024-01-23,S004,P0002,Groceries,West,Winter,0,0,79,107.1,-28.1
2024-01-24,S004,P0002,Groceries,West,Winter,1,0,110,115.9,-5.9
2024-01-25,S004,P0002,Groceries,West,Winter,1,0,105,125.0,-20.0
2024-01-26,S004,P0002,Groceries,West,Winter,1,0,108,148.4,-40.4
2024-01-27,S004,P0002,Groceries,West,Winter,1,0,170,126.1,43.9
2024-01-28,S004,P0002,Groceries,West,Winter,0,0,97,118.4,-21.4
2024-01-29,S004,P0002,Groceries,West,Winter,0,0,137,118.5,18.5
2024-01-30,S004,P0002,Groceries,West,Winter,0,0,57,97.2,-40.2
2023-09-07,S004,P0003,Furniture,West,Autumn,1,0,137,136.4,0.6
2023-09-08,S004,P0003,Furniture,West,Autumn,0,0,81,90.7,-9.7
2023-09-09,S004,P0003,Furniture,West,Autumn,1,0,74,92.0,-18.0
2023-09-10,S004,P0003,Furniture,West,Autumn,1,0,85,102.6,-17.6
2023-09-11,S004,P0003,Furniture,West,Autumn,1,0,157,153.4,3.6
2023-09-12,S004,P0003,Furniture,West,Autumn,0,0,86,89.5,-3.5
2023-09-13,S004,P0003,Furniture,West,Autumn,1,0,108,108.9,-0.9
2023-09-14,S004,P0003,Furniture,West,Autumn,0,0,123,97.2,25.8
2023-09-15,S004,P0003,Furniture,West,Autumn,0,0,99,93.6,5.3
2023-09-16,S004,P0003,Furniture,West,Autumn,0,0,38,68.5,-30.5
2023-09-17,S004,P0003,Furniture,West,Autumn,0,0,101,98.4,2.7
2023-09-18,S004,P0003,Furniture,West,Autumn,1,0,87,108.6,-21.5
2023-09-19,S004,P0003,Furniture,West,Autumn,0,0,55,59.5,-4.5
2023-09-20,S004,P0003,Furniture,West,Autumn,0,0,56,67.5,-11.5
2023-09-21,S004,P0003,Furniture,West,Autumn,0,0,56,61.1,-5.1
2023-09-22,S004,P0003,Furniture,West,Autumn,0,0,61,66.2,-5.2
2023-09-23,S004,P0003,Furniture,West,Autumn,1,0,99,118.3,-19.3
2023-09-24,S004,P0003,Furniture,West,Autumn,0,0,40,58.6,-18.6
2023-09-25,S004,P0003,Furniture,West,Autumn,0,0,67,66.4,0.6
2023-09-26,S004,P0003,Furniture,West,Autumn,0,0,58,72.6,-14.6
2023-09-27,S004,P0003,Furniture,West,Autumn,0,0,79,81.9,-2.9
2023-09-28,S004,P0003,Furniture,West,Autumn,0,0,77,86.3,-9.3
2023-09-29,S004,P0003,Furniture,West,Autumn,0,0,69,69.4,-0.4
2023-09-30,S004,P0003,Furniture,West,Autumn,0,0,69,85.8,-16.8
2023-10-01,S004,P0003,Furniture,West,Autumn,0,0,72,69.8,2.2
2023-10-02,S004,P0003,Furniture,West,Autumn,1,0,96,107.6,-11.6
2023-10-03,S004,P0003,Furniture,West,Autumn,0,0,78,90.3,-12.3
2023-10-04,S004,P0003,Furniture,West,Autumn,0,0,92,99.7,-7.7
2023-10-05,S004,P0003,Furniture,West,Autumn,1,0,91,108.9,-17.9
2023-10-06,S004,P0003,Furniture,West,Autumn,1,0,117,133.1,-16.1
2023-10-07,S004,P0003,Furniture,West,Autumn,0,1,36,36.8,-0.8
2023-10-08,S004,P0003,Furniture,West,Autumn,0,1,30,33.9,-3.9
2023-10-09,S004,P0003,Furniture,West,Autumn,1,1,39,54.1,-15.1
2023-10-10,S004,P0003,Furniture,West,Autumn,0,1,25,33.8,-8.8
2023-10-11,S004,P0003,Furniture,West,Autumn,1,1,30,41.3,-11.3
2023-10-12,S004,P0003,Furniture,West,Autumn,0,1,28,29.3,-1.3
2023-10-13,S004,P0003,Furniture,West,Autumn,0,1,31,34.3,-3.3
2023-10-14,S004,P0003,Furniture,West,Autumn,0,1,42,39.8,2.2
2023-10-15,S004,P0003,Furniture,West,Autumn,0,1,34,39.1,-5.1
2023-10-16,S004,P0003,Furniture,West,Autumn,0,1,52,35.2,16.8
2023-10-17,S004,P0003,Furniture,West,Autumn,1,1,38,45.0,-7.0
2023-10-18,S004,P0003,Furniture,West,Autumn,1,1,64,46.9,17.1
2023-10-19,S004,P0003,Furniture,West,Autumn,1,1,66,42.4,23.6
2023-10-20,S004,P0003,Furniture,West,Autumn,0,1,35,30.8,4.2
2023-10-21,S004,P0003,Furniture,West,Autumn,0,1,40,33.0,7.0
2023-10-22,S004,P0003,Furniture,West,Autumn,0,1,27,33.5,-6.5
2023-10-23,S004,P0003,Furniture,West,Autumn,1,1,56,44.7,11.3
2023-10-24,S004,P0003,Furniture,West,Autumn,0,1,43,32.9,10.1
2023-10-25,S004,P0003,Furniture,West,Autumn,1,0,160,106.6,53.4
2023-10-26,S004,P0003,Furniture,West,Autumn,0,0,90,97.4,-7.4
2023-10-27,S004,P0003,Furniture,West,Autumn,0,0,91,115.0,-24.0
2023-10-28,S004,P0003,Furniture,West,Autumn,0,0,97,92.5,4.5
2023-10-29,S004,P0003,Furniture,West,Autumn,0,0,40,54.0,-14.0
2023-10-30,S004,P0003,Furniture,West,Autumn,0,0,74,78.3,-4.3
2023-10-31,S004,P0003,Furniture,West,Autumn,0,0,100,96.0,4.0
2023-11-01,S004,P0003,Furniture,West,Autumn,0,0,69,87.1,-18.1
2023-11-02,S004,P0003,Furniture,West,Autumn,0,0,52,59.6,-7.6
2023-11-03,S004,P0003,Furniture,West,Autumn,0,0,76,76.0,0.0
2023-11-04,S004,P0003,Furniture,West,Autumn,0,0,57,65.1,-8.1
2023-11-05,S004,P0003,Furniture,West,Autumn,0,0,134,125.6,8.3
2023-11-06,S004,P0003,Furniture,West,Autumn,1,0,98,105.9,-7.9
2023-11-07,S004,P0003,Furniture,West,Autumn,0,0,72,75.8,-3.8
2023-11-08,S004,P0003,Furniture,West,Autumn,1,0,112,130.6,-18.6
2023-11-09,S004,P0003,Furniture,West,Autumn,0,0,105,114.6,-9.6
2023-11-10,S004,P0003,Furniture,West,Autumn,0,0,53,69.0,-16.0
2023-11-11,S004,P0003,Furniture,West,Autumn,1,0,71,99.2,-28.2
2023-11-12,S004,P0003,Furniture,West,Autumn,1,0,21,67.2,-46.2
2023-11-13,S004,P0003,Furniture,West,Autumn,0,0,56,72.4,-16.4
2023-11-14,S004,P0003,Furniture,West,Autumn,1,0,163,138.0,25.0
2023-11-15,S004,P0003,Furniture,West,Autumn,1,0,194,142.9,51.1
2023-11-16,S004,P0003,Furniture,West,Autumn,0,0,57,73.4,-16.4
2023-11-17,S004,P0003,Furniture,West,Autumn,0,0,107,99.3,7.7
2023-11-18,S004,P0003,Furniture,West,Autumn,1,0,97,116.5,-19.5
2023-11-19,S004,P0003,Furniture,West,Autumn,1,0,123,106.2,16.8
2023-11-20,S004,P0003,Furniture,West,Autumn,0,0,52,66.8,-14.8
2023-11-21,S004,P0003,Furniture,West,Autumn,0,0,67,86.3,-19.3
2023-11-22,S004,P0003,Furniture,West,Autumn,0,0,65,80.2,-15.2
2023-11-23,S004,P0003,Furniture,West,Autumn,1,0,119,122.7,-3.7
2023-11-24,S004,P0003,Furniture,West,Autumn,0,0,78,72.4,5.6
2023-11-25,S004,P0003,Furniture,West,Autumn,0,0,123,118.8,4.2
2023-11-26,S004,P0003,Furniture,West,Autumn,0,0,67,69.0,-2.0
2023-11-27,S004,P0003,Furniture,West,Autumn,1,0,180,145.8,34.2
2023-11-28,S004,P0003,Furniture,West,Autumn,0,0,61,76.6,-15.5
2023-11-29,S004,P0003,Furniture,West,Autumn,0,0,140,95.2,44.8
2023-11-30,S004,P0003,Furniture,West,Autumn,0,0,82,89.7,-7.7
2023-12-01,S004,P0003,Furniture,West,Winter,1,0,96,113.0,-17.0
2023-12-02,S004,P0003,Furniture,West,Winter,1,0,34,80.2,-46.2
2023-12-03,S004,P0003,Furniture,West,Winter,0,0,86,83.1,2.9
2023-12-04,S004,P0003,Furniture,West,Winter,0,0,52,65.3,-13.3
2023-12-05,S004,P0003,Furniture,West,Winter,0,0,91,91.9,-0.9
2023-12-06,S004,P0003,Furniture,West,Winter,1,0,168,144.3,23.7
2023-12-07,S004,P0003,Furniture,West,Winter,0,0,79,88.8,-9.8
2023-12-08,S004,P0003,Furniture,West,Winter,0,0,68,68.9,-0.9
2023-12-09,S004,P0003,Furniture,West,Winter,1,0,93,107.6,-14.6
2023-12-10,S004,P0003,Furniture,West,Winter,1,0,44,78.4,-34.4
2023-12-11,S004,P0003,Furniture,West,Winter,0,0,79,82.1,-3.1
2023-12-12,S004,P0003,Furniture,West,Winter,1,0,97,116.0,-19.0
2023-12-13,S004,P0003,Furniture,West,Winter,0,0,110,99.6,10.4
2023-12-14,S004,P0003,Furniture,West,Winter,0,0,106,98.2,7.8
2023-12-15,S004,P0003,Furniture,West,Winter,0,0,145,132.8,12.2
2023-12-16,S004,P0003,Furniture,West,Winter,1,0,115,118.2,-3.2
2023-12-17,S004,P0003,Furniture,West,Winter,0,0,76,77.5,-1.5
2023-12-18,S004,P0003,Furniture,West,Winter,1,0,72,86.8,-14.8
2023-12-19,S004,P0003,Furniture,West,Winter,1,0,142,120.8,21.2
2023-12-20,S004,P0003,Furniture,West,Winter,0,0,92,84.2,7.8
2023-12-21,S004,P0003,Furniture,West,Winter,0,0,108,89.7,18.3
2023-12-22,S004,P0003,Furniture,West,Winter,0,0,44,61.9,-17.9
2023-12-23,S004,P0003,Furniture,West,Winter,0,0,56,71.9,-15.9
2023-12-24,S004,P0003,Furniture,West,Winter,0,0,88,80.3,7.7
2023-12-25,S004,P0003,Furniture,West,Winter,0,0,75,78.2,-3.2
2023-12-26,S004,P0003,Furniture,West,Winter,0,0,85,97.0,-12.0
2023-12-27,S004,P0003,Furniture,West,Winter,1,1,55,61.8,-6.8
2023-12-28,S004,P0003,Furniture,West,Winter,0,1,28,29.6,-1.6
2023-12-29,S004,P0003,Furniture,West,Winter,0,1,20,31.8,-11.8
2023-12-30,S004,P0003,Furniture,West,Winter,0,1,34,39.6,-5.6
2023-12-31,S004,P0003,Furniture,West,Winter,0,1,6,28.7,-22.7
2024-01-01,S004,P0003,Furniture,West,Winter,0,1,24,40.1,-16.1
2024-01-02,S004,P0003,Furniture,West,Winter,0,1,58,42.3,15.7
2024-01-03,S004,P0003,Furniture,West,Winter,0,1,16,31.1,-15.1
2024-01-04,S004,P0003,Furniture,West,Winter,0,1,30,32.3,-2.3
2024-01-05,S004,P0003,Furniture,West,Winter,1,1,73,52.8,20.2
2024-01-06,S004,P0003,Furniture,West,Winter,1,1,32,50.5,-18.5
2024-01-07,S004,P0003,Furniture,West,Winter,0,1,39,33.8,5.2
2024-01-08,S004,P0003,Furniture,West,Winter,1,1,50,49.0,1.0
2024-01-09,S004,P0003,Furniture,West,Winter,0,0,60,80.4,-20.4
2024-01-10,S004,P0003,Furniture,West,Winter,1,0,96,112.2,-16.2
2024-01-11,S004,P0003,Furniture,West,Winter,1,0,87,122.1,-35.1
2024-01-12,S004,P0003,Furniture,West,Winter,0,0,39,55.8,-16.8
2024-01-13,S004,P0003,Furniture,West,Winter,0,0,59,72.1,-13.1
2024-01-14,S004,P0003,Furniture,West,Winter,0,0,72,70.2,1.8
2024-01-15,S004,P0003,Furniture,West,Winter,0,0,53,57.7,-4.7
2024-01-16,S004,P0003,Furniture,West,Winter,1,0,51,86.4,-35.4
2024-01-17,S004,P0003,Furniture,West,Winter,0,0,51,55.8,-4.8
2024-01-18,S004,P0003,Furniture,West,Winter,0,0,52,58.2,-6.2
2024-01-19,S004,P0003,Furniture,West,Winter,1,0,80,91.7,-11.7
2024-01-20,S004,P0003,Furniture,West,Winter,0,0,70,74.6,-4.6
2024-01-21,S004,P0003,Furniture,West,Winter,0,0,33,55.6,-22.6
2024-01-22,S004,P0003,Furniture,West,Winter,1,0,75,94.5,-19.5
2024-01-23,S004,P0003,Furniture,West,Winter,0,0,77,73.3,3.7
2024-01-24,S004,P0003,Furniture,West,Winter,1,0,116,118.3,-2.3
2024-01-25,S004,P0003,Furniture,West,Winter,0,0,68,72.5,-4.5
2024-01-26,S004,P0003,Furniture,West,Winter,0,0,106,99.2,6.8
2024-01-27,S004,P0003,Furniture,West,Winter,0,0,73,86.6,-13.6
2024-01-28,S004,P0003,Furniture,West,Winter,1,0,126,132.6,-6.7
2024-01-29,S004,P0003,Furniture,West,Winter,0,0,74,77.3,-3.3
2024-01-30,S004,P0003,Furniture,West,Winter,0,0,59,67.1,-8.1
2023-09-07,S004,P0004,Groceries,West,Autumn,1,0,114,130.2,-16.2
2023-09-08,S004,P0004,Groceries,West,Autumn,0,0,109,95.3,13.7
2023-09-09,S004,P0004,Groceries,West,Autumn,0,0,93,108.5,-15.5
2023-09-10,S004,P0004,Groceries,West,Autumn,0,0,117,101.2,15.8
2023-09-11,S004,P0004,Groceries,West,Autumn,0,0,157,123.3,33.7
2023-09-12,S004,P0004,Groceries,West,Autumn,0,0,92,96.9,-4.9
2023-09-13,S004,P0004,Groceries,West,Autumn,1,0,156,133.2,22.8
2023-09-14,S004,P0004,Groceries,West,Autumn,0,0,131,119.1,11.9
2023-09-15,S004,P0004,Groceries,West,Autumn,1,0,106,135.6,-29.6
2023-09-16,S004,P0004,Groceries,West,Autumn,1,0,193,132.0,60.9
2023-09-17,S004,P0004,Groceries,West,Autumn,0,0,93,100.6,-7.6
2023-09-18,S004,P0004,Groceries,West,Autumn,1,0,75,132.8,-57.8
2023-09-19,S004,P0004,Groceries,West,Autumn,1,0,213,144.4,68.6
2023-09-20,S004,P0004,Groceries,West,Autumn,0,0,66,99.4,-33.4
2023-09-21,S004,P0004,Groceries,West,Autumn,0,0,173,115.8,57.2
2023-09-22,S004,P0004,Groceries,West,Autumn,1,0,34,136.5,-102.5
2023-09-23,S004,P0004,Groceries,West,Autumn,1,0,229,167.1,61.9
2023-09-24,S004,P0004,Groceries,West,Autumn,0,0,96,99.4,-3.3
2023-09-25,S004,P0004,Groceries,West,Autumn,0,0,165,117.1,47.9
2023-09-26,S004,P0004,Groceries,West,Autumn,0,0,47,105.6,-58.6
2023-09-27,S004,P0004,Groceries,West,Autumn,0,0,115,96.4,18.6
2023-09-28,S004,P0004,Groceries,West,Autumn,1,0,187,165.7,21.3
2023-09-29,S004,P0004,Groceries,West,Autumn,0,0,151,113.8,37.2
2023-09-30,S004,P0004,Groceries,West,Autumn,0,0,79,92.5,-13.5
2023-10-01,S004,P0004,Groceries,West,Autumn,0,0,59,129.1,-70.1
2023-10-02,S004,P0004,Groceries,West,Autumn,1,0,81,135.6,-54.6
2023-10-03,S004,P0004,Groceries,West,Autumn,0,0,113,95.9,17.1
2023-10-04,S004,P0004,Groceries,West,Autumn,1,0,129,130.4,-1.4
2023-10-05,S004,P0004,Groceries,West,Autumn,0,0,101,115.4,-14.4
2023-10-06,S004,P0004,Groceries,West,Autumn,0,0,103,114.6,-11.6
2023-10-07,S004,P0004,Groceries,West,Autumn,1,1,63,98.8,-35.8
2023-10-08,S004,P0004,Groceries,West,Autumn,0,1,83,84.8,-1.8
2023-10-09,S004,P0004,Groceries,West,Autumn,0,1,59,85.5,-26.5
2023-10-10,S004,P0004,Groceries,West,Autumn,0,1,65,87.7,-22.7
2023-10-11,S004,P0004,Groceries,West,Autumn,1,1,124,94.6,29.4
2023-10-12,S004,P0004,Groceries,West,Autumn,0,1,50,74.5,-24.5
2023-10-13,S004,P0004,Groceries,West,Autumn,1,1,92,95.7,-3.7
2023-10-14,S004,P0004,Groceries,West,Autumn,0,1,53,100.8,-47.8
2023-10-15,S004,P0004,Groceries,West,Autumn,0,1,84,108.0,-24.0
2023-10-16,S004,P0004,Groceries,West,Autumn,0,1,82,90.4,-8.3
2023-10-17,S004,P0004,Groceries,West,Autumn,1,1,81,98.0,-17.0
2023-10-18,S004,P0004,Groceries,West,Autumn,1,1,120,96.4,23.6
2023-10-19,S004,P0004,Groceries,West,Autumn,1,1,60,93.5,-33.5
2023-10-20,S004,P0004,Groceries,West,Autumn,1,1,142,97.1,44.9
2023-10-21,S004,P0004,Groceries,West,Autumn,0,1,81,82.2,-1.2
2023-10-22,S004,P0004,Groceries,West,Autumn,0,1,69,87.7,-18.7
2023-10-23,S004,P0004,Groceries,West,Autumn,0,1,39,87.7,-48.7
2023-10-24,S004,P0004,Groceries,West,Autumn,0,1,59,87.4,-28.4
2023-10-25,S004,P0004,Groceries,West,Autumn,0,0,132,99.5,32.5
2023-10-26,S004,P0004,Groceries,West,Autumn,0,0,136,102.7,33.3
2023-10-27,S004,P0004,Groceries,West,Autumn,0,0,175,124.1,50.9
2023-10-28,S004,P0004,Groceries,West,Autumn,1,0,151,132.4,18.6
2023-10-29,S004,P0004,Groceries,West,Autumn,0,0,116,102.0,14.0
2023-10-30,S004,P0004,Groceries,West,Autumn,0,0,102,99.4,2.5
2023-10-31,S004,P0004,Groceries,West,Autumn,0,0,108,117.7,-9.7
2023-11-01,S004,P0004,Groceries,West,Autumn,1,0,49,135.1,-86.1
2023-11-02,S004,P0004,Groceries,West,Autumn,0,0,83,104.5,-21.5
2023-11-03,S004,P0004,Groceries,West,Autumn,0,0,114,104.0,10.0
2023-11-04,S004,P0004,Groceries,West,Autumn,1,0,180,134.2,45.8
2023-11-05,S004,P0004,Groceries,West,Autumn,1,0,81,136.2,-55.2
2023-11-06,S004,P0004,Groceries,West,Autumn,0,0,122,98.1,23.9
2023-11-07,S004,P0004,Groceries,West,Autumn,0,0,112,125.4,-13.5
2023-11-08,S004,P0004,Groceries,West,Autumn,1,0,157,138.9,18.1
2023-11-09,S004,P0004,Groceries,West,Autumn,0,0,122,108.1,13.9
2023-11-10,S004,P0004,Groceries,West,Autumn,0,0,80,119.7,-39.7
2023-11-11,S004,P0004,Groceries,West,Autumn,1,0,153,163.5,-10.5
2023-11-12,S004,P0004,Groceries,West,Autumn,0,0,85,105.2,-20.2
2023-11-13,S004,P0004,Groceries,West,Autumn,0,0,115,98.6,16.4
2023-11-14,S004,P0004,Groceries,West,Autumn,0,0,133,102.5,30.5
2023-11-15,S004,P0004,Groceries,West,Autumn,0,0,93,117.2,-24.2
2023-11-16,S004,P0004,Groceries,West,Autumn,0,0,118,112.0,6.0
2023-11-17,S004,P0004,Groceries,West,Autumn,0,0,118,119.6,-1.6
2023-11-18,S004,P0004,Groceries,West,Autumn,1,0,126,158.5,-32.5
2023-11-19,S004,P0004,Groceries,West,Autumn,1,0,166,137.8,28.2
2023-11-20,S004,P0004,Groceries,West,Autumn,0,0,116,102.4,13.6
2023-11-21,S004,P0004,Groceries,West,Autumn,0,0,74,93.9,-19.9
2023-11-22,S004,P0004,Groceries,West,Autumn,0,0,169,132.3,36.7
2023-11-23,S004,P0004,Groceries,West,Autumn,1,0,199,140.5,58.5
2023-11-24,S004,P0004,Groceries,West,Autumn,1,0,107,133.6,-26.6
2023-11-25,S004,P0004,Groceries,West,Autumn,0,0,134,109.4,24.6
2023-11-26,S004,P0004,Groceries,West,Autumn,0,0,124,109.8,14.2
2023-11-27,S004,P0004,Groceries,West,Autumn,0,0,53,111.2,-58.2
2023-11-28,S004,P0004,Groceries,West,Autumn,1,0,215,150.8,64.2
2023-11-29,S004,P0004,Groceries,West,Autumn,0,0,134,124.2,9.8
2023-11-30,S004,P0004,Groceries,West,Autumn,0,0,152,110.4,41.6
2023-12-01,S004,P0004,Groceries,West,Winter,1,0,143,128.9,14.1
2023-12-02,S004,P0004,Groceries,West,Winter,0,0,98,91.0,7.0
2023-12-03,S004,P0004,Groceries,West,Winter,0,0,116,109.2,6.8
2023-12-04,S004,P0004,Groceries,West,Winter,0,0,120,94.0,26.0
2023-12-05,S004,P0004,Groceries,West,Winter,1,0,4,168.6,-164.6
2023-12-06,S004,P0004,Groceries,West,Winter,1,0,217,157.5,59.5
2023-12-07,S004,P0004,Groceries,West,Winter,0,0,208,136.7,71.3
2023-12-08,S004,P0004,Groceries,West,Winter,0,0,133,99.9,33.1
2023-12-09,S004,P0004,Groceries,West,Winter,0,0,160,146.0,14.1
2023-12-10,S004,P0004,Groceries,West,Winter,0,0,125,110.7,14.3
2023-12-11,S004,P0004,Groceries,West,Winter,1,0,69,130.2,-61.2
2023-12-12,S004,P0004,Groceries,West,Winter,1,0,134,132.3,1.7
2023-12-13,S004,P0004,Groceries,West,Winter,0,0,64,107.4,-43.4
2023-12-14,S004,P0004,Groceries,West,Winter,0,0,116,113.6,2.4
2023-12-15,S004,P0004,Groceries,West,Winter,0,0,88,94.6,-6.7
2023-12-16,S004,P0004,Groceries,West,Winter,1,0,175,155.9,19.1
2023-12-17,S004,P0004,Groceries,West,Winter,0,0,133,113.6,19.3
2023-12-18,S004,P0004,Groceries,West,Winter,0,0,130,101.5,28.5
2023-12-19,S004,P0004,Groceries,West,Winter,0,0,102,118.7,-16.7
2023-12-20,S004,P0004,Groceries,West,Winter,0,0,89,93.7,-4.7
2023-12-21,S004,P0004,Groceries,West,Winter,0,0,92,115.9,-23.9
2023-12-22,S004,P0004,Groceries,West,Winter,1,0,157,134.9,22.1
2023-12-23,S004,P0004,Groceries,West,Winter,0,0,86,92.9,-6.9
2023-12-24,S004,P0004,Groceries,West,Winter,1,0,90,133.1,-43.1
2023-12-25,S004,P0004,Groceries,West,Winter,1,0,209,139.7,69.3
2023-12-26,S004,P0004,Groceries,West,Winter,0,0,111,114.0,-3.0
2023-12-27,S004,P0004,Groceries,West,Winter,0,1,65,71.1,-6.1
2023-12-28,S004,P0004,Groceries,West,Winter,1,1,82,101.2,-19.2
2023-12-29,S004,P0004,Groceries,West,Winter,0,1,56,72.0,-16.0
2023-12-30,S004,P0004,Groceries,West,Winter,0,1,116,90.8,25.2
2023-12-31,S004,P0004,Groceries,West,Winter,0,1,59,71.3,-12.3
2024-01-01,S004,P0004,Groceries,West,Winter,0,1,101,81.3,19.7
2024-01-02,S004,P0004,Groceries,West,Winter,0,1,33,85.2,-52.2
2024-01-03,S004,P0004,Groceries,West,Winter,0,1,69,66.6,2.4
2024-01-04,S004,P0004,Groceries,West,Winter,0,1,76,67.4,8.6
2024-01-05,S004,P0004,Groceries,West,Winter,0,1,74,81.6,-7.6
2024-01-06,S004,P0004,Groceries,West,Winter,0,1,82,84.1,-2.1
2024-01-07,S004,P0004,Groceries,West,Winter,0,1,90,68.0,22.0
2024-01-08,S004,P0004,Groceries,West,Winter,1,1,100,107.1,-7.1
2024-01-09,S004,P0004,Groceries,West,Winter,0,0,94,99.1,-5.1
2024-01-10,S004,P0004,Groceries,West,Winter,0,0,164,98.7,65.3
2024-01-11,S004,P0004,Groceries,West,Winter,1,0,188,162.9,25.1
2024-01-12,S004,P0004,Groceries,West,Winter,1,0,147,137.9,9.1
2024-01-13,S004,P0004,Groceries,West,Winter,0,0,144,113.9,30.1
2024-01-14,S004,P0004,Groceries,West,Winter,1,0,143,140.0,3.1
2024-01-15,S004,P0004,Groceries,West,Winter,0,0,168,116.0,52.0
2024-01-16,S004,P0004,Groceries,West,Winter,1,0,121,131.5,-10.5
2024-01-17,S004,P0004,Groceries,West,Winter,0,0,136,111.1,24.9
2024-01-18,S004,P0004,Groceries,West,Winter,1,0,178,136.2,41.8
2024-01-19,S004,P0004,Groceries,West,Winter,0,0,95,103.2,-8.2
2024-01-20,S004,P0004,Groceries,West,Winter,1,0,201,175.6,25.4
2024-01-21,S004,P0004,Groceries,West,Winter,1,0,122,131.7,-9.7
2024-01-22,S004,P0004,Groceries,West,Winter,0,0,120,106.0,14.0
2024-01-23,S004,P0004,Groceries,West,Winter,0,0,162,117.2,44.8
2024-01-24,S004,P0004,Groceries,West,Winter,0,0,140,104.3,35.7
2024-01-25,S004,P0004,Groceries,West,Winter,0,0,95,102.8,-7.8
2024-01-26,S004,P0004,Groceries,West,Winter,1,0,216,175.7,40.3
2024-01-27,S004,P0004,Groceries,West,Winter,0,0,158,117.0,41.0
2024-01-28,S004,P0004,Groceries,West,Winter,1,0,136,161.5,-25.5
2024-01-29,S004,P0004,Groceries,West,Winter,0,0,132,120.8,11.2
2024-01-30,S004,P0004,Groceries,West,Winter,0,0,132,112.5,19.5
2023-09-07,S004,P0005,Clothing,West,Autumn,0,0,111,87.5,23.5
2023-09-08,S004,P0005,Clothing,West,Autumn,0,0,24,88.7,-64.7
2023-09-09,S004,P0005,Clothing,West,Autumn,0,0,114,95.0,19.0
2023-09-10,S004,P0005,Clothing,West,Autumn,0,0,79,91.0,-12.0
2023-09-11,S004,P0005,Clothing,West,Autumn,0,0,103,103.7,-0.7
2023-09-12,S004,P0005,Clothing,West,Autumn,0,0,105,86.2,18.8
2023-09-13,S004,P0005,Clothing,West,Autumn,0,0,107,86.7,20.3
2023-09-14,S004,P0005,Clothing,West,Autumn,1,0,15,135.9,-120.9
2023-09-15,S004,P0005,Clothing,West,Autumn,1,0,136,114.7,21.3
2023-09-16,S004,P0005,Clothing,West,Autumn,1,0,91,113.9,-22.9
2023-09-17,S004,P0005,Clothing,West,Autumn,0,0,103,94.3,8.7
2023-09-18,S004,P0005,Clothing,West,Autumn,0,0,86,85.1,0.9
2023-09-19,S004,P0005,Clothing,West,Autumn,0,0,100,83.8,16.2
2023-09-20,S004,P0005,Clothing,West,Autumn,0,0,49,85.1,-36.1
2023-09-21,S004,P0005,Clothing,West,Autumn,1,0,158,120.3,37.7
2023-09-22,S004,P0005,Clothing,West,Autumn,1,0,143,128.2,14.8
2023-09-23,S004,P0005,Clothing,West,Autumn,1,0,91,135.1,-44.1
2023-09-24,S004,P0005,Clothing,West,Autumn,1,0,91,99.4,-8.4
2023-09-25,S004,P0005,Clothing,West,Autumn,1,0,149,128.5,20.5
2023-09-26,S004,P0005,Clothing,West,Autumn,0,0,150,87.4,62.6
2023-09-27,S004,P0005,Clothing,West,Autumn,1,0,99,109.2,-10.2
2023-09-28,S004,P0005,Clothing,West,Autumn,0,0,86,120.3,-34.3
2023-09-29,S004,P0005,Clothing,West,Autumn,0,0,119,96.9,22.1
2023-09-30,S004,P0005,Clothing,West,Autumn,0,0,95,87.5,7.5
2023-10-01,S004,P0005,Clothing,West,Autumn,0,0,94,105.0,-11.0
2023-10-02,S004,P0005,Clothing,West,Autumn,0,0,46,93.3,-47.3
2023-10-03,S004,P0005,Clothing,West,Autumn,1,0,77,99.7,-22.7
2023-10-04,S004,P0005,Clothing,West,Autumn,0,0,126,88.2,37.8
2023-10-05,S004,P0005,Clothing,West,Autumn,0,0,98,102.7,-4.7
2023-10-06,S004,P0005,Clothing,West,Autumn,0,0,99,100.9,-1.9
2023-10-07,S004,P0005,Clothing,West,Autumn,0,1,121,94.4,26.6
2023-10-08,S004,P0005,Clothing,West,Autumn,0,1,90,87.4,2.6
2023-10-09,S004,P0005,Clothing,West,Autumn,1,1,133,127.9,5.1
2023-10-10,S004,P0005,Clothing,West,Autumn,1,1,88,104.5,-16.5
2023-10-11,S004,P0005,Clothing,West,Autumn,0,1,75,86.0,-11.0
2023-10-12,S004,P0005,Clothing,West,Autumn,1,1,131,117.0,14.0
2023-10-13,S004,P0005,Clothing,West,Autumn,1,1,114,124.3,-10.3
2023-10-14,S004,P0005,Clothing,West,Autumn,1,1,137,136.4,0.6
2023-10-15,S004,P0005,Clothing,West,Autumn,0,1,131,111.7,19.3
2023-10-16,S004,P0005,Clothing,West,Autumn,1,1,125,122.5,2.5
2023-10-17,S004,P0005,Clothing,West,Autumn,0,1,116,93.1,22.9
2023-10-18,S004,P0005,Clothing,West,Autumn,0,1,108,93.8,14.2
2023-10-19,S004,P0005,Clothing,West,Autumn,0,1,126,97.9,28.1
2023-10-20,S004,P0005,Clothing,West,Autumn,0,1,74,91.9,-17.9
2023-10-21,S004,P0005,Clothing,West,Autumn,0,1,76,88.0,-12.0
2023-10-22,S004,P0005,Clothing,West,Autumn,1,1,51,98.1,-47.1
2023-10-23,S004,P0005,Clothing,West,Autumn,1,1,94,113.5,-19.5
2023-10-24,S004,P0005,Clothing,West,Autumn,1,1,117,124.2,-7.2
2023-10-25,S004,P0005,Clothing,West,Autumn,0,0,127,105.0,22.0
2023-10-26,S004,P0005,Clothing,West,Autumn,0,0,89,102.4,-13.5
2023-10-27,S004,P0005,Clothing,West,Autumn,0,0,117,106.2,10.8
2023-10-28,S004,P0005,Clothing,West,Autumn,0,0,132,93.6,38.4
2023-10-29,S004,P0005,Clothing,West,Autumn,0,0,117,93.5,23.5
2023-10-30,S004,P0005,Clothing,West,Autumn,0,0,88,90.9,-2.9
2023-10-31,S004,P0005,Clothing,West,Autumn,0,0,119,108.2,10.8
2023-11-01,S004,P0005,Clothing,West,Autumn,1,0,133,117.0,16.0
2023-11-02,S004,P0005,Clothing,West,Autumn,0,0,151,98.5,52.5
2023-11-03,S004,P0005,Clothing,West,Autumn,1,0,140,128.8,11.2
2023-11-04,S004,P0005,Clothing,West,Autumn,1,0,65,120.1,-55.1
2023-11-05,S004,P0005,Clothing,West,Autumn,1,0,78,120.1,-42.1
2023-11-06,S004,P0005,Clothing,West,Autumn,0,0,90,91.6,-1.6
2023-11-07,S004,P0005,Clothing,West,Autumn,0,0,77,102.6,-25.7
2023-11-08,S004,P0005,Clothing,West,Autumn,0,0,73,93.2,-20.2
2023-11-09,S004,P0005,Clothing,West,Autumn,0,0,141,95.6,45.4
2023-11-10,S004,P0005,Clothing,West,Autumn,0,0,96,98.1,-2.1
2023-11-11,S004,P0005,Clothing,West,Autumn,0,0,99,105.4,-6.4
2023-11-12,S004,P0005,Clothing,West,Autumn,0,0,104,94.7,9.3
2023-11-13,S004,P0005,Clothing,West,Autumn,1,0,85,100.2,-15.2
2023-11-14,S004,P0005,Clothing,West,Autumn,1,0,45,97.9,-52.9
2023-11-15,S004,P0005,Clothing,West,Autumn,0,0,139,104.1,34.9
2023-11-16,S004,P0005,Clothing,West,Autumn,0,0,61,93.3,-32.3
2023-11-17,S004,P0005,Clothing,West,Autumn,0,0,96,104.6,-8.6
2023-11-18,S004,P0005,Clothing,West,Autumn,0,0,118,104.3,13.7
2023-11-19,S004,P0005,Clothing,West,Autumn,1,0,123,111.4,11.6
2023-11-20,S004,P0005,Clothing,West,Autumn,1,0,195,124.8,70.2
2023-11-21,S004,P0005,Clothing,West,Autumn,0,0,55,83.6,-28.6
2023-11-22,S004,P0005,Clothing,West,Autumn,0,0,89,102.9,-13.9
2023-11-23,S004,P0005,Clothing,West,Autumn,1,0,176,127.5,48.5
2023-11-24,S004,P0005,Clothing,West,Autumn,0,0,149,100.9,48.1
2023-11-25,S004,P0005,Clothing,West,Autumn,1,0,87,128.0,-41.0
2023-11-26,S004,P0005,Clothing,West,Autumn,0,0,66,92.3,-26.3
2023-11-27,S004,P0005,Clothing,West,Autumn,0,0,75,94.6,-19.6
2023-11-28,S004,P0005,Clothing,West,Autumn,0,0,108,96.1,11.9
2023-11-29,S004,P0005,Clothing,West,Autumn,0,0,168,110.4,57.6
2023-11-30,S004,P0005,Clothing,West,Autumn,0,0,110,88.8,21.2
2023-12-01,S004,P0005,Clothing,West,Winter,1,0,124,118.8,5.2
2023-12-02,S004,P0005,Clothing,West,Winter,0,0,92,93.1,-1.1
2023-12-03,S004,P0005,Clothing,West,Winter,0,0,76,91.0,-15.0
2023-12-04,S004,P0005,Clothing,West,Winter,0,0,30,90.2,-60.2
2023-12-05,S004,P0005,Clothing,West,Winter,1,0,185,141.5,43.5
2023-12-06,S004,P0005,Clothing,West,Winter,0,0,154,107.8,46.2
2023-12-07,S004,P0005,Clothing,West,Winter,0,0,100,108.6,-8.6
2023-12-08,S004,P0005,Clothing,West,Winter,0,0,33,90.2,-57.2
2023-12-09,S004,P0005,Clothing,West,Winter,0,0,104,109.5,-5.5
2023-12-10,S004,P0005,Clothing,West,Winter,0,0,104,92.8,11.2
2023-12-11,S004,P0005,Clothing,West,Winter,0,0,150,94.3,55.7
2023-12-12,S004,P0005,Clothing,West,Winter,1,0,136,123.3,12.7
2023-12-13,S004,P0005,Clothing,West,Winter,0,0,116,96.3,19.7
2023-12-14,S004,P0005,Clothing,West,Winter,1,0,96,124.4,-28.4
2023-12-15,S004,P0005,Clothing,West,Winter,1,0,179,124.7,54.3
2023-12-16,S004,P0005,Clothing,West,Winter,1,0,76,144.6,-68.6
2023-12-17,S004,P0005,Clothing,West,Winter,1,0,206,133.4,72.6
2023-12-18,S004,P0005,Clothing,West,Winter,0,0,111,110.6,0.4
2023-12-19,S004,P0005,Clothing,West,Winter,1,0,167,154.3,12.7
2023-12-20,S004,P0005,Clothing,West,Winter,0,0,105,108.6,-3.6
2023-12-21,S004,P0005,Clothing,West,Winter,0,0,129,129.0,-0.0
2023-12-22,S004,P0005,Clothing,West,Winter,1,0,122,136.9,-14.9
2023-12-23,S004,P0005,Clothing,West,Winter,0,0,88,107.2,-19.2
2023-12-24,S004,P0005,Clothing,West,Winter,0,0,84,105.4,-21.4
2023-12-25,S004,P0005,Clothing,West,Winter,0,0,162,102.9,59.1
2023-12-26,S004,P0005,Clothing,West,Winter,0,0,157,112.5,44.5
2023-12-27,S004,P0005,Clothing,West,Winter,0,1,116,103.4,12.6
2023-12-28,S004,P0005,Clothing,West,Winter,1,1,193,140.7,52.3
2023-12-29,S004,P0005,Clothing,West,Winter,0,1,82,105.8,-23.8
2023-12-30,S004,P0005,Clothing,West,Winter,0,1,134,118.7,15.3
2023-12-31,S004,P0005,Clothing,West,Winter,0,1,71,102.2,-31.2
2024-01-01,S004,P0005,Clothing,West,Winter,0,1,141,120.3,20.7
2024-01-02,S004,P0005,Clothing,West,Winter,1,1,204,162.0,42.0
2024-01-03,S004,P0005,Clothing,West,Winter,1,1,160,141.1,18.9
2024-01-04,S004,P0005,Clothing,West,Winter,0,1,81,105.8,-24.8
2024-01-05,S004,P0005,Clothing,West,Winter,1,1,128,152.1,-24.1
2024-01-06,S004,P0005,Clothing,West,Winter,0,1,113,117.5,-4.5
2024-01-07,S004,P0005,Clothing,West,Winter,0,1,110,108.2,1.8
2024-01-08,S004,P0005,Clothing,West,Winter,0,1,127,123.6,3.4
2024-01-09,S004,P0005,Clothing,West,Winter,0,0,53,94.8,-41.8
2024-01-10,S004,P0005,Clothing,West,Winter,0,0,85,101.3,-16.3
2024-01-11,S004,P0005,Clothing,West,Winter,0,0,91,118.0,-27.0
2024-01-12,S004,P0005,Clothing,West,Winter,0,0,93,100.7,-7.7
2024-01-13,S004,P0005,Clothing,West,Winter,0,0,189,101.5,87.5
2024-01-14,S004,P0005,Clothing,West,Winter,0,0,67,102.8,-35.8
2024-01-15,S004,P0005,Clothing,West,Winter,0,0,105,101.1,3.9
2024-01-16,S004,P0005,Clothing,West,Winter,1,0,117,131.2,-14.2
2024-01-17,S004,P0005,Clothing,West,Winter,0,0,103,101.1,1.9
2024-01-18,S004,P0005,Clothing,West,Winter,0,0,101,101.2,-0.2
2024-01-19,S004,P0005,Clothing,West,Winter,1,0,148,134.2,13.8
2024-01-20,S004,P0005,Clothing,West,Winter,1,0,198,151.9,46.1
2024-01-21,S004,P0005,Clothing,West,Winter,1,0,106,131.2,-25.2
2024-01-22,S004,P0005,Clothing,West,Winter,0,0,31,92.6,-61.6
2024-01-23,S004,P0005,Clothing,West,Winter,0,0,80,96.7,-16.7
2024-01-24,S004,P0005,Clothing,West,Winter,1,0,101,128.3,-27.3
2024-01-25,S004,P0005,Clothing,West,Winter,0,0,105,100.0,5.0
2024-01-26,S004,P0005,Clothing,West,Winter,1,0,151,141.6,9.3
2024-01-27,S004,P0005,Clothing,West,Winter,1,0,222,137.6,84.4
2024-01-28,S004,P0005,Clothing,West,Winter,0,0,153,119.6,33.4
2024-01-29,S004,P0005,Clothing,West,Winter,0,0,56,107.7,-51.7
2024-01-30,S004,P0005,Clothing,West,Winter,0,0,98,106.4,-8.4
2023-09-07,S004,P0006,Groceries,West,Autumn,1,0,137,130.9,6.1
2023-09-08,S004,P0006,Groceries,West,Autumn,0,0,145,96.5,48.5
2023-09-09,S004,P0006,Groceries,West,Autumn,1,0,177,140.4,36.6
2023-09-10,S004,P0006,Groceries,West,Autumn,0,0,47,96.4,-49.4
2023-09-11,S004,P0006,Groceries,West,Autumn,0,0,213,123.7,89.3
2023-09-12,S004,P0006,Groceries,West,Autumn,0,0,98,104.5,-6.5
2023-09-13,S004,P0006,Groceries,West,Autumn,0,0,82,105.4,-23.4
2023-09-14,S004,P0006,Groceries,West,Autumn,0,0,105,121.6,-16.6
2023-09-15,S004,P0006,Groceries,West,Autumn,0,0,90,111.3,-21.3
2023-09-16,S004,P0006,Groceries,West,Autumn,0,0,70,86.8,-16.8
2023-09-17,S004,P0006,Groceries,West,Autumn,0,0,118,112.8,5.2
2023-09-18,S004,P0006,Groceries,West,Autumn,0,0,142,104.9,37.1
2023-09-19,S004,P0006,Groceries,West,Autumn,0,0,115,105.0,10.0
2023-09-20,S004,P0006,Groceries,West,Autumn,0,0,64,86.8,-22.8
2023-09-21,S004,P0006,Groceries,West,Autumn,0,0,138,112.6,25.3
2023-09-22,S004,P0006,Groceries,West,Autumn,0,0,70,112.4,-42.4
2023-09-23,S004,P0006,Groceries,West,Autumn,1,0,155,165.8,-10.8
2023-09-24,S004,P0006,Groceries,West,Autumn,0,0,93,104.2,-11.2
2023-09-25,S004,P0006,Groceries,West,Autumn,1,0,140,136.0,4.0
2023-09-26,S004,P0006,Groceries,West,Autumn,1,0,100,135.8,-35.8
2023-09-27,S004,P0006,Groceries,West,Autumn,1,0,170,131.4,38.6
2023-09-28,S004,P0006,Groceries,West,Autumn,1,0,92,162.4,-70.4
2023-09-29,S004,P0006,Groceries,West,Autumn,0,0,116,113.8,2.2
2023-09-30,S004,P0006,Groceries,West,Autumn,0,0,119,105.5,13.5
2023-10-01,S004,P0006,Groceries,West,Autumn,0,0,116,122.9,-6.9
2023-10-02,S004,P0006,Groceries,West,Autumn,0,0,112,111.9,0.1
2023-10-03,S004,P0006,Groceries,West,Autumn,0,0,96,99.5,-3.5
2023-10-04,S004,P0006,Groceries,West,Autumn,1,0,225,129.4,95.6
2023-10-05,S004,P0006,Groceries,West,Autumn,0,0,71,121.2,-50.2
2023-10-06,S004,P0006,Groceries,West,Autumn,0,0,147,123.9,23.1
2023-10-07,S004,P0006,Groceries,West,Autumn,0,1,61,79.4,-18.4
2023-10-08,S004,P0006,Groceries,West,Autumn,0,1,46,76.2,-30.2
2023-10-09,S004,P0006,Groceries,West,Autumn,0,1,82,92.0,-10.0
2023-10-10,S004,P0006,Groceries,West,Autumn,1,1,66,102.4,-36.4
2023-10-11,S004,P0006,Groceries,West,Autumn,1,1,107,100.7,6.3
2023-10-12,S004,P0006,Groceries,West,Autumn,0,1,53,80.6,-27.6
2023-10-13,S004,P0006,Groceries,West,Autumn,0,1,90,83.1,6.9
2023-10-14,S004,P0006,Groceries,West,Autumn,1,1,38,113.0,-75.0
2023-10-15,S004,P0006,Groceries,West,Autumn,0,1,56,102.8,-46.8
2023-10-16,S004,P0006,Groceries,West,Autumn,1,1,75,97.9,-22.9
2023-10-17,S004,P0006,Groceries,West,Autumn,0,1,80,87.5,-7.5
2023-10-18,S004,P0006,Groceries,West,Autumn,1,1,85,100.3,-15.3
2023-10-19,S004,P0006,Groceries,West,Autumn,1,1,29,96.6,-67.6
2023-10-20,S004,P0006,Groceries,West,Autumn,0,1,55,95.3,-40.3
2023-10-21,S004,P0006,Groceries,West,Autumn,0,1,79,90.6,-11.6
2023-10-22,S004,P0006,Groceries,West,Autumn,1,1,60,100.0,-40.0
2023-10-23,S004,P0006,Groceries,West,Autumn,1,1,103,100.8,2.2
2023-10-24,S004,P0006,Groceries,West,Autumn,0,1,55,87.3,-32.3
2023-10-25,S004,P0006,Groceries,West,Autumn,1,0,124,137.5,-13.5
2023-10-26,S004,P0006,Groceries,West,Autumn,0,0,34,97.3,-63.3
2023-10-27,S004,P0006,Groceries,West,Autumn,0,0,149,101.1,47.9
2023-10-28,S004,P0006,Groceries,West,Autumn,0,0,155,99.8,55.2
2023-10-29,S004,P0006,Groceries,West,Autumn,0,0,141,95.6,45.4
2023-10-30,S004,P0006,Groceries,West,Autumn,0,0,90,99.6,-9.6
2023-10-31,S004,P0006,Groceries,West,Autumn,0,0,142,124.8,17.2
2023-11-01,S004,P0006,Groceries,West,Autumn,0,0,114,102.8,11.2
2023-11-02,S004,P0006,Groceries,West,Autumn,0,0,115,109.3,5.7
2023-11-03,S004,P0006,Groceries,West,Autumn,0,0,146,105.6,40.3
2023-11-04,S004,P0006,Groceries,West,Autumn,0,0,109,109.1,-0.1
2023-11-05,S004,P0006,Groceries,West,Autumn,0,0,167,115.8,51.2
2023-11-06,S004,P0006,Groceries,West,Autumn,0,0,135,102.6,32.4
2023-11-07,S004,P0006,Groceries,West,Autumn,0,0,119,124.6,-5.6
2023-11-08,S004,P0006,Groceries,West,Autumn,0,0,160,107.6,52.4
2023-11-09,S004,P0006,Groceries,West,Autumn,1,0,215,143.3,71.7
2023-11-10,S004,P0006,Groceries,West,Autumn,1,0,145,171.4,-26.4
2023-11-11,S004,P0006,Groceries,West,Autumn,0,0,173,125.8,47.2
2023-11-12,S004,P0006,Groceries,West,Autumn,1,0,128,151.1,-23.1
2023-11-13,S004,P0006,Groceries,West,Autumn,1,0,119,141.0,-21.9
2023-11-14,S004,P0006,Groceries,West,Autumn,0,0,126,102.4,23.6
2023-11-15,S004,P0006,Groceries,West,Autumn,1,0,106,193.1,-87.1
2023-11-16,S004,P0006,Groceries,West,Autumn,0,0,155,110.8,44.2
2023-11-17,S004,P0006,Groceries,West,Autumn,1,0,82,167.7,-85.7
2023-11-18,S004,P0006,Groceries,West,Autumn,1,0,144,165.6,-21.7
2023-11-19,S004,P0006,Groceries,West,Autumn,0,0,129,110.9,18.1
2023-11-20,S004,P0006,Groceries,West,Autumn,0,0,109,106.0,3.0
2023-11-21,S004,P0006,Groceries,West,Autumn,0,0,118,104.9,13.1
2023-11-22,S004,P0006,Groceries,West,Autumn,1,0,85,169.7,-84.7
2023-11-23,S004,P0006,Groceries,West,Autumn,0,0,144,116.9,27.1
2023-11-24,S004,P0006,Groceries,West,Autumn,0,0,98,111.7,-13.7
2023-11-25,S004,P0006,Groceries,West,Autumn,0,0,155,109.2,45.8
2023-11-26,S004,P0006,Groceries,West,Autumn,0,0,111,104.1,6.9
2023-11-27,S004,P0006,Groceries,West,Autumn,1,0,183,135.7,47.3
2023-11-28,S004,P0006,Groceries,West,Autumn,1,0,188,137.2,50.8
2023-11-29,S004,P0006,Groceries,West,Autumn,0,0,161,127.0,34.0
2023-11-30,S004,P0006,Groceries,West,Autumn,0,0,121,105.8,15.2
2023-12-01,S004,P0006,Groceries,West,Winter,0,0,55,105.5,-50.5
2023-12-02,S004,P0006,Groceries,West,Winter,0,0,154,103.4,50.6
2023-12-03,S004,P0006,Groceries,West,Winter,1,0,96,124.9,-28.9
2023-12-04,S004,P0006,Groceries,West,Winter,0,0,129,102.0,27.0
2023-12-05,S004,P0006,Groceries,West,Winter,0,0,81,123.6,-42.7
2023-12-06,S004,P0006,Groceries,West,Winter,1,0,169,163.3,5.7
2023-12-07,S004,P0006,Groceries,West,Winter,1,0,177,159.3,17.7
2023-12-08,S004,P0006,Groceries,West,Winter,1,0,125,134.7,-9.7
2023-12-09,S004,P0006,Groceries,West,Winter,1,0,96,172.2,-76.2
2023-12-10,S004,P0006,Groceries,West,Winter,0,0,145,102.1,42.9
2023-12-11,S004,P0006,Groceries,West,Winter,0,0,63,100.9,-37.9
2023-12-12,S004,P0006,Groceries,West,Winter,1,0,100,131.7,-31.7
2023-12-13,S004,P0006,Groceries,West,Winter,0,0,89,101.5,-12.5
2023-12-14,S004,P0006,Groceries,West,Winter,0,0,95,104.2,-9.2
2023-12-15,S004,P0006,Groceries,West,Winter,1,0,50,127.6,-77.6
2023-12-16,S004,P0006,Groceries,West,Winter,0,0,129,114.0,15.0
2023-12-17,S004,P0006,Groceries,West,Winter,1,0,61,133.8,-72.8
2023-12-18,S004,P0006,Groceries,West,Winter,1,0,105,123.6,-18.6
2023-12-19,S004,P0006,Groceries,West,Winter,0,0,128,114.4,13.6
2023-12-20,S004,P0006,Groceries,West,Winter,0,0,141,95.1,45.9
2023-12-21,S004,P0006,Groceries,West,Winter,1,0,71,168.0,-97.1
2023-12-22,S004,P0006,Groceries,West,Winter,0,0,73,84.5,-11.5
2023-12-23,S004,P0006,Groceries,West,Winter,0,0,130,103.2,26.8
2023-12-24,S004,P0006,Groceries,West,Winter,0,0,122,115.6,6.3
2023-12-25,S004,P0006,Groceries,West,Winter,0,0,94,111.5,-17.5
2023-12-26,S004,P0006,Groceries,West,Winter,0,0,91,97.2,-6.2
2023-12-27,S004,P0006,Groceries,West,Winter,0,1,43,79.2,-36.2
2023-12-28,S004,P0006,Groceries,West,Winter,0,1,55,88.7,-33.7
2023-12-29,S004,P0006,Groceries,West,Winter,0,1,63,86.1,-23.1
2023-12-30,S004,P0006,Groceries,West,Winter,0,1,89,102.6,-13.6
2023-12-31,S004,P0006,Groceries,West,Winter,0,1,56,77.2,-21.2
2024-01-01,S004,P0006,Groceries,West,Winter,0,1,129,80.2,48.8
2024-01-02,S004,P0006,Groceries,West,Winter,1,1,63,104.1,-41.1
2024-01-03,S004,P0006,Groceries,West,Winter,1,1,71,93.1,-22.1
2024-01-04,S004,P0006,Groceries,West,Winter,1,1,113,92.9,20.1
2024-01-05,S004,P0006,Groceries,West,Winter,0,1,33,74.4,-41.4
2024-01-06,S004,P0006,Groceries,West,Winter,0,1,103,78.4,24.6
2024-01-07,S004,P0006,Groceries,West,Winter,0,1,63,65.3,-2.3
2024-01-08,S004,P0006,Groceries,West,Winter,1,1,149,107.9,41.1
2024-01-09,S004,P0006,Groceries,West,Winter,0,0,150,94.3,55.7
2024-01-10,S004,P0006,Groceries,West,Winter,0,0,154,112.6,41.4
2024-01-11,S004,P0006,Groceries,West,Winter,0,0,105,114.0,-9.0
2024-01-12,S004,P0006,Groceries,West,Winter,1,0,100,133.1,-33.1
2024-01-13,S004,P0006,Groceries,West,Winter,0,0,65,94.3,-29.3
2024-01-14,S004,P0006,Groceries,West,Winter,0,0,73,96.9,-23.9
2024-01-15,S004,P0006,Groceries,West,Winter,0,0,92,97.8,-5.8
2024-01-16,S004,P0006,Groceries,West,Winter,0,0,55,91.0,-36.0
2024-01-17,S004,P0006,Groceries,West,Winter,0,0,30,89.6,-59.6
2024-01-18,S004,P0006,Groceries,West,Winter,0,0,101,97.3,3.7
2024-01-19,S004,P0006,Groceries,West,Winter,0,0,80,96.7,-16.7
2024-01-20,S004,P0006,Groceries,West,Winter,0,0,89,91.8,-2.8
2024-01-21,S004,P0006,Groceries,West,Winter,1,0,87,126.7,-39.7
2024-01-22,S004,P0006,Groceries,West,Winter,0,0,157,102.5,54.5
2024-01-23,S004,P0006,Groceries,West,Winter,1,0,119,137.9,-18.9
2024-01-24,S004,P0006,Groceries,West,Winter,1,0,121,142.2,-21.2
2024-01-25,S004,P0006,Groceries,West,Winter,1,0,191,136.9,54.1
2024-01-26,S004,P0006,Groceries,West,Winter,0,0,140,119.2,20.8
2024-01-27,S004,P0006,Groceries,West,Winter,0,0,87,109.8,-22.8
2024-01-28,S004,P0006,Groceries,West,Winter,1,0,223,167.8,55.2
2024-01-29,S004,P0006,Groceries,West,Winter,0,0,118,126.7,-8.7
2024-01-30,S004,P0006,Groceries,West,Winter,0,0,98,101.3,-3.3
2023-09-07,S004,P0007,Groceries,West,Autumn,1,0,126,141.5,-15.5
2023-09-08,S004,P0007,Groceries,West,Autumn,1,0,111,136.9,-25.9
2023-09-09,S004,P0007,Groceries,West,Autumn,1,0,202,144.8,57.2
2023-09-10,S004,P0007,Groceries,West,Autumn,0,0,100,104.8,-4.8
2023-09-11,S004,P0007,Groceries,West,Autumn,0,0,172,130.3,41.7
2023-09-12,S004,P0007,Groceries,West,Autumn,0,0,160,108.2,51.8
2023-09-13,S004,P0007,Groceries,West,Autumn,0,0,106,107.4,-1.5
2023-09-14,S004,P0007,Groceries,West,Autumn,1,0,135,180.0,-44.9
2023-09-15,S004,P0007,Groceries,West,Autumn,1,0,206,149.0,57.0
2023-09-16,S004,P0007,Groceries,West,Autumn,0,0,118,106.8,11.2
2023-09-17,S004,P0007,Groceries,West,Autumn,0,0,95,110.8,-15.8
2023-09-18,S004,P0007,Groceries,West,Autumn,1,0,175,138.0,37.0
2023-09-19,S004,P0007,Groceries,West,Autumn,1,0,175,138.0,37.0
2023-09-20,S004,P0007,Groceries,West,Autumn,0,0,110,105.1,4.9
2023-09-21,S004,P0007,Groceries,West,Autumn,0,0,133,113.1,19.9
2023-09-22,S004,P0007,Groceries,West,Autumn,0,0,105,111.6,-6.5
2023-09-23,S004,P0007,Groceries,West,Autumn,1,0,230,168.8,61.2
2023-09-24,S004,P0007,Groceries,West,Autumn,0,0,109,110.8,-1.8
2023-09-25,S004,P0007,Groceries,West,Autumn,0,0,60,110.1,-50.1
2023-09-26,S004,P0007,Groceries,West,Autumn,0,0,112,107.3,4.7
2023-09-27,S004,P0007,Groceries,West,Autumn,0,0,116,108.8,7.2
2023-09-28,S004,P0007,Groceries,West,Autumn,1,0,168,172.9,-4.9
2023-09-29,S004,P0007,Groceries,West,Autumn,0,0,111,113.0,-2.0
2023-09-30,S004,P0007,Groceries,West,Autumn,0,0,137,107.8,29.2
2023-10-01,S004,P0007,Groceries,West,Autumn,1,0,115,164.8,-49.8
2023-10-02,S004,P0007,Groceries,West,Autumn,1,0,154,140.0,14.1
2023-10-03,S004,P0007,Groceries,West,Autumn,0,0,81,101.9,-20.9
2023-10-04,S004,P0007,Groceries,West,Autumn,0,0,75,108.0,-33.0
2023-10-05,S004,P0007,Groceries,West,Autumn,0,0,147,136.0,11.0
2023-10-06,S004,P0007,Groceries,West,Autumn,1,0,190,166.3,23.7
2023-10-07,S004,P0007,Groceries,West,Autumn,1,1,107,114.9,-7.9
2023-10-08,S004,P0007,Groceries,West,Autumn,0,1,33,83.4,-50.4
2023-10-09,S004,P0007,Groceries,West,Autumn,0,1,73,89.7,-16.7
2023-10-10,S004,P0007,Groceries,West,Autumn,1,1,106,106.8,-0.8
2023-10-11,S004,P0007,Groceries,West,Autumn,1,1,27,101.3,-74.3
2023-10-12,S004,P0007,Groceries,West,Autumn,0,1,71,76.5,-5.5
2023-10-13,S004,P0007,Groceries,West,Autumn,0,1,88,78.6,9.4
2023-10-14,S004,P0007,Groceries,West,Autumn,1,1,25,101.4,-76.4
2023-10-15,S004,P0007,Groceries,West,Autumn,0,1,86,99.2,-13.2
2023-10-16,S004,P0007,Groceries,West,Autumn,0,1,52,87.0,-35.0
2023-10-17,S004,P0007,Groceries,West,Autumn,0,1,93,80.3,12.7
2023-10-18,S004,P0007,Groceries,West,Autumn,1,1,111,106.4,4.6
2023-10-19,S004,P0007,Groceries,West,Autumn,0,1,62,83.0,-21.0
2023-10-20,S004,P0007,Groceries,West,Autumn,0,1,68,89.8,-21.8
2023-10-21,S004,P0007,Groceries,West,Autumn,1,1,64,101.0,-37.0
2023-10-22,S004,P0007,Groceries,West,Autumn,0,1,94,88.3,5.7
2023-10-23,S004,P0007,Groceries,West,Autumn,0,1,107,86.4,20.7
2023-10-24,S004,P0007,Groceries,West,Autumn,0,1,46,79.6,-33.6
2023-10-25,S004,P0007,Groceries,West,Autumn,1,0,156,172.2,-16.2
2023-10-26,S004,P0007,Groceries,West,Autumn,0,0,124,108.5,15.5
2023-10-27,S004,P0007,Groceries,West,Autumn,0,0,154,122.8,31.2
2023-10-28,S004,P0007,Groceries,West,Autumn,0,0,102,113.3,-11.3
2023-10-29,S004,P0007,Groceries,West,Autumn,0,0,70,103.5,-33.5
2023-10-30,S004,P0007,Groceries,West,Autumn,0,0,31,99.0,-68.0
2023-10-31,S004,P0007,Groceries,West,Autumn,0,0,141,133.2,7.8
2023-11-01,S004,P0007,Groceries,West,Autumn,0,0,79,110.6,-31.6
2023-11-02,S004,P0007,Groceries,West,Autumn,0,0,75,113.8,-38.8
2023-11-03,S004,P0007,Groceries,West,Autumn,0,0,136,109.4,26.6
2023-11-04,S004,P0007,Groceries,West,Autumn,0,0,134,116.1,17.9
2023-11-05,S004,P0007,Groceries,West,Autumn,1,0,168,147.9,20.1
2023-11-06,S004,P0007,Groceries,West,Autumn,0,0,133,109.8,23.2
2023-11-07,S004,P0007,Groceries,West,Autumn,1,0,157,167.8,-10.8
2023-11-08,S004,P0007,Groceries,West,Autumn,0,0,169,113.6,55.4
2023-11-09,S004,P0007,Groceries,West,Autumn,0,0,176,111.4,64.6
2023-11-10,S004,P0007,Groceries,West,Autumn,0,0,115,128.3,-13.3
2023-11-11,S004,P0007,Groceries,West,Autumn,0,0,90,126.9,-36.9
2023-11-12,S004,P0007,Groceries,West,Autumn,0,0,132,112.8,19.2
2023-11-13,S004,P0007,Groceries,West,Autumn,1,0,206,136.3,69.7
2023-11-14,S004,P0007,Groceries,West,Autumn,0,0,120,102.8,17.2
2023-11-15,S004,P0007,Groceries,West,Autumn,0,0,109,127.1,-18.1
2023-11-16,S004,P0007,Groceries,West,Autumn,1,0,185,147.2,37.8
2023-11-17,S004,P0007,Groceries,West,Autumn,1,0,193,164.4,28.6
2023-11-18,S004,P0007,Groceries,West,Autumn,1,0,170,174.5,-4.5
2023-11-19,S004,P0007,Groceries,West,Autumn,0,0,160,109.9,50.1
2023-11-20,S004,P0007,Groceries,West,Autumn,0,0,71,107.7,-36.7
2023-11-21,S004,P0007,Groceries,West,Autumn,1,0,162,139.8,22.2
2023-11-22,S004,P0007,Groceries,West,Autumn,1,0,192,184.7,7.3
2023-11-23,S004,P0007,Groceries,West,Autumn,1,0,115,157.3,-42.3
2023-11-24,S004,P0007,Groceries,West,Autumn,0,0,159,111.1,47.9
2023-11-25,S004,P0007,Groceries,West,Autumn,0,0,103,107.0,-4.0
2023-11-26,S004,P0007,Groceries,West,Autumn,1,0,184,136.6,47.4
2023-11-27,S004,P0007,Groceries,West,Autumn,0,0,105,113.3,-8.3
2023-11-28,S004,P0007,Groceries,West,Autumn,0,0,113,113.8,-0.8
2023-11-29,S004,P0007,Groceries,West,Autumn,0,0,204,125.5,78.5
2023-11-30,S004,P0007,Groceries,West,Autumn,0,0,116,110.2,5.8
2023-12-01,S004,P0007,Groceries,West,Winter,0,0,41,102.7,-61.7
2023-12-02,S004,P0007,Groceries,West,Winter,1,0,147,136.6,10.4
2023-12-03,S004,P0007,Groceries,West,Winter,0,0,70,102.0,-32.0
2023-12-04,S004,P0007,Groceries,West,Winter,0,0,101,108.5,-7.5
2023-12-05,S004,P0007,Groceries,West,Winter,0,0,39,120.7,-81.7
2023-12-06,S004,P0007,Groceries,West,Winter,1,0,201,163.6,37.4
2023-12-07,S004,P0007,Groceries,West,Winter,1,0,160,169.1,-9.1
2023-12-08,S004,P0007,Groceries,West,Winter,0,0,128,111.5,16.5
2023-12-09,S004,P0007,Groceries,West,Winter,0,0,198,131.0,67.0
2023-12-10,S004,P0007,Groceries,West,Winter,1,0,139,136.7,2.3
2023-12-11,S004,P0007,Groceries,West,Winter,1,0,89,133.5,-44.5
2023-12-12,S004,P0007,Groceries,West,Winter,0,0,120,104.1,15.9
2023-12-13,S004,P0007,Groceries,West,Winter,0,0,61,110.7,-49.7
2023-12-14,S004,P0007,Groceries,West,Winter,0,0,138,114.0,24.0
2023-12-15,S004,P0007,Groceries,West,Winter,1,0,15,131.9,-116.9
2023-12-16,S004,P0007,Groceries,West,Winter,1,0,220,165.8,54.2
2023-12-17,S004,P0007,Groceries,West,Winter,0,0,110,121.7,-11.7
2023-12-18,S004,P0007,Groceries,West,Winter,0,0,154,100.8,53.2
2023-12-19,S004,P0007,Groceries,West,Winter,1,0,124,170.0,-46.0
2023-12-20,S004,P0007,Groceries,West,Winter,0,0,70,100.7,-30.7
2023-12-21,S004,P0007,Groceries,West,Winter,0,0,101,127.8,-26.8
2023-12-22,S004,P0007,Groceries,West,Winter,0,0,120,114.4,5.6
2023-12-23,S004,P0007,Groceries,West,Winter,1,0,128,135.4,-7.4
2023-12-24,S004,P0007,Groceries,West,Winter,1,0,221,138.9,82.1
2023-12-25,S004,P0007,Groceries,West,Winter,0,0,58,108.2,-50.2
2023-12-26,S004,P0007,Groceries,West,Winter,0,0,153,116.5,36.5
2023-12-27,S004,P0007,Groceries,West,Winter,0,1,105,76.1,28.9
2023-12-28,S004,P0007,Groceries,West,Winter,0,1,55,82.7,-27.7
2023-12-29,S004,P0007,Groceries,West,Winter,0,1,26,74.3,-48.3
2023-12-30,S004,P0007,Groceries,West,Winter,0,1,105,91.5,13.5
2023-12-31,S004,P0007,Groceries,West,Winter,0,1,116,78.4,37.6
2024-01-01,S004,P0007,Groceries,West,Winter,1,1,42,99.7,-57.7
2024-01-02,S004,P0007,Groceries,West,Winter,0,1,46,85.7,-39.7
2024-01-03,S004,P0007,Groceries,West,Winter,1,1,75,93.6,-18.6
2024-01-04,S004,P0007,Groceries,West,Winter,1,1,88,97.6,-9.6
2024-01-05,S004,P0007,Groceries,West,Winter,0,1,50,89.2,-39.2
2024-01-06,S004,P0007,Groceries,West,Winter,0,1,72,82.2,-10.2
2024-01-07,S004,P0007,Groceries,West,Winter,0,1,77,68.1,8.9
2024-01-08,S004,P0007,Groceries,West,Winter,0,1,39,83.2,-44.2
2024-01-09,S004,P0007,Groceries,West,Winter,0,0,116,94.6,21.4
2024-01-10,S004,P0007,Groceries,West,Winter,1,0,125,127.6,-2.6
2024-01-11,S004,P0007,Groceries,West,Winter,0,0,98,98.7,-0.7
2024-01-12,S004,P0007,Groceries,West,Winter,0,0,107,96.9,10.1
2024-01-13,S004,P0007,Groceries,West,Winter,1,0,210,138.0,72.0
2024-01-14,S004,P0007,Groceries,West,Winter,0,0,146,118.4,27.6
2024-01-15,S004,P0007,Groceries,West,Winter,0,0,157,121.7,35.3
2024-01-16,S004,P0007,Groceries,West,Winter,1,0,158,133.8,24.2
2024-01-17,S004,P0007,Groceries,West,Winter,1,0,81,134.0,-53.0
2024-01-18,S004,P0007,Groceries,West,Winter,0,0,38,101.0,-63.0
2024-01-19,S004,P0007,Groceries,West,Winter,0,0,103,106.6,-3.5
2024-01-20,S004,P0007,Groceries,West,Winter,1,0,116,158.4,-42.4
2024-01-21,S004,P0007,Groceries,West,Winter,0,0,52,99.8,-47.8
2024-01-22,S004,P0007,Groceries,West,Winter,0,0,69,108.6,-39.6
2024-01-23,S004,P0007,Groceries,West,Winter,0,0,86,99.3,-13.3
2024-01-24,S004,P0007,Groceries,West,Winter,0,0,76,94.1,-18.1
2024-01-25,S004,P0007,Groceries,West,Winter,1,0,152,142.4,9.6
2024-01-26,S004,P0007,Groceries,West,Winter,0,0,94,124.1,-30.1
2024-01-27,S004,P0007,Groceries,West,Winter,1,0,218,133.7,84.3
2024-01-28,S004,P0007,Groceries,West,Winter,0,0,156,122.1,33.9
2024-01-29,S004,P0007,Groceries,West,Winter,0,0,89,123.2,-34.2
2024-01-30,S004,P0007,Groceries,West,Winter,0,0,154,108.4,45.6
2023-09-07,S004,P0008,Furniture,West,Autumn,1,0,85,82.2,2.8
2023-09-08,S004,P0008,Furniture,West,Autumn,1,0,35,56.1,-21.1
2023-09-09,S004,P0008,Furniture,West,Autumn,0,0,30,36.7,-6.7
2023-09-10,S004,P0008,Furniture,West,Autumn,1,0,102,106.0,-4.0
2023-09-11,S004,P0008,Furniture,West,Autumn,0,0,100,94.7,5.3
2023-09-12,S004,P0008,Furniture,West,Autumn,1,0,50,58.5,-8.5
2023-09-13,S004,P0008,Furniture,West,Autumn,0,0,83,76.7,6.3
2023-09-14,S004,P0008,Furniture,West,Autumn,0,0,86,85.4,0.6
2023-09-15,S004,P0008,Furniture,West,Autumn,0,0,48,55.2,-7.2
2023-09-16,S004,P0008,Furniture,West,Autumn,0,0,78,79.2,-1.2
2023-09-17,S004,P0008,Furniture,West,Autumn,0,0,85,93.6,-8.6
2023-09-18,S004,P0008,Furniture,West,Autumn,0,0,61,69.8,-8.8
2023-09-19,S004,P0008,Furniture,West,Autumn,1,0,116,106.6,9.4
2023-09-20,S004,P0008,Furniture,West,Autumn,0,0,79,80.5,-1.5
2023-09-21,S004,P0008,Furniture,West,Autumn,1,0,56,81.9,-25.9
2023-09-22,S004,P0008,Furniture,West,Autumn,1,0,92,86.1,5.9
2023-09-23,S004,P0008,Furniture,West,Autumn,0,0,64,67.2,-3.2
2023-09-24,S004,P0008,Furniture,West,Autumn,0,0,35,42.1,-7.1
2023-09-25,S004,P0008,Furniture,West,Autumn,1,0,51,74.1,-23.1
2023-09-26,S004,P0008,Furniture,West,Autumn,0,0,57,57.0,-0.0
2023-09-27,S004,P0008,Furniture,West,Autumn,1,0,48,49.5,-1.5
2023-09-28,S004,P0008,Furniture,West,Autumn,0,0,49,60.0,-11.0
2023-09-29,S004,P0008,Furniture,West,Autumn,0,0,61,58.8,2.2
2023-09-30,S004,P0008,Furniture,West,Autumn,0,0,49,54.9,-5.9
2023-10-01,S004,P0008,Furniture,West,Autumn,1,0,136,97.1,38.9
2023-10-02,S004,P0008,Furniture,West,Autumn,1,0,171,122.8,48.2
2023-10-03,S004,P0008,Furniture,West,Autumn,0,0,60,61.9,-1.9
2023-10-04,S004,P0008,Furniture,West,Autumn,1,0,83,74.6,8.3
2023-10-05,S004,P0008,Furniture,West,Autumn,0,0,33,35.4,-2.4
2023-10-06,S004,P0008,Furniture,West,Autumn,0,0,40,43.9,-3.9
2023-10-07,S004,P0008,Furniture,West,Autumn,0,1,26,33.3,-7.3
2023-10-08,S004,P0008,Furniture,West,Autumn,1,1,33,40.3,-7.3
2023-10-09,S004,P0008,Furniture,West,Autumn,0,1,37,32.1,4.9
2023-10-10,S004,P0008,Furniture,West,Autumn,0,1,26,29.2,-3.2
2023-10-11,S004,P0008,Furniture,West,Autumn,0,1,28,29.4,-1.4
2023-10-12,S004,P0008,Furniture,West,Autumn,1,1,41,38.6,2.4
2023-10-13,S004,P0008,Furniture,West,Autumn,0,1,37,30.5,6.5
2023-10-14,S004,P0008,Furniture,West,Autumn,0,1,42,34.4,7.6
2023-10-15,S004,P0008,Furniture,West,Autumn,0,1,34,35.6,-1.6
2023-10-16,S004,P0008,Furniture,West,Autumn,0,1,27,29.2,-2.2
2023-10-17,S004,P0008,Furniture,West,Autumn,0,1,39,31.8,7.2
2023-10-18,S004,P0008,Furniture,West,Autumn,1,1,20,39.9,-19.9
2023-10-19,S004,P0008,Furniture,West,Autumn,1,1,51,37.8,13.2
2023-10-20,S004,P0008,Furniture,West,Autumn,0,1,35,30.0,5.1
2023-10-21,S004,P0008,Furniture,West,Autumn,1,1,83,40.6,42.4
2023-10-22,S004,P0008,Furniture,West,Autumn,0,1,44,33.3,10.7
2023-10-23,S004,P0008,Furniture,West,Autumn,1,1,28,40.5,-12.5
2023-10-24,S004,P0008,Furniture,West,Autumn,0,1,30,30.9,-0.9
2023-10-25,S004,P0008,Furniture,West,Autumn,0,0,90,71.6,18.4
2023-10-26,S004,P0008,Furniture,West,Autumn,0,0,107,69.2,37.8
2023-10-27,S004,P0008,Furniture,West,Autumn,1,0,46,48.5,-2.5
2023-10-28,S004,P0008,Furniture,West,Autumn,0,0,119,103.2,15.8
2023-10-29,S004,P0008,Furniture,West,Autumn,0,0,60,68.4,-8.4
2023-10-30,S004,P0008,Furniture,West,Autumn,0,0,71,71.4,-0.4
2023-10-31,S004,P0008,Furniture,West,Autumn,0,0,108,105.1,2.9
2023-11-01,S004,P0008,Furniture,West,Autumn,0,0,83,82.6,0.4
2023-11-02,S004,P0008,Furniture,West,Autumn,0,0,77,75.3,1.7
2023-11-03,S004,P0008,Furniture,West,Autumn,1,0,102,102.7,-0.7
2023-11-04,S004,P0008,Furniture,West,Autumn,0,0,56,58.1,-2.1
2023-11-05,S004,P0008,Furniture,West,Autumn,1,0,179,105.2,73.8
2023-11-06,S004,P0008,Furniture,West,Autumn,0,0,46,55.3,-9.3
2023-11-07,S004,P0008,Furniture,West,Autumn,0,0,73,74.8,-1.8
2023-11-08,S004,P0008,Furniture,West,Autumn,0,0,46,46.5,-0.5
2023-11-09,S004,P0008,Furniture,West,Autumn,1,0,105,96.2,8.8
2023-11-10,S004,P0008,Furniture,West,Autumn,1,0,110,98.9,11.1
2023-11-11,S004,P0008,Furniture,West,Autumn,0,0,106,99.9,6.1
2023-11-12,S004,P0008,Furniture,West,Autumn,1,0,66,80.0,-14.0
2023-11-13,S004,P0008,Furniture,West,Autumn,1,0,108,96.0,12.0
2023-11-14,S004,P0008,Furniture,West,Autumn,0,0,76,74.8,1.2
2023-11-15,S004,P0008,Furniture,West,Autumn,0,0,55,52.3,2.7
2023-11-16,S004,P0008,Furniture,West,Autumn,0,0,63,62.4,0.6
2023-11-17,S004,P0008,Furniture,West,Autumn,1,0,67,61.5,5.5
2023-11-18,S004,P0008,Furniture,West,Autumn,1,0,144,133.2,10.8
2023-11-19,S004,P0008,Furniture,West,Autumn,0,0,86,81.7,4.3
2023-11-20,S004,P0008,Furniture,West,Autumn,1,0,45,47.8,-2.8
2023-11-21,S004,P0008,Furniture,West,Autumn,0,0,68,68.4,-0.4
2023-11-22,S004,P0008,Furniture,West,Autumn,0,0,110,100.0,10.0
2023-11-23,S004,P0008,Furniture,West,Autumn,0,0,67,73.4,-6.4
2023-11-24,S004,P0008,Furniture,West,Autumn,1,0,172,139.4,32.6
2023-11-25,S004,P0008,Furniture,West,Autumn,0,0,95,81.6,13.4
2023-11-26,S004,P0008,Furniture,West,Autumn,0,0,49,48.4,0.6
2023-11-27,S004,P0008,Furniture,West,Autumn,0,0,24,34.0,-10.0
2023-11-28,S004,P0008,Furniture,West,Autumn,0,0,49,45.3,3.7
2023-11-29,S004,P0008,Furniture,West,Autumn,0,0,123,108.8,14.2
2023-11-30,S004,P0008,Furniture,West,Autumn,0,0,65,72.2,-7.2
2023-12-01,S004,P0008,Furniture,West,Winter,0,0,94,88.3,5.7
2023-12-02,S004,P0008,Furniture,West,Winter,0,0,72,73.8,-1.8
2023-12-03,S004,P0008,Furniture,West,Winter,0,0,39,37.7,1.3
2023-12-04,S004,P0008,Furniture,West,Winter,1,0,101,101.7,-0.7
2023-12-05,S004,P0008,Furniture,West,Winter,1,0,130,110.7,19.3
2023-12-06,S004,P0008,Furniture,West,Winter,0,0,58,64.3,-6.3
2023-12-07,S004,P0008,Furniture,West,Winter,0,0,51,52.7,-1.7
2023-12-08,S004,P0008,Furniture,West,Winter,0,0,42,44.3,-2.3
2023-12-09,S004,P0008,Furniture,West,Winter,0,0,63,62.0,1.0
2023-12-10,S004,P0008,Furniture,West,Winter,0,0,57,57.0,0.0
2023-12-11,S004,P0008,Furniture,West,Winter,0,0,48,48.9,-0.9
2023-12-12,S004,P0008,Furniture,West,Winter,1,0,117,105.2,11.8
2023-12-13,S004,P0008,Furniture,West,Winter,0,0,98,90.4,7.6
2023-12-14,S004,P0008,Furniture,West,Winter,1,0,111,117.8,-6.8
2023-12-15,S004,P0008,Furniture,West,Winter,1,0,50,55.6,-5.6
2023-12-16,S004,P0008,Furniture,West,Winter,0,0,51,56.6,-5.5
2023-12-17,S004,P0008,Furniture,West,Winter,1,0,121,122.7,-1.7
2023-12-18,S004,P0008,Furniture,West,Winter,0,0,93,88.1,4.9
2023-12-19,S004,P0008,Furniture,West,Winter,0,0,112,107.2,4.8
2023-12-20,S004,P0008,Furniture,West,Winter,1,0,105,114.6,-9.6
2023-12-21,S004,P0008,Furniture,West,Winter,0,0,85,82.2,2.8
2023-12-22,S004,P0008,Furniture,West,Winter,1,0,72,76.3,-4.3
2023-12-23,S004,P0008,Furniture,West,Winter,1,0,71,79.6,-8.6
2023-12-24,S004,P0008,Furniture,West,Winter,0,0,35,47.1,-12.1
2023-12-25,S004,P0008,Furniture,West,Winter,0,0,59,60.2,-1.2
2023-12-26,S004,P0008,Furniture,West,Winter,1,0,106,103.0,3.0
2023-12-27,S004,P0008,Furniture,West,Winter,0,1,42,32.0,10.0
2023-12-28,S004,P0008,Furniture,West,Winter,0,1,52,31.7,20.3
2023-12-29,S004,P0008,Furniture,West,Winter,0,1,22,31.1,-9.1
2023-12-30,S004,P0008,Furniture,West,Winter,0,1,38,36.7,1.3
2023-12-31,S004,P0008,Furniture,West,Winter,0,1,30,30.2,-0.1
2024-01-01,S004,P0008,Furniture,West,Winter,0,1,49,36.4,12.6
2024-01-02,S004,P0008,Furniture,West,Winter,0,1,18,33.6,-15.6
2024-01-03,S004,P0008,Furniture,West,Winter,1,1,51,38.7,12.3
2024-01-04,S004,P0008,Furniture,West,Winter,1,1,34,38.6,-4.6
2024-01-05,S004,P0008,Furniture,West,Winter,1,1,37,46.6,-9.6
2024-01-06,S004,P0008,Furniture,West,Winter,0,1,28,33.1,-5.1
2024-01-07,S004,P0008,Furniture,West,Winter,0,1,46,31.4,14.6
2024-01-08,S004,P0008,Furniture,West,Winter,0,1,6,30.6,-24.6
2024-01-09,S004,P0008,Furniture,West,Winter,1,0,49,67.8,-18.8
2024-01-10,S004,P0008,Furniture,West,Winter,0,0,79,72.3,6.7
2024-01-11,S004,P0008,Furniture,West,Winter,1,0,103,99.0,4.0
2024-01-12,S004,P0008,Furniture,West,Winter,0,0,47,62.2,-15.2
2024-01-13,S004,P0008,Furniture,West,Winter,0,0,66,69.2,-3.2
2024-01-14,S004,P0008,Furniture,West,Winter,0,0,96,75.2,20.8
2024-01-15,S004,P0008,Furniture,West,Winter,0,0,71,61.8,9.2
2024-01-16,S004,P0008,Furniture,West,Winter,1,0,140,129.2,10.8
2024-01-17,S004,P0008,Furniture,West,Winter,1,0,120,113.4,6.7
2024-01-18,S004,P0008,Furniture,West,Winter,0,0,46,55.6,-9.6
2024-01-19,S004,P0008,Furniture,West,Winter,0,0,76,71.4,4.6
2024-01-20,S004,P0008,Furniture,West,Winter,0,0,81,82.1,-1.1
2024-01-21,S004,P0008,Furniture,West,Winter,0,0,101,104.3,-3.3
2024-01-22,S004,P0008,Furniture,West,Winter,0,0,44,48.5,-4.5
2024-01-23,S004,P0008,Furniture,West,Winter,1,0,72,82.1,-10.1
2024-01-24,S004,P0008,Furniture,West,Winter,1,0,78,70.6,7.4
2024-01-25,S004,P0008,Furniture,West,Winter,0,0,96,101.0,-5.0
2024-01-26,S004,P0008,Furniture,West,Winter,0,0,109,109.1,-0.1
2024-01-27,S004,P0008,Furniture,West,Winter,1,0,83,86.8,-3.8
2024-01-28,S004,P0008,Furniture,West,Winter,0,0,73,69.4,3.6
2024-01-29,S004,P0008,Furniture,West,Winter,0,0,83,77.0,6.0
2024-01-30,S004,P0008,Furniture,West,Winter,0,0,69,59.3,9.7
2023-09-07,S004,P0009,Clothing,West,Autumn,0,0,95,95.7,-0.7
2023-09-08,S004,P0009,Clothing,West,Autumn,0,0,55,87.3,-32.3
2023-09-09,S004,P0009,Clothing,West,Autumn,1,0,141,124.6,16.5
2023-09-10,S004,P0009,Clothing,West,Autumn,0,0,89,100.2,-11.2
2023-09-11,S004,P0009,Clothing,West,Autumn,1,0,166,153.4,12.6
2023-09-12,S004,P0009,Clothing,West,Autumn,1,0,157,133.6,23.4
2023-09-13,S004,P0009,Clothing,West,Autumn,1,0,68,113.7,-45.7
2023-09-14,S004,P0009,Clothing,West,Autumn,0,0,53,103.0,-50.0
2023-09-15,S004,P0009,Clothing,West,Autumn,1,0,134,140.7,-6.7
2023-09-16,S004,P0009,Clothing,West,Autumn,0,0,89,94.4,-5.4
2023-09-17,S004,P0009,Clothing,West,Autumn,1,0,124,139.4,-15.4
2023-09-18,S004,P0009,Clothing,West,Autumn,1,0,121,117.6,3.4
2023-09-19,S004,P0009,Clothing,West,Autumn,0,0,90,100.5,-10.5
2023-09-20,S004,P0009,Clothing,West,Autumn,0,0,74,93.4,-19.4
2023-09-21,S004,P0009,Clothing,West,Autumn,0,0,124,111.2,12.8
2023-09-22,S004,P0009,Clothing,West,Autumn,0,0,106,106.4,-0.4
2023-09-23,S004,P0009,Clothing,West,Autumn,1,0,231,228.9,2.1
2023-09-24,S004,P0009,Clothing,West,Autumn,0,0,25,97.2,-72.2
2023-09-25,S004,P0009,Clothing,West,Autumn,0,0,49,95.1,-46.1
2023-09-26,S004,P0009,Clothing,West,Autumn,0,0,68,93.5,-25.5
2023-09-27,S004,P0009,Clothing,West,Autumn,0,0,85,98.3,-13.3
2023-09-28,S004,P0009,Clothing,West,Autumn,0,0,71,100.6,-29.6
2023-09-29,S004,P0009,Clothing,West,Autumn,0,0,101,103.2,-2.2
2023-09-30,S004,P0009,Clothing,West,Autumn,0,0,69,83.4,-14.4
2023-10-01,S004,P0009,Clothing,West,Autumn,0,0,89,102.1,-13.1
2023-10-02,S004,P0009,Clothing,West,Autumn,1,0,87,121.9,-34.9
2023-10-03,S004,P0009,Clothing,West,Autumn,1,0,97,116.0,-19.0
2023-10-04,S004,P0009,Clothing,West,Autumn,0,0,52,83.8,-31.8
2023-10-05,S004,P0009,Clothing,West,Autumn,0,0,121,118.7,2.3
2023-10-06,S004,P0009,Clothing,West,Autumn,0,0,91,116.8,-25.8
2023-10-07,S004,P0009,Clothing,West,Autumn,0,1,55,99.1,-44.1
2023-10-08,S004,P0009,Clothing,West,Autumn,1,1,99,139.8,-40.8
2023-10-09,S004,P0009,Clothing,West,Autumn,0,1,132,112.4,19.6
2023-10-10,S004,P0009,Clothing,West,Autumn,0,1,98,106.2,-8.2
2023-10-11,S004,P0009,Clothing,West,Autumn,0,1,62,91.2,-29.2
2023-10-12,S004,P0009,Clothing,West,Autumn,0,1,60,89.0,-29.0
2023-10-13,S004,P0009,Clothing,West,Autumn,0,1,73,98.9,-25.9
2023-10-14,S004,P0009,Clothing,West,Autumn,1,1,115,142.0,-27.0
2023-10-15,S004,P0009,Clothing,West,Autumn,0,1,140,113.4,26.6
2023-10-16,S004,P0009,Clothing,West,Autumn,0,1,43,90.7,-47.7
2023-10-17,S004,P0009,Clothing,West,Autumn,0,1,141,109.7,31.3
2023-10-18,S004,P0009,Clothing,West,Autumn,1,1,86,148.0,-62.0
2023-10-19,S004,P0009,Clothing,West,Autumn,0,1,105,100.2,4.8
2023-10-20,S004,P0009,Clothing,West,Autumn,0,1,50,90.0,-40.0
2023-10-21,S004,P0009,Clothing,West,Autumn,1,1,104,115.2,-11.2
2023-10-22,S004,P0009,Clothing,West,Autumn,0,1,50,90.4,-40.4
2023-10-23,S004,P0009,Clothing,West,Autumn,1,1,134,141.2,-7.2
2023-10-24,S004,P0009,Clothing,West,Autumn,0,1,131,112.7,18.3
2023-10-25,S004,P0009,Clothing,West,Autumn,0,0,133,119.5,13.5
2023-10-26,S004,P0009,Clothing,West,Autumn,1,0,151,157.1,-6.1
2023-10-27,S004,P0009,Clothing,West,Autumn,1,0,133,148.7,-15.7
2023-10-28,S004,P0009,Clothing,West,Autumn,1,0,75,116.3,-41.3
2023-10-29,S004,P0009,Clothing,West,Autumn,0,0,73,92.4,-19.4
2023-10-30,S004,P0009,Clothing,West,Autumn,0,0,83,98.9,-15.9
2023-10-31,S004,P0009,Clothing,West,Autumn,0,0,174,161.9,12.1
2023-11-01,S004,P0009,Clothing,West,Autumn,0,0,82,100.3,-18.3
2023-11-02,S004,P0009,Clothing,West,Autumn,1,0,134,121.6,12.4
2023-11-03,S004,P0009,Clothing,West,Autumn,1,0,101,130.0,-29.0
2023-11-04,S004,P0009,Clothing,West,Autumn,1,0,82,117.7,-35.7
2023-11-05,S004,P0009,Clothing,West,Autumn,0,0,155,146.0,9.0
2023-11-06,S004,P0009,Clothing,West,Autumn,0,0,76,92.9,-16.9
2023-11-07,S004,P0009,Clothing,West,Autumn,0,0,47,99.9,-52.9
2023-11-08,S004,P0009,Clothing,West,Autumn,1,0,91,118.9,-27.9
2023-11-09,S004,P0009,Clothing,West,Autumn,0,0,92,102.0,-10.0
2023-11-10,S004,P0009,Clothing,West,Autumn,0,0,75,102.4,-27.4
2023-11-11,S004,P0009,Clothing,West,Autumn,0,0,103,104.7,-1.7
2023-11-12,S004,P0009,Clothing,West,Autumn,0,0,94,107.2,-13.2
2023-11-13,S004,P0009,Clothing,West,Autumn,1,0,98,117.5,-19.5
2023-11-14,S004,P0009,Clothing,West,Autumn,1,0,113,113.9,-0.9
2023-11-15,S004,P0009,Clothing,West,Autumn,0,0,121,123.4,-2.4
2023-11-16,S004,P0009,Clothing,West,Autumn,0,0,98,107.2,-9.2
2023-11-17,S004,P0009,Clothing,West,Autumn,0,0,95,110.8,-15.8
2023-11-18,S004,P0009,Clothing,West,Autumn,1,0,77,139.8,-62.8
2023-11-19,S004,P0009,Clothing,West,Autumn,0,0,75,95.6,-20.6
2023-11-20,S004,P0009,Clothing,West,Autumn,0,0,38,86.1,-48.1
2023-11-21,S004,P0009,Clothing,West,Autumn,1,0,118,125.4,-7.4
2023-11-22,S004,P0009,Clothing,West,Autumn,0,0,122,129.2,-7.2
2023-11-23,S004,P0009,Clothing,West,Autumn,0,0,88,95.8,-7.8
2023-11-24,S004,P0009,Clothing,West,Autumn,0,0,70,86.4,-16.4
2023-11-25,S004,P0009,Clothing,West,Autumn,1,0,91,118.6,-27.6
2023-11-26,S004,P0009,Clothing,West,Autumn,0,0,94,86.1,7.9
2023-11-27,S004,P0009,Clothing,West,Autumn,0,0,63,88.3,-25.3
2023-11-28,S004,P0009,Clothing,West,Autumn,1,0,151,122.6,28.4
2023-11-29,S004,P0009,Clothing,West,Autumn,0,0,55,100.3,-45.3
2023-11-30,S004,P0009,Clothing,West,Autumn,0,0,126,120.9,5.1
2023-12-01,S004,P0009,Clothing,West,Winter,1,0,52,119.0,-67.0
2023-12-02,S004,P0009,Clothing,West,Winter,0,0,124,115.6,8.4
2023-12-03,S004,P0009,Clothing,West,Winter,1,0,118,116.2,1.8
2023-12-04,S004,P0009,Clothing,West,Winter,1,0,59,118.7,-59.7
2023-12-05,S004,P0009,Clothing,West,Winter,0,0,175,164.9,10.1
2023-12-06,S004,P0009,Clothing,West,Winter,1,0,271,231.4,39.6
2023-12-07,S004,P0009,Clothing,West,Winter,0,0,187,154.9,32.1
2023-12-08,S004,P0009,Clothing,West,Winter,0,0,161,135.9,25.1
2023-12-09,S004,P0009,Clothing,West,Winter,0,0,123,140.2,-17.2
2023-12-10,S004,P0009,Clothing,West,Winter,0,0,137,118.7,18.3
2023-12-11,S004,P0009,Clothing,West,Winter,0,0,192,145.6,46.4
2023-12-12,S004,P0009,Clothing,West,Winter,1,0,142,162.7,-20.7
2023-12-13,S004,P0009,Clothing,West,Winter,1,0,178,172.9,5.1
2023-12-14,S004,P0009,Clothing,West,Winter,0,0,93,108.9,-15.9
2023-12-15,S004,P0009,Clothing,West,Winter,0,0,74,106.5,-32.5
2023-12-16,S004,P0009,Clothing,West,Winter,0,0,77,111.8,-34.8
2023-12-17,S004,P0009,Clothing,West,Winter,1,0,121,144.1,-23.1
2023-12-18,S004,P0009,Clothing,West,Winter,1,0,112,143.0,-30.9
2023-12-19,S004,P0009,Clothing,West,Winter,0,0,113,125.3,-12.3
2023-12-20,S004,P0009,Clothing,West,Winter,0,0,88,105.8,-17.8
2023-12-21,S004,P0009,Clothing,West,Winter,1,0,162,173.2,-11.2
2023-12-22,S004,P0009,Clothing,West,Winter,0,0,90,101.6,-11.6
2023-12-23,S004,P0009,Clothing,West,Winter,0,0,45,100.6,-55.6
2023-12-24,S004,P0009,Clothing,West,Winter,0,0,89,100.2,-11.2
2023-12-25,S004,P0009,Clothing,West,Winter,0,0,140,130.6,9.4
2023-12-26,S004,P0009,Clothing,West,Winter,1,0,111,144.6,-33.6
2023-12-27,S004,P0009,Clothing,West,Winter,0,1,131,131.5,-0.5
2023-12-28,S004,P0009,Clothing,West,Winter,0,1,103,103.7,-0.7
2023-12-29,S004,P0009,Clothing,West,Winter,0,1,107,108.2,-1.2
2023-12-30,S004,P0009,Clothing,West,Winter,0,1,40,114.5,-74.5
2023-12-31,S004,P0009,Clothing,West,Winter,0,1,143,116.8,26.2
2024-01-01,S004,P0009,Clothing,West,Winter,0,1,121,141.9,-20.9
2024-01-02,S004,P0009,Clothing,West,Winter,1,1,166,165.4,0.6
2024-01-03,S004,P0009,Clothing,West,Winter,0,1,115,112.1,2.9
2024-01-04,S004,P0009,Clothing,West,Winter,0,1,116,107.6,8.4
2024-01-05,S004,P0009,Clothing,West,Winter,0,1,188,173.8,14.2
2024-01-06,S004,P0009,Clothing,West,Winter,1,1,195,177.8,17.2
2024-01-07,S004,P0009,Clothing,West,Winter,0,1,110,120.1,-10.1
2024-01-08,S004,P0009,Clothing,West,Winter,0,1,132,149.2,-17.2
2024-01-09,S004,P0009,Clothing,West,Winter,1,0,82,152.1,-70.1
2024-01-10,S004,P0009,Clothing,West,Winter,0,0,125,120.8,4.2
2024-01-11,S004,P0009,Clothing,West,Winter,1,0,142,163.3,-21.3
2024-01-12,S004,P0009,Clothing,West,Winter,0,0,101,116.6,-15.6
2024-01-13,S004,P0009,Clothing,West,Winter,0,0,118,110.2,7.8
2024-01-14,S004,P0009,Clothing,West,Winter,0,0,89,107.6,-18.7
2024-01-15,S004,P0009,Clothing,West,Winter,0,0,88,106.4,-18.4
2024-01-16,S004,P0009,Clothing,West,Winter,1,0,169,171.4,-2.4
2024-01-17,S004,P0009,Clothing,West,Winter,1,0,99,132.2,-33.2
2024-01-18,S004,P0009,Clothing,West,Winter,0,0,110,107.4,2.6
2024-01-19,S004,P0009,Clothing,West,Winter,0,0,60,99.4,-39.4
2024-01-20,S004,P0009,Clothing,West,Winter,1,0,192,166.2,25.8
2024-01-21,S004,P0009,Clothing,West,Winter,1,0,84,134.6,-50.6
2024-01-22,S004,P0009,Clothing,West,Winter,0,0,97,111.1,-14.1
2024-01-23,S004,P0009,Clothing,West,Winter,0,0,99,107.0,-8.0
2024-01-24,S004,P0009,Clothing,West,Winter,1,0,176,160.4,15.7
2024-01-25,S004,P0009,Clothing,West,Winter,0,0,189,165.3,23.7
2024-01-26,S004,P0009,Clothing,West,Winter,0,0,168,164.6,3.4
2024-01-27,S004,P0009,Clothing,West,Winter,1,0,175,180.6,-5.6
2024-01-28,S004,P0009,Clothing,West,Winter,0,0,82,135.5,-53.5
2024-01-29,S004,P0009,Clothing,West,Winter,0,0,42,111.1,-69.1
2024-01-30,S004,P0009,Clothing,West,Winter,0,0,127,117.0,10.0
2023-09-07,S004,P0010,Groceries,West,Autumn,1,0,146,147.5,-1.5
2023-09-08,S004,P0010,Groceries,West,Autumn,0,0,127,105.2,21.8
2023-09-09,S004,P0010,Groceries,West,Autumn,0,0,25,80.2,-55.2
2023-09-10,S004,P0010,Groceries,West,Autumn,0,0,55,87.7,-32.7
2023-09-11,S004,P0010,Groceries,West,Autumn,0,0,122,123.7,-1.7
2023-09-12,S004,P0010,Groceries,West,Autumn,0,0,119,110.7,8.3
2023-09-13,S004,P0010,Groceries,West,Autumn,1,0,87,135.6,-48.6
2023-09-14,S004,P0010,Groceries,West,Autumn,0,0,130,124.4,5.6
2023-09-15,S004,P0010,Groceries,West,Autumn,1,0,153,145.0,8.0
2023-09-16,S004,P0010,Groceries,West,Autumn,0,0,46,87.9,-41.9
2023-09-17,S004,P0010,Groceries,West,Autumn,1,0,148,140.3,7.7
2023-09-18,S004,P0010,Groceries,West,Autumn,0,0,50,83.2,-33.2
2023-09-19,S004,P0010,Groceries,West,Autumn,1,0,144,150.2,-6.2
2023-09-20,S004,P0010,Groceries,West,Autumn,0,0,94,103.7,-9.7
2023-09-21,S004,P0010,Groceries,West,Autumn,1,0,220,141.6,78.4
2023-09-22,S004,P0010,Groceries,West,Autumn,0,0,189,121.4,67.6
2023-09-23,S004,P0010,Groceries,West,Autumn,0,0,129,124.9,4.1
2023-09-24,S004,P0010,Groceries,West,Autumn,0,0,96,106.6,-10.6
2023-09-25,S004,P0010,Groceries,West,Autumn,0,0,124,112.7,11.3
2023-09-26,S004,P0010,Groceries,West,Autumn,0,0,96,106.6,-10.5
2023-09-27,S004,P0010,Groceries,West,Autumn,0,0,99,100.9,-1.9
2023-09-28,S004,P0010,Groceries,West,Autumn,0,0,158,126.3,31.7
2023-09-29,S004,P0010,Groceries,West,Autumn,0,0,110,110.8,-0.8
2023-09-30,S004,P0010,Groceries,West,Autumn,0,0,172,112.6,59.4
2023-10-01,S004,P0010,Groceries,West,Autumn,0,0,57,112.9,-55.9
2023-10-02,S004,P0010,Groceries,West,Autumn,1,0,161,139.9,21.1
2023-10-03,S004,P0010,Groceries,West,Autumn,1,0,103,134.6,-31.6
2023-10-04,S004,P0010,Groceries,West,Autumn,1,0,99,135.1,-36.1
2023-10-05,S004,P0010,Groceries,West,Autumn,0,0,189,120.7,68.3
2023-10-06,S004,P0010,Groceries,West,Autumn,0,0,136,126.8,9.2
2023-10-07,S004,P0010,Groceries,West,Autumn,1,1,78,109.8,-31.8
2023-10-08,S004,P0010,Groceries,West,Autumn,0,1,69,73.0,-4.0
2023-10-09,S004,P0010,Groceries,West,Autumn,0,1,85,92.4,-7.4
2023-10-10,S004,P0010,Groceries,West,Autumn,0,1,37,72.2,-35.2
2023-10-11,S004,P0010,Groceries,West,Autumn,0,1,112,75.1,36.9
2023-10-12,S004,P0010,Groceries,West,Autumn,1,1,81,95.8,-14.8
2023-10-13,S004,P0010,Groceries,West,Autumn,0,1,109,80.1,28.9
2023-10-14,S004,P0010,Groceries,West,Autumn,1,1,85,108.1,-23.1
2023-10-15,S004,P0010,Groceries,West,Autumn,0,1,109,97.8,11.2
2023-10-16,S004,P0010,Groceries,West,Autumn,0,1,77,81.4,-4.4
2023-10-17,S004,P0010,Groceries,West,Autumn,0,1,102,89.6,12.4
2023-10-18,S004,P0010,Groceries,West,Autumn,0,1,49,80.2,-31.2
2023-10-19,S004,P0010,Groceries,West,Autumn,1,1,112,102.7,9.3
2023-10-20,S004,P0010,Groceries,West,Autumn,0,1,74,79.5,-5.5
2023-10-21,S004,P0010,Groceries,West,Autumn,1,1,50,91.7,-41.7
2023-10-22,S004,P0010,Groceries,West,Autumn,1,1,128,99.5,28.5
2023-10-23,S004,P0010,Groceries,West,Autumn,0,1,68,81.8,-13.8
2023-10-24,S004,P0010,Groceries,West,Autumn,0,1,21,75.1,-54.1
2023-10-25,S004,P0010,Groceries,West,Autumn,0,0,177,106.8,70.2
2023-10-26,S004,P0010,Groceries,West,Autumn,0,0,199,117.4,81.6
2023-10-27,S004,P0010,Groceries,West,Autumn,0,0,63,112.9,-49.9
2023-10-28,S004,P0010,Groceries,West,Autumn,1,0,127,145.1,-18.1
2023-10-29,S004,P0010,Groceries,West,Autumn,0,0,107,105.0,2.0
2023-10-30,S004,P0010,Groceries,West,Autumn,0,0,112,111.8,0.2
2023-10-31,S004,P0010,Groceries,West,Autumn,0,0,132,128.5,3.5
2023-11-01,S004,P0010,Groceries,West,Autumn,0,0,93,104.5,-11.5
2023-11-02,S004,P0010,Groceries,West,Autumn,1,0,163,141.0,22.0
2023-11-03,S004,P0010,Groceries,West,Autumn,0,0,154,113.9,40.1
2023-11-04,S004,P0010,Groceries,West,Autumn,1,0,116,143.4,-27.3
2023-11-05,S004,P0010,Groceries,West,Autumn,0,0,110,110.5,-0.5
2023-11-06,S004,P0010,Groceries,West,Autumn,0,0,52,75.8,-23.8
2023-11-07,S004,P0010,Groceries,West,Autumn,1,0,118,139.6,-21.6
2023-11-08,S004,P0010,Groceries,West,Autumn,1,0,125,141.5,-16.5
2023-11-09,S004,P0010,Groceries,West,Autumn,1,0,140,138.8,1.2
2023-11-10,S004,P0010,Groceries,West,Autumn,0,0,43,117.0,-74.0
2023-11-11,S004,P0010,Groceries,West,Autumn,0,0,148,125.9,22.1
2023-11-12,S004,P0010,Groceries,West,Autumn,1,0,161,143.4,17.7
2023-11-13,S004,P0010,Groceries,West,Autumn,0,0,80,95.6,-15.6
2023-11-14,S004,P0010,Groceries,West,Autumn,0,0,57,95.6,-38.6
2023-11-15,S004,P0010,Groceries,West,Autumn,1,0,193,161.8,31.2
2023-11-16,S004,P0010,Groceries,West,Autumn,0,0,99,118.5,-19.5
2023-11-17,S004,P0010,Groceries,West,Autumn,0,0,82,123.6,-41.6
2023-11-18,S004,P0010,Groceries,West,Autumn,0,0,84,125.8,-41.8
2023-11-19,S004,P0010,Groceries,West,Autumn,1,0,189,138.3,50.7
2023-11-20,S004,P0010,Groceries,West,Autumn,0,0,150,115.0,35.0
2023-11-21,S004,P0010,Groceries,West,Autumn,0,0,52,78.8,-26.8
2023-11-22,S004,P0010,Groceries,West,Autumn,1,0,90,149.4,-59.4
2023-11-23,S004,P0010,Groceries,West,Autumn,1,0,157,143.8,13.2
2023-11-24,S004,P0010,Groceries,West,Autumn,0,0,96,114.4,-18.4
2023-11-25,S004,P0010,Groceries,West,Autumn,0,0,50,83.7,-33.7
2023-11-26,S004,P0010,Groceries,West,Autumn,0,0,113,107.4,5.6
2023-11-27,S004,P0010,Groceries,West,Autumn,0,0,116,116.4,-0.3
2023-11-28,S004,P0010,Groceries,West,Autumn,0,0,144,120.3,23.7
2023-11-29,S004,P0010,Groceries,West,Autumn,0,0,133,123.1,9.9
2023-11-30,S004,P0010,Groceries,West,Autumn,0,0,112,108.6,3.4
2023-12-01,S004,P0010,Groceries,West,Winter,0,0,46,92.0,-46.0
2023-12-02,S004,P0010,Groceries,West,Winter,0,0,130,104.9,25.1
2023-12-03,S004,P0010,Groceries,West,Winter,0,0,130,107.6,22.4
2023-12-04,S004,P0010,Groceries,West,Winter,0,0,36,91.6,-55.6
2023-12-05,S004,P0010,Groceries,West,Winter,0,0,55,117.8,-62.8
2023-12-06,S004,P0010,Groceries,West,Winter,0,0,143,114.9,28.1
2023-12-07,S004,P0010,Groceries,West,Winter,0,0,180,119.0,61.0
2023-12-08,S004,P0010,Groceries,West,Winter,1,0,77,130.8,-53.8
2023-12-09,S004,P0010,Groceries,West,Winter,1,0,250,166.8,83.2
2023-12-10,S004,P0010,Groceries,West,Winter,1,0,139,135.1,3.9
2023-12-11,S004,P0010,Groceries,West,Winter,1,0,59,130.6,-71.6
2023-12-12,S004,P0010,Groceries,West,Winter,0,0,96,96.5,-0.5
2023-12-13,S004,P0010,Groceries,West,Winter,0,0,118,111.7,6.3
2023-12-14,S004,P0010,Groceries,West,Winter,0,0,106,111.8,-5.8
2023-12-15,S004,P0010,Groceries,West,Winter,0,0,129,112.9,16.1
2023-12-16,S004,P0010,Groceries,West,Winter,0,0,159,123.7,35.3
2023-12-17,S004,P0010,Groceries,West,Winter,1,0,162,142.6,19.4
2023-12-18,S004,P0010,Groceries,West,Winter,1,0,167,138.6,28.4
2023-12-19,S004,P0010,Groceries,West,Winter,0,0,82,122.5,-40.5
2023-12-20,S004,P0010,Groceries,West,Winter,1,0,120,128.0,-8.1
2023-12-21,S004,P0010,Groceries,West,Winter,0,0,209,124.7,84.3
2023-12-22,S004,P0010,Groceries,West,Winter,0,0,47,77.8,-30.8
2023-12-23,S004,P0010,Groceries,West,Winter,0,0,103,102.7,0.3
2023-12-24,S004,P0010,Groceries,West,Winter,1,0,202,142.7,59.3
2023-12-25,S004,P0010,Groceries,West,Winter,1,0,148,146.6,1.4
2023-12-26,S004,P0010,Groceries,West,Winter,0,0,165,113.4,51.6
2023-12-27,S004,P0010,Groceries,West,Winter,1,1,133,120.0,13.0
2023-12-28,S004,P0010,Groceries,West,Winter,0,1,60,75.9,-15.9
2023-12-29,S004,P0010,Groceries,West,Winter,0,1,34,75.1,-41.1
2023-12-30,S004,P0010,Groceries,West,Winter,0,1,145,90.9,54.1
2023-12-31,S004,P0010,Groceries,West,Winter,0,1,31,74.4,-43.4
2024-01-01,S004,P0010,Groceries,West,Winter,1,1,153,116.3,36.7
2024-01-02,S004,P0010,Groceries,West,Winter,0,1,89,73.8,15.2
2024-01-03,S004,P0010,Groceries,West,Winter,0,1,77,64.0,13.0
2024-01-04,S004,P0010,Groceries,West,Winter,1,1,118,92.4,25.6
2024-01-05,S004,P0010,Groceries,West,Winter,1,1,123,104.6,18.4
2024-01-06,S004,P0010,Groceries,West,Winter,0,1,76,92.4,-16.4
2024-01-07,S004,P0010,Groceries,West,Winter,1,1,91,104.7,-13.7
2024-01-08,S004,P0010,Groceries,West,Winter,0,1,127,72.6,54.4
2024-01-09,S004,P0010,Groceries,West,Winter,0,0,101,108.3,-7.3
2024-01-10,S004,P0010,Groceries,West,Winter,1,0,215,138.9,76.1
2024-01-11,S004,P0010,Groceries,West,Winter,0,0,159,119.4,39.6
2024-01-12,S004,P0010,Groceries,West,Winter,0,0,106,103.8,2.2
2024-01-13,S004,P0010,Groceries,West,Winter,0,0,114,114.5,-0.5
2024-01-14,S004,P0010,Groceries,West,Winter,0,0,51,80.2,-29.2
2024-01-15,S004,P0010,Groceries,West,Winter,0,0,155,120.3,34.7
2024-01-16,S004,P0010,Groceries,West,Winter,1,0,64,133.0,-69.0
2024-01-17,S004,P0010,Groceries,West,Winter,1,0,89,134.0,-45.0
2024-01-18,S004,P0010,Groceries,West,Winter,0,0,161,111.0,50.0
2024-01-19,S004,P0010,Groceries,West,Winter,0,0,119,110.8,8.2
2024-01-20,S004,P0010,Groceries,West,Winter,0,0,119,121.1,-2.1
2024-01-21,S004,P0010,Groceries,West,Winter,1,0,165,138.2,26.8
2024-01-22,S004,P0010,Groceries,West,Winter,0,0,86,109.5,-23.5
2024-01-23,S004,P0010,Groceries,West,Winter,0,0,138,119.7,18.3
2024-01-24,S004,P0010,Groceries,West,Winter,1,0,129,135.8,-6.8
2024-01-25,S004,P0010,Groceries,West,Winter,0,0,140,112.6,27.4
2024-01-26,S004,P0010,Groceries,West,Winter,0,0,103,122.6,-19.6
2024-01-27,S004,P0010,Groceries,West,Winter,1,0,131,140.3,-9.3
2024-01-28,S004,P0010,Groceries,West,Winter,0,0,122,125.6,-3.5
2024-01-29,S004,P0010,Groceries,West,Winter,0,0,115,118.8,-3.8
2024-01-30,S004,P0010,Groceries,West,Winter,0,0,117,107.3,9.7
2023-09-07,S004,P0011,Clothing,West,Autumn,1,0,76,98.5,-22.5
2023-09-08,S004,P0011,Clothing,West,Autumn,1,0,71,100.8,-29.8
2023-09-09,S004,P0011,Clothing,West,Autumn,0,0,121,95.0,26.0
2023-09-10,S004,P0011,Clothing,West,Autumn,1,0,94,102.1,-8.1
2023-09-11,S004,P0011,Clothing,West,Autumn,1,0,157,128.0,29.0
2023-09-12,S004,P0011,Clothing,West,Autumn,0,0,85,82.4,2.6
2023-09-13,S004,P0011,Clothing,West,Autumn,0,0,74,82.8,-8.8
2023-09-14,S004,P0011,Clothing,West,Autumn,0,0,148,102.0,46.0
2023-09-15,S004,P0011,Clothing,West,Autumn,0,0,84,92.4,-8.4
2023-09-16,S004,P0011,Clothing,West,Autumn,1,0,150,106.1,43.9
2023-09-17,S004,P0011,Clothing,West,Autumn,1,0,107,107.7,-0.7
2023-09-18,S004,P0011,Clothing,West,Autumn,0,0,68,81.2,-13.2
2023-09-19,S004,P0011,Clothing,West,Autumn,0,0,105,84.2,20.8
2023-09-20,S004,P0011,Clothing,West,Autumn,0,0,126,91.8,34.2
2023-09-21,S004,P0011,Clothing,West,Autumn,0,0,90,92.8,-2.8
2023-09-22,S004,P0011,Clothing,West,Autumn,1,0,135,109.2,25.8
2023-09-23,S004,P0011,Clothing,West,Autumn,0,0,113,92.7,20.3
2023-09-24,S004,P0011,Clothing,West,Autumn,0,0,106,85.2,20.8
2023-09-25,S004,P0011,Clothing,West,Autumn,0,0,134,94.7,39.3
2023-09-26,S004,P0011,Clothing,West,Autumn,0,0,90,82.6,7.4
2023-09-27,S004,P0011,Clothing,West,Autumn,0,0,115,90.5,24.5
2023-09-28,S004,P0011,Clothing,West,Autumn,0,0,144,101.3,42.7
2023-09-29,S004,P0011,Clothing,West,Autumn,0,0,38,96.6,-58.6
2023-09-30,S004,P0011,Clothing,West,Autumn,0,0,117,85.1,31.9
2023-10-01,S004,P0011,Clothing,West,Autumn,1,0,122,131.0,-9.0
2023-10-02,S004,P0011,Clothing,West,Autumn,0,0,83,93.2,-10.2
2023-10-03,S004,P0011,Clothing,West,Autumn,0,0,112,89.7,22.3
2023-10-04,S004,P0011,Clothing,West,Autumn,0,0,74,82.5,-8.5
2023-10-05,S004,P0011,Clothing,West,Autumn,0,0,127,102.3,24.7
2023-10-06,S004,P0011,Clothing,West,Autumn,0,0,149,102.6,46.4
2023-10-07,S004,P0011,Clothing,West,Autumn,1,1,127,103.1,23.9
2023-10-08,S004,P0011,Clothing,West,Autumn,1,1,101,96.2,4.8
2023-10-09,S004,P0011,Clothing,West,Autumn,0,1,146,97.3,48.7
2023-10-10,S004,P0011,Clothing,West,Autumn,1,1,38,103.0,-65.0
2023-10-11,S004,P0011,Clothing,West,Autumn,0,1,102,80.0,22.0
2023-10-12,S004,P0011,Clothing,West,Autumn,1,1,47,94.5,-47.5
2023-10-13,S004,P0011,Clothing,West,Autumn,0,1,95,88.5,6.5
2023-10-14,S004,P0011,Clothing,West,Autumn,0,1,114,90.7,23.3
2023-10-15,S004,P0011,Clothing,West,Autumn,0,1,71,91.4,-20.4
2023-10-16,S004,P0011,Clothing,West,Autumn,0,1,95,97.7,-2.7
2023-10-17,S004,P0011,Clothing,West,Autumn,1,1,90,99.6,-9.6
2023-10-18,S004,P0011,Clothing,West,Autumn,0,1,52,88.1,-36.1
2023-10-19,S004,P0011,Clothing,West,Autumn,1,1,95,102.1,-7.1
2023-10-20,S004,P0011,Clothing,West,Autumn,0,1,110,91.4,18.5
2023-10-21,S004,P0011,Clothing,West,Autumn,1,1,111,106.4,4.6
2023-10-22,S004,P0011,Clothing,West,Autumn,0,1,58,79.4,-21.4
2023-10-23,S004,P0011,Clothing,West,Autumn,1,1,147,114.4,32.7
2023-10-24,S004,P0011,Clothing,West,Autumn,0,1,107,89.8,17.2
2023-10-25,S004,P0011,Clothing,West,Autumn,0,0,58,85.4,-27.3
2023-10-26,S004,P0011,Clothing,West,Autumn,1,0,158,126.7,31.3
2023-10-27,S004,P0011,Clothing,West,Autumn,0,0,103,93.0,10.0
2023-10-28,S004,P0011,Clothing,West,Autumn,0,0,121,90.4,30.6
2023-10-29,S004,P0011,Clothing,West,Autumn,0,0,80,90.3,-10.3
2023-10-30,S004,P0011,Clothing,West,Autumn,0,0,109,90.8,18.2
2023-10-31,S004,P0011,Clothing,West,Autumn,0,0,74,88.3,-14.3
2023-11-01,S004,P0011,Clothing,West,Autumn,0,0,161,84.9,76.1
2023-11-02,S004,P0011,Clothing,West,Autumn,0,0,66,92.8,-26.8
2023-11-03,S004,P0011,Clothing,West,Autumn,0,0,119,85.1,33.9
2023-11-04,S004,P0011,Clothing,West,Autumn,1,0,120,105.6,14.4
2023-11-05,S004,P0011,Clothing,West,Autumn,0,0,89,93.5,-4.5
2023-11-06,S004,P0011,Clothing,West,Autumn,1,0,91,100.7,-9.7
2023-11-07,S004,P0011,Clothing,West,Autumn,0,0,143,107.4,35.6
2023-11-08,S004,P0011,Clothing,West,Autumn,0,0,64,92.6,-28.6
2023-11-09,S004,P0011,Clothing,West,Autumn,0,0,108,92.9,15.1
2023-11-10,S004,P0011,Clothing,West,Autumn,0,0,116,90.5,25.5
2023-11-11,S004,P0011,Clothing,West,Autumn,1,0,199,138.0,60.9
2023-11-12,S004,P0011,Clothing,West,Autumn,0,0,104,95.3,8.7
2023-11-13,S004,P0011,Clothing,West,Autumn,0,0,77,89.7,-12.7
2023-11-14,S004,P0011,Clothing,West,Autumn,0,0,68,89.8,-21.8
2023-11-15,S004,P0011,Clothing,West,Autumn,1,0,124,121.5,2.5
2023-11-16,S004,P0011,Clothing,West,Autumn,0,0,125,93.3,31.7
2023-11-17,S004,P0011,Clothing,West,Autumn,1,0,107,116.6,-9.6
2023-11-18,S004,P0011,Clothing,West,Autumn,1,0,77,123.8,-46.8
2023-11-19,S004,P0011,Clothing,West,Autumn,0,0,77,92.1,-15.1
2023-11-20,S004,P0011,Clothing,West,Autumn,0,0,121,82.7,38.3
2023-11-21,S004,P0011,Clothing,West,Autumn,1,0,82,97.5,-15.5
2023-11-22,S004,P0011,Clothing,West,Autumn,0,0,43,84.4,-41.4
2023-11-23,S004,P0011,Clothing,West,Autumn,0,0,102,81.8,20.2
2023-11-24,S004,P0011,Clothing,West,Autumn,1,0,121,111.4,9.7
2023-11-25,S004,P0011,Clothing,West,Autumn,1,0,148,107.0,41.0
2023-11-26,S004,P0011,Clothing,West,Autumn,1,0,112,101.9,10.1
2023-11-27,S004,P0011,Clothing,West,Autumn,0,0,139,95.5,43.5
2023-11-28,S004,P0011,Clothing,West,Autumn,0,0,118,93.5,24.5
2023-11-29,S004,P0011,Clothing,West,Autumn,0,0,129,96.1,32.9
2023-11-30,S004,P0011,Clothing,West,Autumn,0,0,62,83.4,-21.4
2023-12-01,S004,P0011,Clothing,West,Winter,1,0,206,122.0,84.0
2023-12-02,S004,P0011,Clothing,West,Winter,0,0,60,82.5,-22.5
2023-12-03,S004,P0011,Clothing,West,Winter,0,0,106,91.0,15.0
2023-12-04,S004,P0011,Clothing,West,Winter,1,0,102,104.0,-2.0
2023-12-05,S004,P0011,Clothing,West,Winter,0,0,145,108.0,37.0
2023-12-06,S004,P0011,Clothing,West,Winter,1,0,183,152.0,31.0
2023-12-07,S004,P0011,Clothing,West,Winter,1,0,190,155.4,34.6
2023-12-08,S004,P0011,Clothing,West,Winter,0,0,92,91.4,0.6
2023-12-09,S004,P0011,Clothing,West,Winter,1,0,124,123.6,0.3
2023-12-10,S004,P0011,Clothing,West,Winter,0,0,75,91.1,-16.1
2023-12-11,S004,P0011,Clothing,West,Winter,1,0,113,116.9,-3.9
2023-12-12,S004,P0011,Clothing,West,Winter,0,0,93,91.4,1.5
2023-12-13,S004,P0011,Clothing,West,Winter,0,0,122,103.7,18.3
2023-12-14,S004,P0011,Clothing,West,Winter,0,0,62,93.3,-31.3
2023-12-15,S004,P0011,Clothing,West,Winter,0,0,108,89.6,18.4
2023-12-16,S004,P0011,Clothing,West,Winter,1,0,101,116.8,-15.8
2023-12-17,S004,P0011,Clothing,West,Winter,0,0,175,97.2,77.8
2023-12-18,S004,P0011,Clothing,West,Winter,0,0,82,92.7,-10.7
2023-12-19,S004,P0011,Clothing,West,Winter,1,0,133,129.5,3.5
2023-12-20,S004,P0011,Clothing,West,Winter,0,0,77,93.1,-16.1
2023-12-21,S004,P0011,Clothing,West,Winter,0,0,91,91.4,-0.4
2023-12-22,S004,P0011,Clothing,West,Winter,1,0,175,129.1,45.9
2023-12-23,S004,P0011,Clothing,West,Winter,0,0,108,96.9,11.1
2023-12-24,S004,P0011,Clothing,West,Winter,0,0,110,99.8,10.2
2023-12-25,S004,P0011,Clothing,West,Winter,0,0,115,103.0,12.0
2023-12-26,S004,P0011,Clothing,West,Winter,1,0,153,119.1,33.9
2023-12-27,S004,P0011,Clothing,West,Winter,0,1,95,88.5,6.5
2023-12-28,S004,P0011,Clothing,West,Winter,0,1,59,87.8,-28.8
2023-12-29,S004,P0011,Clothing,West,Winter,0,1,189,104.0,85.0
2023-12-30,S004,P0011,Clothing,West,Winter,0,1,102,100.5,1.5
2023-12-31,S004,P0011,Clothing,West,Winter,0,1,120,95.4,24.6
2024-01-01,S004,P0011,Clothing,West,Winter,1,1,110,122.5,-12.5
2024-01-02,S004,P0011,Clothing,West,Winter,0,1,108,98.2,9.8
2024-01-03,S004,P0011,Clothing,West,Winter,1,1,151,116.4,34.6
2024-01-04,S004,P0011,Clothing,West,Winter,1,1,114,124.6,-10.6
2024-01-05,S004,P0011,Clothing,West,Winter,1,1,206,152.3,53.7
2024-01-06,S004,P0011,Clothing,West,Winter,1,1,209,152.1,56.9
2024-01-07,S004,P0011,Clothing,West,Winter,0,1,122,98.1,23.9
2024-01-08,S004,P0011,Clothing,West,Winter,0,1,161,121.5,39.5
2024-01-09,S004,P0011,Clothing,West,Winter,0,0,99,107.0,-8.0
2024-01-10,S004,P0011,Clothing,West,Winter,0,0,130,110.3,19.7
2024-01-11,S004,P0011,Clothing,West,Winter,1,0,262,181.1,80.9
2024-01-12,S004,P0011,Clothing,West,Winter,0,0,8,111.7,-103.7
2024-01-13,S004,P0011,Clothing,West,Winter,1,0,215,142.7,72.3
2024-01-14,S004,P0011,Clothing,West,Winter,0,0,120,107.7,12.3
2024-01-15,S004,P0011,Clothing,West,Winter,1,0,158,146.4,11.6
2024-01-16,S004,P0011,Clothing,West,Winter,0,0,80,86.6,-6.6
2024-01-17,S004,P0011,Clothing,West,Winter,1,0,104,129.1,-25.1
2024-01-18,S004,P0011,Clothing,West,Winter,0,0,181,108.7,72.3
2024-01-19,S004,P0011,Clothing,West,Winter,0,0,101,102.6,-1.6
2024-01-20,S004,P0011,Clothing,West,Winter,1,0,101,146.7,-45.7
2024-01-21,S004,P0011,Clothing,West,Winter,0,0,116,100.2,15.8
2024-01-22,S004,P0011,Clothing,West,Winter,0,0,168,106.0,62.0
2024-01-23,S004,P0011,Clothing,West,Winter,0,0,131,106.2,24.8
2024-01-24,S004,P0011,Clothing,West,Winter,0,0,82,87.5,-5.5
2024-01-25,S004,P0011,Clothing,West,Winter,0,0,153,107.1,45.9
2024-01-26,S004,P0011,Clothing,West,Winter,0,0,88,104.2,-16.2
2024-01-27,S004,P0011,Clothing,West,Winter,0,0,55,96.6,-41.6
2024-01-28,S004,P0011,Clothing,West,Winter,0,0,55,93.7,-38.7
2024-01-29,S004,P0011,Clothing,West,Winter,0,0,97,108.5,-11.5
2024-01-30,S004,P0011,Clothing,West,Winter,0,0,96,88.5,7.5
2023-09-07,S004,P0012,Electronics,West,Autumn,0,0,86,86.1,-0.1
2023-09-08,S004,P0012,Electronics,West,Autumn,1,0,114,114.6,-0.6
2023-09-09,S004,P0012,Electronics,West,Autumn,0,0,95,103.3,-8.3
2023-09-10,S004,P0012,Electronics,West,Autumn,1,0,105,113.2,-8.2
2023-09-11,S004,P0012,Electronics,West,Autumn,0,0,132,135.4,-3.4
2023-09-12,S004,P0012,Electronics,West,Autumn,0,0,35,85.9,-50.9
2023-09-13,S004,P0012,Electronics,West,Autumn,1,0,60,112.7,-52.7
2023-09-14,S004,P0012,Electronics,West,Autumn,0,0,154,147.8,6.2
2023-09-15,S004,P0012,Electronics,West,Autumn,0,0,30,88.9,-58.9
2023-09-16,S004,P0012,Electronics,West,Autumn,0,0,97,100.4,-3.3
2023-09-17,S004,P0012,Electronics,West,Autumn,1,0,165,148.6,16.4
2023-09-18,S004,P0012,Electronics,West,Autumn,1,0,158,132.7,25.3
2023-09-19,S004,P0012,Electronics,West,Autumn,0,0,70,90.2,-20.2
2023-09-20,S004,P0012,Electronics,West,Autumn,0,0,84,89.2,-5.2
2023-09-21,S004,P0012,Electronics,West,Autumn,0,0,23,88.4,-65.4
2023-09-22,S004,P0012,Electronics,West,Autumn,1,0,164,142.1,21.9
2023-09-23,S004,P0012,Electronics,West,Autumn,0,0,88,101.5,-13.5
2023-09-24,S004,P0012,Electronics,West,Autumn,0,0,47,86.4,-39.4
2023-09-25,S004,P0012,Electronics,West,Autumn,1,0,94,126.4,-32.4
2023-09-26,S004,P0012,Electronics,West,Autumn,0,0,115,116.6,-1.6
2023-09-27,S004,P0012,Electronics,West,Autumn,0,0,70,95.0,-25.0
2023-09-28,S004,P0012,Electronics,West,Autumn,1,0,192,162.1,29.9
2023-09-29,S004,P0012,Electronics,West,Autumn,0,0,76,92.1,-16.1
2023-09-30,S004,P0012,Electronics,West,Autumn,0,0,125,115.2,9.8
2023-10-01,S004,P0012,Electronics,West,Autumn,0,0,93,100.6,-7.7
2023-10-02,S004,P0012,Electronics,West,Autumn,1,0,115,139.3,-24.3
2023-10-03,S004,P0012,Electronics,West,Autumn,1,0,137,143.5,-6.5
2023-10-04,S004,P0012,Electronics,West,Autumn,0,0,34,86.1,-52.1
2023-10-05,S004,P0012,Electronics,West,Autumn,0,0,103,112.5,-9.5
2023-10-06,S004,P0012,Electronics,West,Autumn,0,0,70,94.4,-24.4
2023-10-07,S004,P0012,Electronics,West,Autumn,0,1,46,61.7,-15.7
2023-10-08,S004,P0012,Electronics,West,Autumn,0,1,47,50.0,-3.0
2023-10-09,S004,P0012,Electronics,West,Autumn,0,1,47,52.5,-5.5
2023-10-10,S004,P0012,Electronics,West,Autumn,1,1,63,79.1,-16.1
2023-10-11,S004,P0012,Electronics,West,Autumn,0,1,49,49.2,-0.2
2023-10-12,S004,P0012,Electronics,West,Autumn,1,1,56,80.9,-24.9
2023-10-13,S004,P0012,Electronics,West,Autumn,1,1,36,70.8,-34.8
2023-10-14,S004,P0012,Electronics,West,Autumn,1,1,72,67.5,4.5
2023-10-15,S004,P0012,Electronics,West,Autumn,0,1,61,49.3,11.7
2023-10-16,S004,P0012,Electronics,West,Autumn,0,1,40,50.9,-10.9
2023-10-17,S004,P0012,Electronics,West,Autumn,0,1,33,46.0,-13.0
2023-10-18,S004,P0012,Electronics,West,Autumn,1,1,80,75.8,4.2
2023-10-19,S004,P0012,Electronics,West,Autumn,0,1,88,66.8,21.2
2023-10-20,S004,P0012,Electronics,West,Autumn,1,1,23,75.0,-52.0
2023-10-21,S004,P0012,Electronics,West,Autumn,1,1,52,65.4,-13.4
2023-10-22,S004,P0012,Electronics,West,Autumn,0,1,51,46.9,4.1
2023-10-23,S004,P0012,Electronics,West,Autumn,0,1,70,69.4,0.6
2023-10-24,S004,P0012,Electronics,West,Autumn,0,1,59,57.4,1.6
2023-10-25,S004,P0012,Electronics,West,Autumn,1,0,108,135.6,-27.6
2023-10-26,S004,P0012,Electronics,West,Autumn,0,0,128,139.3,-11.3
2023-10-27,S004,P0012,Electronics,West,Autumn,0,0,119,123.0,-4.0
2023-10-28,S004,P0012,Electronics,West,Autumn,0,0,110,114.1,-4.1
2023-10-29,S004,P0012,Electronics,West,Autumn,0,0,49,95.7,-46.7
2023-10-30,S004,P0012,Electronics,West,Autumn,0,0,90,99.6,-9.6
2023-10-31,S004,P0012,Electronics,West,Autumn,0,0,65,96.4,-31.4
2023-11-01,S004,P0012,Electronics,West,Autumn,1,0,220,189.7,30.3
2023-11-02,S004,P0012,Electronics,West,Autumn,0,0,115,115.3,-0.3
2023-11-03,S004,P0012,Electronics,West,Autumn,1,0,98,121.1,-23.1
2023-11-04,S004,P0012,Electronics,West,Autumn,0,0,153,146.0,7.0
2023-11-05,S004,P0012,Electronics,West,Autumn,0,0,41,90.2,-49.2
2023-11-06,S004,P0012,Electronics,West,Autumn,0,0,92,91.4,0.6
2023-11-07,S004,P0012,Electronics,West,Autumn,0,0,99,105.3,-6.3
2023-11-08,S004,P0012,Electronics,West,Autumn,0,0,92,91.2,0.8
2023-11-09,S004,P0012,Electronics,West,Autumn,1,0,133,141.1,-8.1
2023-11-10,S004,P0012,Electronics,West,Autumn,1,0,145,160.8,-15.8
2023-11-11,S004,P0012,Electronics,West,Autumn,0,0,133,120.4,12.7
2023-11-12,S004,P0012,Electronics,West,Autumn,0,0,115,96.9,18.1
2023-11-13,S004,P0012,Electronics,West,Autumn,0,0,106,98.9,7.1
2023-11-14,S004,P0012,Electronics,West,Autumn,1,0,169,146.3,22.7
2023-11-15,S004,P0012,Electronics,West,Autumn,0,0,87,111.6,-24.6
2023-11-16,S004,P0012,Electronics,West,Autumn,0,0,113,111.9,1.1
2023-11-17,S004,P0012,Electronics,West,Autumn,0,0,159,138.8,20.2
2023-11-18,S004,P0012,Electronics,West,Autumn,1,0,202,172.1,29.9
2023-11-19,S004,P0012,Electronics,West,Autumn,1,0,111,134.5,-23.5
2023-11-20,S004,P0012,Electronics,West,Autumn,0,0,74,96.0,-22.0
2023-11-21,S004,P0012,Electronics,West,Autumn,0,0,86,98.1,-12.1
2023-11-22,S004,P0012,Electronics,West,Autumn,0,0,162,151.8,10.2
2023-11-23,S004,P0012,Electronics,West,Autumn,1,0,214,171.5,42.5
2023-11-24,S004,P0012,Electronics,West,Autumn,1,0,174,173.0,1.0
2023-11-25,S004,P0012,Electronics,West,Autumn,0,0,119,121.8,-2.8
2023-11-26,S004,P0012,Electronics,West,Autumn,1,0,108,142.9,-34.9
2023-11-27,S004,P0012,Electronics,West,Autumn,0,0,139,138.6,0.4
2023-11-28,S004,P0012,Electronics,West,Autumn,0,0,108,116.3,-8.3
2023-11-29,S004,P0012,Electronics,West,Autumn,0,0,145,159.7,-14.7
2023-11-30,S004,P0012,Electronics,West,Autumn,0,0,110,114.1,-4.1
2023-12-01,S004,P0012,Electronics,West,Winter,0,0,108,111.1,-3.1
2023-12-02,S004,P0012,Electronics,West,Winter,1,0,99,141.1,-42.1
2023-12-03,S004,P0012,Electronics,West,Winter,1,0,121,145.1,-24.1
2023-12-04,S004,P0012,Electronics,West,Winter,0,0,109,107.4,1.6
2023-12-05,S004,P0012,Electronics,West,Winter,0,0,130,129.8,0.2
2023-12-06,S004,P0012,Electronics,West,Winter,0,0,137,157.7,-20.7
2023-12-07,S004,P0012,Electronics,West,Winter,0,0,116,121.2,-5.2
2023-12-08,S004,P0012,Electronics,West,Winter,0,0,97,107.7,-10.7
2023-12-09,S004,P0012,Electronics,West,Winter,1,0,81,152.5,-71.5
2023-12-10,S004,P0012,Electronics,West,Winter,1,0,88,138.6,-50.6
2023-12-11,S004,P0012,Electronics,West,Winter,1,0,89,136.9,-47.9
2023-12-12,S004,P0012,Electronics,West,Winter,0,0,138,130.5,7.5
2023-12-13,S004,P0012,Electronics,West,Winter,0,0,105,99.6,5.4
2023-12-14,S004,P0012,Electronics,West,Winter,0,0,97,99.7,-2.7
2023-12-15,S004,P0012,Electronics,West,Winter,1,0,108,139.2,-31.2
2023-12-16,S004,P0012,Electronics,West,Winter,0,0,64,98.6,-34.6
2023-12-17,S004,P0012,Electronics,West,Winter,1,0,144,146.3,-2.3
2023-12-18,S004,P0012,Electronics,West,Winter,0,0,96,102.5,-6.5
2023-12-19,S004,P0012,Electronics,West,Winter,1,0,137,152.0,-15.0
2023-12-20,S004,P0012,Electronics,West,Winter,0,0,80,105.4,-25.4
2023-12-21,S004,P0012,Electronics,West,Winter,0,0,113,111.8,1.2
2023-12-22,S004,P0012,Electronics,West,Winter,1,0,173,153.8,19.2
2023-12-23,S004,P0012,Electronics,West,Winter,0,0,123,110.0,13.0
2023-12-24,S004,P0012,Electronics,West,Winter,0,0,51,94.2,-43.2
2023-12-25,S004,P0012,Electronics,West,Winter,1,0,160,146.4,13.6
2023-12-26,S004,P0012,Electronics,West,Winter,0,0,141,130.9,10.1
2023-12-27,S004,P0012,Electronics,West,Winter,0,1,65,79.8,-14.8
2023-12-28,S004,P0012,Electronics,West,Winter,0,1,44,64.4,-20.4
2023-12-29,S004,P0012,Electronics,West,Winter,0,1,37,67.9,-30.9
2023-12-30,S004,P0012,Electronics,West,Winter,0,1,56,53.1,2.9
2023-12-31,S004,P0012,Electronics,West,Winter,0,1,49,47.8,1.2
2024-01-01,S004,P0012,Electronics,West,Winter,0,1,74,58.0,16.0
2024-01-02,S004,P0012,Electronics,West,Winter,0,1,67,70.2,-3.2
2024-01-03,S004,P0012,Electronics,West,Winter,0,1,80,57.7,22.3
2024-01-04,S004,P0012,Electronics,West,Winter,0,1,45,46.4,-1.4
2024-01-05,S004,P0012,Electronics,West,Winter,0,1,65,49.8,15.2
2024-01-06,S004,P0012,Electronics,West,Winter,0,1,49,59.1,-10.1
2024-01-07,S004,P0012,Electronics,West,Winter,1,1,75,91.4,-16.5
2024-01-08,S004,P0012,Electronics,West,Winter,0,1,36,50.9,-14.9
2024-01-09,S004,P0012,Electronics,West,Winter,1,0,147,137.6,9.4
2024-01-10,S004,P0012,Electronics,West,Winter,0,0,121,116.4,4.6
2024-01-11,S004,P0012,Electronics,West,Winter,1,0,190,167.9,22.1
2024-01-12,S004,P0012,Electronics,West,Winter,1,0,98,112.5,-14.5
2024-01-13,S004,P0012,Electronics,West,Winter,1,0,189,153.4,35.6
2024-01-14,S004,P0012,Electronics,West,Winter,0,0,128,104.5,23.5
2024-01-15,S004,P0012,Electronics,West,Winter,0,0,90,101.1,-11.1
2024-01-16,S004,P0012,Electronics,West,Winter,0,0,90,104.8,-14.8
2024-01-17,S004,P0012,Electronics,West,Winter,1,0,109,129.8,-20.8
2024-01-18,S004,P0012,Electronics,West,Winter,1,0,144,135.9,8.1
2024-01-19,S004,P0012,Electronics,West,Winter,0,0,66,86.7,-20.7
2024-01-20,S004,P0012,Electronics,West,Winter,0,0,159,141.6,17.4
2024-01-21,S004,P0012,Electronics,West,Winter,0,0,79,91.8,-12.8
2024-01-22,S004,P0012,Electronics,West,Winter,1,0,107,134.8,-27.8
2024-01-23,S004,P0012,Electronics,West,Winter,1,0,99,126.6,-27.6
2024-01-24,S004,P0012,Electronics,West,Winter,0,0,87,89.5,-2.5
2024-01-25,S004,P0012,Electronics,West,Winter,1,0,120,120.4,-0.3
2024-01-26,S004,P0012,Electronics,West,Winter,0,0,81,101.1,-20.1
2024-01-27,S004,P0012,Electronics,West,Winter,0,0,51,89.1,-38.1
2024-01-28,S004,P0012,Electronics,West,Winter,0,0,146,134.6,11.4
2024-01-29,S004,P0012,Electronics,West,Winter,0,0,166,159.6,6.4
2024-01-30,S004,P0012,Electronics,West,Winter,0,0,91,101.3,-10.3
2023-09-07,S004,P0013,Groceries,West,Autumn,0,0,91,92.4,-1.3
2023-09-08,S004,P0013,Groceries,West,Autumn,0,0,104,95.6,8.4
2023-09-09,S004,P0013,Groceries,West,Autumn,1,0,127,133.7,-6.7
2023-09-10,S004,P0013,Groceries,West,Autumn,1,0,89,135.1,-46.1
2023-09-11,S004,P0013,Groceries,West,Autumn,0,0,87,119.7,-32.7
2023-09-12,S004,P0013,Groceries,West,Autumn,0,0,140,104.6,35.4
2023-09-13,S004,P0013,Groceries,West,Autumn,0,0,108,97.7,10.3
2023-09-14,S004,P0013,Groceries,West,Autumn,1,0,159,148.0,11.0
2023-09-15,S004,P0013,Groceries,West,Autumn,1,0,75,138.4,-63.4
2023-09-16,S004,P0013,Groceries,West,Autumn,1,0,160,135.6,24.4
2023-09-17,S004,P0013,Groceries,West,Autumn,0,0,111,104.9,6.1
2023-09-18,S004,P0013,Groceries,West,Autumn,0,0,118,101.1,16.9
2023-09-19,S004,P0013,Groceries,West,Autumn,0,0,133,116.7,16.3
2023-09-20,S004,P0013,Groceries,West,Autumn,0,0,72,97.0,-25.0
2023-09-21,S004,P0013,Groceries,West,Autumn,0,0,71,102.0,-31.0
2023-09-22,S004,P0013,Groceries,West,Autumn,1,0,137,138.9,-1.9
2023-09-23,S004,P0013,Groceries,West,Autumn,0,0,73,110.6,-37.6
2023-09-24,S004,P0013,Groceries,West,Autumn,1,0,137,131.8,5.2
2023-09-25,S004,P0013,Groceries,West,Autumn,0,0,95,104.0,-9.0
2023-09-26,S004,P0013,Groceries,West,Autumn,1,0,128,130.3,-2.3
2023-09-27,S004,P0013,Groceries,West,Autumn,0,0,47,91.5,-44.5
2023-09-28,S004,P0013,Groceries,West,Autumn,0,0,91,118.8,-27.8
2023-09-29,S004,P0013,Groceries,West,Autumn,0,0,95,102.7,-7.7
2023-09-30,S004,P0013,Groceries,West,Autumn,0,0,107,96.3,10.7
2023-10-01,S004,P0013,Groceries,West,Autumn,0,0,110,122.2,-12.2
2023-10-02,S004,P0013,Groceries,West,Autumn,1,0,169,136.5,32.5
2023-10-03,S004,P0013,Groceries,West,Autumn,1,0,200,142.0,58.0
2023-10-04,S004,P0013,Groceries,West,Autumn,0,0,143,111.8,31.2
2023-10-05,S004,P0013,Groceries,West,Autumn,0,0,127,112.1,14.9
2023-10-06,S004,P0013,Groceries,West,Autumn,0,0,145,128.2,16.8
2023-10-07,S004,P0013,Groceries,West,Autumn,0,1,78,83.0,-5.0
2023-10-08,S004,P0013,Groceries,West,Autumn,0,1,61,82.0,-21.0
2023-10-09,S004,P0013,Groceries,West,Autumn,0,1,110,72.9,37.1
2023-10-10,S004,P0013,Groceries,West,Autumn,1,1,81,95.0,-14.0
2023-10-11,S004,P0013,Groceries,West,Autumn,0,1,78,72.8,5.2
2023-10-12,S004,P0013,Groceries,West,Autumn,1,1,96,98.8,-2.8
2023-10-13,S004,P0013,Groceries,West,Autumn,0,1,54,84.6,-30.6
2023-10-14,S004,P0013,Groceries,West,Autumn,0,1,66,88.8,-22.8
2023-10-15,S004,P0013,Groceries,West,Autumn,0,1,117,92.0,25.0
2023-10-16,S004,P0013,Groceries,West,Autumn,1,1,117,88.2,28.8
2023-10-17,S004,P0013,Groceries,West,Autumn,1,1,51,90.7,-39.7
2023-10-18,S004,P0013,Groceries,West,Autumn,0,1,51,79.9,-28.9
2023-10-19,S004,P0013,Groceries,West,Autumn,0,1,58,78.0,-20.0
2023-10-20,S004,P0013,Groceries,West,Autumn,1,1,82,94.1,-12.1
2023-10-21,S004,P0013,Groceries,West,Autumn,0,1,41,75.1,-34.1
2023-10-22,S004,P0013,Groceries,West,Autumn,1,1,84,87.4,-3.4
2023-10-23,S004,P0013,Groceries,West,Autumn,1,1,56,90.0,-34.0
2023-10-24,S004,P0013,Groceries,West,Autumn,0,1,35,79.4,-44.4
2023-10-25,S004,P0013,Groceries,West,Autumn,1,0,261,143.8,117.2
2023-10-26,S004,P0013,Groceries,West,Autumn,0,0,117,112.8,4.2
2023-10-27,S004,P0013,Groceries,West,Autumn,0,0,80,114.3,-34.3
2023-10-28,S004,P0013,Groceries,West,Autumn,0,0,57,91.6,-34.6
2023-10-29,S004,P0013,Groceries,West,Autumn,0,0,115,93.0,22.0
2023-10-30,S004,P0013,Groceries,West,Autumn,0,0,83,94.3,-11.3
2023-10-31,S004,P0013,Groceries,West,Autumn,0,0,71,122.6,-51.6
2023-11-01,S004,P0013,Groceries,West,Autumn,1,0,209,136.2,72.8
2023-11-02,S004,P0013,Groceries,West,Autumn,0,0,160,120.9,39.1
2023-11-03,S004,P0013,Groceries,West,Autumn,0,0,109,102.2,6.8
2023-11-04,S004,P0013,Groceries,West,Autumn,0,0,103,106.4,-3.4
2023-11-05,S004,P0013,Groceries,West,Autumn,1,0,161,142.3,18.7
2023-11-06,S004,P0013,Groceries,West,Autumn,0,0,97,95.7,1.3
2023-11-07,S004,P0013,Groceries,West,Autumn,0,0,102,102.0,-0.0
2023-11-08,S004,P0013,Groceries,West,Autumn,1,0,161,145.2,15.8
2023-11-09,S004,P0013,Groceries,West,Autumn,0,0,136,119.9,16.1
2023-11-10,S004,P0013,Groceries,West,Autumn,0,0,111,116.4,-5.4
2023-11-11,S004,P0013,Groceries,West,Autumn,0,0,126,121.8,4.2
2023-11-12,S004,P0013,Groceries,West,Autumn,0,0,188,137.3,50.7
2023-11-13,S004,P0013,Groceries,West,Autumn,0,0,121,99.2,21.8
2023-11-14,S004,P0013,Groceries,West,Autumn,1,0,112,139.5,-27.5
2023-11-15,S004,P0013,Groceries,West,Autumn,0,0,134,126.7,7.3
2023-11-16,S004,P0013,Groceries,West,Autumn,1,0,4,123.6,-119.6
2023-11-17,S004,P0013,Groceries,West,Autumn,0,0,91,123.1,-32.1
2023-11-18,S004,P0013,Groceries,West,Autumn,1,0,126,147.3,-21.3
2023-11-19,S004,P0013,Groceries,West,Autumn,0,0,93,103.4,-10.4
2023-11-20,S004,P0013,Groceries,West,Autumn,1,0,33,127.4,-94.4
2023-11-21,S004,P0013,Groceries,West,Autumn,1,0,104,128.3,-24.3
2023-11-22,S004,P0013,Groceries,West,Autumn,0,0,90,103.6,-13.6
2023-11-23,S004,P0013,Groceries,West,Autumn,1,0,122,121.4,0.7
2023-11-24,S004,P0013,Groceries,West,Autumn,0,0,71,106.2,-35.2
2023-11-25,S004,P0013,Groceries,West,Autumn,1,0,82,126.8,-44.8
2023-11-26,S004,P0013,Groceries,West,Autumn,0,0,50,106.3,-56.3
2023-11-27,S004,P0013,Groceries,West,Autumn,0,0,133,110.0,23.0
2023-11-28,S004,P0013,Groceries,West,Autumn,0,0,89,108.0,-19.0
2023-11-29,S004,P0013,Groceries,West,Autumn,0,0,155,113.9,41.1
2023-11-30,S004,P0013,Groceries,West,Autumn,0,0,173,109.2,63.8
2023-12-01,S004,P0013,Groceries,West,Winter,1,0,112,133.8,-21.8
2023-12-02,S004,P0013,Groceries,West,Winter,1,0,116,132.3,-16.3
2023-12-03,S004,P0013,Groceries,West,Winter,0,0,110,97.6,12.4
2023-12-04,S004,P0013,Groceries,West,Winter,1,0,112,131.1,-19.1
2023-12-05,S004,P0013,Groceries,West,Winter,1,0,196,166.3,29.7
2023-12-06,S004,P0013,Groceries,West,Winter,1,0,120,142.0,-22.0
2023-12-07,S004,P0013,Groceries,West,Winter,0,0,165,127.9,37.1
2023-12-08,S004,P0013,Groceries,West,Winter,0,0,85,96.9,-11.9
2023-12-09,S004,P0013,Groceries,West,Winter,0,0,127,119.5,7.5
2023-12-10,S004,P0013,Groceries,West,Winter,0,0,79,96.8,-17.8
2023-12-11,S004,P0013,Groceries,West,Winter,0,0,128,98.8,29.2
2023-12-12,S004,P0013,Groceries,West,Winter,0,0,157,124.2,32.8
2023-12-13,S004,P0013,Groceries,West,Winter,1,0,194,144.2,49.8
2023-12-14,S004,P0013,Groceries,West,Winter,0,0,186,136.9,49.1
2023-12-15,S004,P0013,Groceries,West,Winter,0,0,117,103.4,13.6
2023-12-16,S004,P0013,Groceries,West,Winter,0,0,4,117.4,-113.4
2023-12-17,S004,P0013,Groceries,West,Winter,1,0,176,143.9,32.1
2023-12-18,S004,P0013,Groceries,West,Winter,0,0,131,117.9,13.1
2023-12-19,S004,P0013,Groceries,West,Winter,0,0,77,111.8,-34.8
2023-12-20,S004,P0013,Groceries,West,Winter,1,0,148,128.5,19.5
2023-12-21,S004,P0013,Groceries,West,Winter,0,0,148,121.1,26.9
2023-12-22,S004,P0013,Groceries,West,Winter,1,0,118,131.0,-13.0
2023-12-23,S004,P0013,Groceries,West,Winter,0,0,182,106.9,75.1
2023-12-24,S004,P0013,Groceries,West,Winter,0,0,130,109.6,20.4
2023-12-25,S004,P0013,Groceries,West,Winter,0,0,83,105.2,-22.2
2023-12-26,S004,P0013,Groceries,West,Winter,0,0,96,106.5,-10.5
2023-12-27,S004,P0013,Groceries,West,Winter,1,1,86,101.3,-15.3
2023-12-28,S004,P0013,Groceries,West,Winter,0,1,48,71.1,-23.1
2023-12-29,S004,P0013,Groceries,West,Winter,0,1,94,74.0,20.0
2023-12-30,S004,P0013,Groceries,West,Winter,0,1,62,92.3,-30.3
2023-12-31,S004,P0013,Groceries,West,Winter,0,1,47,74.7,-27.7
2024-01-01,S004,P0013,Groceries,West,Winter,0,1,116,83.7,32.3
2024-01-02,S004,P0013,Groceries,West,Winter,1,1,105,104.2,0.8
2024-01-03,S004,P0013,Groceries,West,Winter,0,1,87,65.1,21.9
2024-01-04,S004,P0013,Groceries,West,Winter,0,1,45,68.7,-23.7
2024-01-05,S004,P0013,Groceries,West,Winter,1,1,114,98.4,15.6
2024-01-06,S004,P0013,Groceries,West,Winter,0,1,67,76.9,-9.9
2024-01-07,S004,P0013,Groceries,West,Winter,1,1,89,89.2,-0.2
2024-01-08,S004,P0013,Groceries,West,Winter,0,1,87,82.9,4.1
2024-01-09,S004,P0013,Groceries,West,Winter,1,0,111,120.9,-9.9
2024-01-10,S004,P0013,Groceries,West,Winter,1,0,161,124.6,36.4
2024-01-11,S004,P0013,Groceries,West,Winter,0,0,144,115.5,28.5
2024-01-12,S004,P0013,Groceries,West,Winter,0,0,76,91.9,-15.9
2024-01-13,S004,P0013,Groceries,West,Winter,0,0,85,102.6,-17.6
2024-01-14,S004,P0013,Groceries,West,Winter,0,0,101,104.2,-3.2
2024-01-15,S004,P0013,Groceries,West,Winter,0,0,59,101.8,-42.8
2024-01-16,S004,P0013,Groceries,West,Winter,1,0,122,134.9,-12.9
2024-01-17,S004,P0013,Groceries,West,Winter,1,0,173,134.5,38.5
2024-01-18,S004,P0013,Groceries,West,Winter,0,0,107,97.4,9.6
2024-01-19,S004,P0013,Groceries,West,Winter,0,0,55,91.7,-36.7
2024-01-20,S004,P0013,Groceries,West,Winter,0,0,143,120.0,23.0
2024-01-21,S004,P0013,Groceries,West,Winter,0,0,51,92.1,-41.1
2024-01-22,S004,P0013,Groceries,West,Winter,0,0,158,109.7,48.3
2024-01-23,S004,P0013,Groceries,West,Winter,1,0,153,143.1,9.9
2024-01-24,S004,P0013,Groceries,West,Winter,0,0,94,95.9,-1.9
2024-01-25,S004,P0013,Groceries,West,Winter,1,0,212,141.6,70.4
2024-01-26,S004,P0013,Groceries,West,Winter,0,0,146,125.1,20.9
2024-01-27,S004,P0013,Groceries,West,Winter,1,0,151,141.8,9.2
2024-01-28,S004,P0013,Groceries,West,Winter,0,0,146,128.3,17.7
2024-01-29,S004,P0013,Groceries,West,Winter,0,0,120,110.3,9.7
2024-01-30,S004,P0013,Groceries,West,Winter,0,0,34,99.3,-65.3
2023-09-07,S004,P0014,Furniture,West,Autumn,0,0,97,104.2,-7.2
2023-09-08,S004,P0014,Furniture,West,Autumn,0,0,66,76.2,-10.2
2023-09-09,S004,P0014,Furniture,West,Autumn,0,0,82,79.7,2.3
2023-09-10,S004,P0014,Furniture,West,Autumn,0,0,92,98.8,-6.8
2023-09-11,S004,P0014,Furniture,West,Autumn,1,0,42,54.4,-12.4
2023-09-12,S004,P0014,Furniture,West,Autumn,0,0,87,90.6,-3.6
2023-09-13,S004,P0014,Furniture,West,Autumn,1,0,82,87.6,-5.6
2023-09-14,S004,P0014,Furniture,West,Autumn,0,0,85,88.3,-3.3
2023-09-15,S004,P0014,Furniture,West,Autumn,1,0,47,47.6,-0.6
2023-09-16,S004,P0014,Furniture,West,Autumn,0,0,70,69.3,0.7
2023-09-17,S004,P0014,Furniture,West,Autumn,0,0,57,59.2,-2.2
2023-09-18,S004,P0014,Furniture,West,Autumn,1,0,102,103.3,-1.3
2023-09-19,S004,P0014,Furniture,West,Autumn,0,0,59,58.4,0.6
2023-09-20,S004,P0014,Furniture,West,Autumn,0,0,108,117.9,-9.9
2023-09-21,S004,P0014,Furniture,West,Autumn,0,0,107,107.4,-0.4
2023-09-22,S004,P0014,Furniture,West,Autumn,0,0,102,105.7,-3.7
2023-09-23,S004,P0014,Furniture,West,Autumn,0,0,113,108.1,4.9
2023-09-24,S004,P0014,Furniture,West,Autumn,0,0,64,62.2,1.9
2023-09-25,S004,P0014,Furniture,West,Autumn,0,0,74,74.0,0.0
2023-09-26,S004,P0014,Furniture,West,Autumn,1,0,106,110.3,-4.3
2023-09-27,S004,P0014,Furniture,West,Autumn,1,0,97,99.3,-2.3
2023-09-28,S004,P0014,Furniture,West,Autumn,1,0,131,134.4,-3.3
2023-09-29,S004,P0014,Furniture,West,Autumn,0,0,84,82.3,1.7
2023-09-30,S004,P0014,Furniture,West,Autumn,0,0,65,71.1,-6.1
2023-10-01,S004,P0014,Furniture,West,Autumn,0,0,71,74.6,-3.6
2023-10-02,S004,P0014,Furniture,West,Autumn,0,0,70,81.9,-11.9
2023-10-03,S004,P0014,Furniture,West,Autumn,0,0,108,109.2,-1.2
2023-10-04,S004,P0014,Furniture,West,Autumn,0,0,65,61.4,3.6
2023-10-05,S004,P0014,Furniture,West,Autumn,0,0,145,130.0,15.0
2023-10-06,S004,P0014,Furniture,West,Autumn,0,0,130,122.4,7.6
2023-10-07,S004,P0014,Furniture,West,Autumn,0,1,29,40.6,-11.6
2023-10-08,S004,P0014,Furniture,West,Autumn,1,1,19,57.6,-38.6
2023-10-09,S004,P0014,Furniture,West,Autumn,1,1,87,54.8,32.2
2023-10-10,S004,P0014,Furniture,West,Autumn,0,1,25,35.1,-10.1
2023-10-11,S004,P0014,Furniture,West,Autumn,1,1,53,47.5,5.5
2023-10-12,S004,P0014,Furniture,West,Autumn,1,1,62,44.0,18.0
2023-10-13,S004,P0014,Furniture,West,Autumn,0,1,32,38.0,-6.0
2023-10-14,S004,P0014,Furniture,West,Autumn,1,1,42,52.1,-10.1
2023-10-15,S004,P0014,Furniture,West,Autumn,1,1,57,54.9,2.1
2023-10-16,S004,P0014,Furniture,West,Autumn,0,1,55,51.4,3.6
2023-10-17,S004,P0014,Furniture,West,Autumn,1,1,29,44.1,-15.1
2023-10-18,S004,P0014,Furniture,West,Autumn,1,1,26,46.7,-20.7
2023-10-19,S004,P0014,Furniture,West,Autumn,1,1,45,40.5,4.5
2023-10-20,S004,P0014,Furniture,West,Autumn,0,1,30,37.4,-7.4
2023-10-21,S004,P0014,Furniture,West,Autumn,0,1,40,34.2,5.8
2023-10-22,S004,P0014,Furniture,West,Autumn,1,1,41,42.8,-1.9
2023-10-23,S004,P0014,Furniture,West,Autumn,0,1,43,44.8,-1.8
2023-10-24,S004,P0014,Furniture,West,Autumn,0,1,23,36.1,-13.1
2023-10-25,S004,P0014,Furniture,West,Autumn,0,0,121,114.6,6.3
2023-10-26,S004,P0014,Furniture,West,Autumn,0,0,113,107.5,5.5
2023-10-27,S004,P0014,Furniture,West,Autumn,0,0,85,83.0,2.0
2023-10-28,S004,P0014,Furniture,West,Autumn,0,0,63,57.8,5.2
2023-10-29,S004,P0014,Furniture,West,Autumn,0,0,65,69.8,-4.8
2023-10-30,S004,P0014,Furniture,West,Autumn,0,0,63,64.5,-1.5
2023-10-31,S004,P0014,Furniture,West,Autumn,0,0,90,88.3,1.7
2023-11-01,S004,P0014,Furniture,West,Autumn,0,0,55,57.9,-2.9
2023-11-02,S004,P0014,Furniture,West,Autumn,1,0,85,83.6,1.4
2023-11-03,S004,P0014,Furniture,West,Autumn,1,0,123,112.2,10.8
2023-11-04,S004,P0014,Furniture,West,Autumn,1,0,144,138.0,6.0
2023-11-05,S004,P0014,Furniture,West,Autumn,1,0,50,63.3,-13.3
2023-11-06,S004,P0014,Furniture,West,Autumn,0,0,70,67.4,2.6
2023-11-07,S004,P0014,Furniture,West,Autumn,0,0,83,87.7,-4.7
2023-11-08,S004,P0014,Furniture,West,Autumn,1,0,94,95.2,-1.2
2023-11-09,S004,P0014,Furniture,West,Autumn,0,0,91,94.8,-3.8
2023-11-10,S004,P0014,Furniture,West,Autumn,1,0,133,132.8,0.2
2023-11-11,S004,P0014,Furniture,West,Autumn,1,0,144,137.4,6.6
2023-11-12,S004,P0014,Furniture,West,Autumn,1,0,58,66.1,-8.1
2023-11-13,S004,P0014,Furniture,West,Autumn,0,0,49,54.7,-5.7
2023-11-14,S004,P0014,Furniture,West,Autumn,1,0,95,95.6,-0.6
2023-11-15,S004,P0014,Furniture,West,Autumn,1,0,134,138.6,-4.6
2023-11-16,S004,P0014,Furniture,West,Autumn,0,0,51,55.2,-4.2
2023-11-17,S004,P0014,Furniture,West,Autumn,0,0,105,117.5,-12.5
2023-11-18,S004,P0014,Furniture,West,Autumn,0,0,102,102.2,-0.2
2023-11-19,S004,P0014,Furniture,West,Autumn,0,0,62,70.7,-8.7
2023-11-20,S004,P0014,Furniture,West,Autumn,0,0,51,53.0,-2.0
2023-11-21,S004,P0014,Furniture,West,Autumn,0,0,108,111.7,-3.7
2023-11-22,S004,P0014,Furniture,West,Autumn,0,0,68,69.7,-1.7
2023-11-23,S004,P0014,Furniture,West,Autumn,0,0,55,53.4,1.6
2023-11-24,S004,P0014,Furniture,West,Autumn,0,0,68,67.6,0.4
2023-11-25,S004,P0014,Furniture,West,Autumn,0,0,57,56.9,0.1
2023-11-26,S004,P0014,Furniture,West,Autumn,0,0,54,58.1,-4.1
2023-11-27,S004,P0014,Furniture,West,Autumn,0,0,68,70.4,-2.4
2023-11-28,S004,P0014,Furniture,West,Autumn,0,0,104,98.2,5.8
2023-11-29,S004,P0014,Furniture,West,Autumn,0,0,25,31.4,-6.4
2023-11-30,S004,P0014,Furniture,West,Autumn,0,0,97,101.3,-4.3
2023-12-01,S004,P0014,Furniture,West,Winter,0,0,62,63.3,-1.3
2023-12-02,S004,P0014,Furniture,West,Winter,0,0,49,50.1,-1.1
2023-12-03,S004,P0014,Furniture,West,Winter,1,0,69,77.0,-8.0
2023-12-04,S004,P0014,Furniture,West,Winter,0,0,102,105.6,-3.6
2023-12-05,S004,P0014,Furniture,West,Winter,0,0,59,59.4,-0.4
2023-12-06,S004,P0014,Furniture,West,Winter,0,0,24,29.5,-5.5
2023-12-07,S004,P0014,Furniture,West,Winter,0,0,54,59.0,-5.0
2023-12-08,S004,P0014,Furniture,West,Winter,0,0,66,64.0,2.0
2023-12-09,S004,P0014,Furniture,West,Winter,1,0,137,140.0,-3.1
2023-12-10,S004,P0014,Furniture,West,Winter,1,0,66,55.2,10.8
2023-12-11,S004,P0014,Furniture,West,Winter,1,0,82,90.5,-8.5
2023-12-12,S004,P0014,Furniture,West,Winter,1,0,65,70.6,-5.6
2023-12-13,S004,P0014,Furniture,West,Winter,0,0,87,87.8,-0.8
2023-12-14,S004,P0014,Furniture,West,Winter,1,0,92,100.5,-8.5
2023-12-15,S004,P0014,Furniture,West,Winter,0,0,41,43.2,-2.2
2023-12-16,S004,P0014,Furniture,West,Winter,1,0,177,144.0,32.9
2023-12-17,S004,P0014,Furniture,West,Winter,0,0,43,44.4,-1.5
2023-12-18,S004,P0014,Furniture,West,Winter,0,0,49,54.3,-5.3
2023-12-19,S004,P0014,Furniture,West,Winter,0,0,53,56.4,-3.4
2023-12-20,S004,P0014,Furniture,West,Winter,0,0,71,69.1,1.9
2023-12-21,S004,P0014,Furniture,West,Winter,1,0,107,120.0,-13.0
2023-12-22,S004,P0014,Furniture,West,Winter,0,0,44,45.6,-1.6
2023-12-23,S004,P0014,Furniture,West,Winter,1,0,89,80.5,8.5
2023-12-24,S004,P0014,Furniture,West,Winter,1,0,149,150.4,-1.4
2023-12-25,S004,P0014,Furniture,West,Winter,0,0,72,70.6,1.4
2023-12-26,S004,P0014,Furniture,West,Winter,0,0,41,43.4,-2.4
2023-12-27,S004,P0014,Furniture,West,Winter,0,1,17,30.1,-13.1
2023-12-28,S004,P0014,Furniture,West,Winter,0,1,37,38.4,-1.4
2023-12-29,S004,P0014,Furniture,West,Winter,0,1,29,38.4,-9.5
2023-12-30,S004,P0014,Furniture,West,Winter,0,1,36,46.0,-10.0
2023-12-31,S004,P0014,Furniture,West,Winter,0,1,27,31.0,-4.0
2024-01-01,S004,P0014,Furniture,West,Winter,1,1,64,55.0,9.0
2024-01-02,S004,P0014,Furniture,West,Winter,0,1,15,30.6,-15.6
2024-01-03,S004,P0014,Furniture,West,Winter,0,1,57,38.8,18.2
2024-01-04,S004,P0014,Furniture,West,Winter,0,1,42,53.7,-11.7
2024-01-05,S004,P0014,Furniture,West,Winter,1,1,43,51.2,-8.2
2024-01-06,S004,P0014,Furniture,West,Winter,0,1,51,60.9,-9.9
2024-01-07,S004,P0014,Furniture,West,Winter,0,1,30,32.0,-2.0
2024-01-08,S004,P0014,Furniture,West,Winter,0,1,32,33.9,-1.9
2024-01-09,S004,P0014,Furniture,West,Winter,1,0,74,98.8,-24.8
2024-01-10,S004,P0014,Furniture,West,Winter,0,0,69,81.8,-12.8
2024-01-11,S004,P0014,Furniture,West,Winter,0,0,101,112.2,-11.2
2024-01-12,S004,P0014,Furniture,West,Winter,0,0,86,86.4,-0.3
2024-01-13,S004,P0014,Furniture,West,Winter,0,0,117,113.1,3.9
2024-01-14,S004,P0014,Furniture,West,Winter,0,0,104,115.2,-11.2
2024-01-15,S004,P0014,Furniture,West,Winter,0,0,54,55.8,-1.8
2024-01-16,S004,P0014,Furniture,West,Winter,1,0,108,103.9,4.1
2024-01-17,S004,P0014,Furniture,West,Winter,0,0,70,71.9,-1.9
2024-01-18,S004,P0014,Furniture,West,Winter,1,0,82,92.2,-10.2
2024-01-19,S004,P0014,Furniture,West,Winter,1,0,78,89.7,-11.7
2024-01-20,S004,P0014,Furniture,West,Winter,1,0,110,113.2,-3.2
2024-01-21,S004,P0014,Furniture,West,Winter,1,0,110,103.8,6.2
2024-01-22,S004,P0014,Furniture,West,Winter,1,0,103,99.9,3.1
2024-01-23,S004,P0014,Furniture,West,Winter,0,0,90,83.7,6.3
2024-01-24,S004,P0014,Furniture,West,Winter,0,0,65,75.2,-10.2
2024-01-25,S004,P0014,Furniture,West,Winter,0,0,57,61.0,-4.0
2024-01-26,S004,P0014,Furniture,West,Winter,0,0,85,89.6,-4.6
2024-01-27,S004,P0014,Furniture,West,Winter,1,0,112,107.3,4.7
2024-01-28,S004,P0014,Furniture,West,Winter,0,0,126,117.0,9.0
2024-01-29,S004,P0014,Furniture,West,Winter,0,0,83,86.4,-3.4
2024-01-30,S004,P0014,Furniture,West,Winter,0,0,39,41.1,-2.1
2023-09-07,S004,P0015,Furniture,West,Autumn,1,0,53,70.3,-17.3
2023-09-08,S004,P0015,Furniture,West,Autumn,0,0,25,25.8,-0.9
2023-09-09,S004,P0015,Furniture,West,Autumn,1,0,112,108.4,3.6
2023-09-10,S004,P0015,Furniture,West,Autumn,0,0,100,98.1,1.9
2023-09-11,S004,P0015,Furniture,West,Autumn,0,0,107,107.3,-0.3
2023-09-12,S004,P0015,Furniture,West,Autumn,0,0,68,69.0,-1.0
2023-09-13,S004,P0015,Furniture,West,Autumn,0,0,61,54.6,6.4
2023-09-14,S004,P0015,Furniture,West,Autumn,1,0,136,144.2,-8.2
2023-09-15,S004,P0015,Furniture,West,Autumn,0,0,59,53.7,5.3
2023-09-16,S004,P0015,Furniture,West,Autumn,0,0,93,86.8,6.2
2023-09-17,S004,P0015,Furniture,West,Autumn,0,0,59,55.8,3.2
2023-09-18,S004,P0015,Furniture,West,Autumn,1,0,52,60.8,-8.8
2023-09-19,S004,P0015,Furniture,West,Autumn,0,0,67,77.0,-10.0
2023-09-20,S004,P0015,Furniture,West,Autumn,0,0,60,55.6,4.4
2023-09-21,S004,P0015,Furniture,West,Autumn,0,0,34,41.9,-7.9
2023-09-22,S004,P0015,Furniture,West,Autumn,1,0,120,106.0,14.0
2023-09-23,S004,P0015,Furniture,West,Autumn,1,0,118,100.4,17.6
2023-09-24,S004,P0015,Furniture,West,Autumn,0,0,77,73.2,3.8
2023-09-25,S004,P0015,Furniture,West,Autumn,0,0,77,75.6,1.4
2023-09-26,S004,P0015,Furniture,West,Autumn,0,0,88,89.5,-1.5
2023-09-27,S004,P0015,Furniture,West,Autumn,1,0,89,94.0,-5.0
2023-09-28,S004,P0015,Furniture,West,Autumn,1,0,123,124.1,-1.1
2023-09-29,S004,P0015,Furniture,West,Autumn,0,0,83,66.6,16.5
2023-09-30,S004,P0015,Furniture,West,Autumn,0,0,82,80.7,1.3
2023-10-01,S004,P0015,Furniture,West,Autumn,1,0,102,119.5,-17.5
2023-10-02,S004,P0015,Furniture,West,Autumn,0,0,72,71.8,0.2
2023-10-03,S004,P0015,Furniture,West,Autumn,0,0,74,70.6,3.4
2023-10-04,S004,P0015,Furniture,West,Autumn,0,0,50,50.6,-0.6
2023-10-05,S004,P0015,Furniture,West,Autumn,0,0,59,56.4,2.6
2023-10-06,S004,P0015,Furniture,West,Autumn,1,0,137,148.0,-11.0
2023-10-07,S004,P0015,Furniture,West,Autumn,1,1,38,42.5,-4.5
2023-10-08,S004,P0015,Furniture,West,Autumn,1,1,12,39.4,-27.4
2023-10-09,S004,P0015,Furniture,West,Autumn,1,1,46,35.1,10.9
2023-10-10,S004,P0015,Furniture,West,Autumn,0,1,53,24.2,28.8
2023-10-11,S004,P0015,Furniture,West,Autumn,0,1,19,26.2,-7.2
2023-10-12,S004,P0015,Furniture,West,Autumn,0,1,31,26.7,4.3
2023-10-13,S004,P0015,Furniture,West,Autumn,0,1,29,30.0,-1.0
2023-10-14,S004,P0015,Furniture,West,Autumn,0,1,74,36.4,37.6
2023-10-15,S004,P0015,Furniture,West,Autumn,1,1,68,49.1,18.9
2023-10-16,S004,P0015,Furniture,West,Autumn,0,1,72,36.6,35.4
2023-10-17,S004,P0015,Furniture,West,Autumn,0,1,39,33.1,5.9
2023-10-18,S004,P0015,Furniture,West,Autumn,0,1,75,36.2,38.8
2023-10-19,S004,P0015,Furniture,West,Autumn,0,1,44,30.4,13.6
2023-10-20,S004,P0015,Furniture,West,Autumn,0,1,40,29.8,10.2
2023-10-21,S004,P0015,Furniture,West,Autumn,0,1,16,27.6,-11.6
2023-10-22,S004,P0015,Furniture,West,Autumn,1,1,46,38.6,7.4
2023-10-23,S004,P0015,Furniture,West,Autumn,0,1,23,28.8,-5.8
2023-10-24,S004,P0015,Furniture,West,Autumn,1,1,42,39.0,3.0
2023-10-25,S004,P0015,Furniture,West,Autumn,0,0,42,57.0,-15.0
2023-10-26,S004,P0015,Furniture,West,Autumn,1,0,79,72.1,6.9
2023-10-27,S004,P0015,Furniture,West,Autumn,0,0,87,71.8,15.2
2023-10-28,S004,P0015,Furniture,West,Autumn,1,0,6,64.7,-58.7
2023-10-29,S004,P0015,Furniture,West,Autumn,0,0,83,62.6,20.4
2023-10-30,S004,P0015,Furniture,West,Autumn,0,0,55,63.4,-8.4
2023-10-31,S004,P0015,Furniture,West,Autumn,0,0,86,79.1,6.9
2023-11-01,S004,P0015,Furniture,West,Autumn,1,0,80,97.5,-17.5
2023-11-02,S004,P0015,Furniture,West,Autumn,1,0,106,120.1,-14.1
2023-11-03,S004,P0015,Furniture,West,Autumn,0,0,69,77.7,-8.7
2023-11-04,S004,P0015,Furniture,West,Autumn,0,0,19,25.0,-6.1
2023-11-05,S004,P0015,Furniture,West,Autumn,0,0,94,87.8,6.2
2023-11-06,S004,P0015,Furniture,West,Autumn,0,0,81,95.6,-14.6
2023-11-07,S004,P0015,Furniture,West,Autumn,0,0,49,53.8,-4.8
2023-11-08,S004,P0015,Furniture,West,Autumn,0,0,93,88.0,5.0
2023-11-09,S004,P0015,Furniture,West,Autumn,0,0,67,68.0,-1.0
2023-11-10,S004,P0015,Furniture,West,Autumn,0,0,66,68.6,-2.6
2023-11-11,S004,P0015,Furniture,West,Autumn,1,0,107,97.3,9.7
2023-11-12,S004,P0015,Furniture,West,Autumn,0,0,93,94.4,-1.4
2023-11-13,S004,P0015,Furniture,West,Autumn,0,0,76,74.4,1.6
2023-11-14,S004,P0015,Furniture,West,Autumn,0,0,93,90.1,2.9
2023-11-15,S004,P0015,Furniture,West,Autumn,0,0,94,102.6,-8.6
2023-11-16,S004,P0015,Furniture,West,Autumn,0,0,75,91.6,-16.6
2023-11-17,S004,P0015,Furniture,West,Autumn,0,0,29,35.2,-6.2
2023-11-18,S004,P0015,Furniture,West,Autumn,0,0,105,100.6,4.5
2023-11-19,S004,P0015,Furniture,West,Autumn,0,0,97,98.8,-1.8
2023-11-20,S004,P0015,Furniture,West,Autumn,1,0,95,98.6,-3.6
2023-11-21,S004,P0015,Furniture,West,Autumn,1,0,81,87.5,-6.5
2023-11-22,S004,P0015,Furniture,West,Autumn,1,0,149,111.4,37.6
2023-11-23,S004,P0015,Furniture,West,Autumn,1,0,69,75.6,-6.6
2023-11-24,S004,P0015,Furniture,West,Autumn,0,0,29,36.0,-7.0
2023-11-25,S004,P0015,Furniture,West,Autumn,0,0,60,58.6,1.4
2023-11-26,S004,P0015,Furniture,West,Autumn,1,0,60,43.6,16.4
2023-11-27,S004,P0015,Furniture,West,Autumn,1,0,47,73.0,-26.0
2023-11-28,S004,P0015,Furniture,West,Autumn,1,0,113,115.7,-2.7
2023-11-29,S004,P0015,Furniture,West,Autumn,0,0,85,85.0,-0.0
2023-11-30,S004,P0015,Furniture,West,Autumn,0,0,60,57.6,2.4
2023-12-01,S004,P0015,Furniture,West,Winter,0,0,61,56.8,4.2
2023-12-02,S004,P0015,Furniture,West,Winter,1,0,110,104.7,5.3
2023-12-03,S004,P0015,Furniture,West,Winter,1,0,112,98.7,13.3
2023-12-04,S004,P0015,Furniture,West,Winter,0,0,89,83.1,5.9
2023-12-05,S004,P0015,Furniture,West,Winter,0,0,98,96.9,1.1
2023-12-06,S004,P0015,Furniture,West,Winter,1,0,95,90.6,4.4
2023-12-07,S004,P0015,Furniture,West,Winter,0,0,34,26.7,7.3
2023-12-08,S004,P0015,Furniture,West,Winter,0,0,51,56.0,-5.0
2023-12-09,S004,P0015,Furniture,West,Winter,0,0,87,90.2,-3.2
2023-12-10,S004,P0015,Furniture,West,Winter,0,0,53,49.2,3.8
2023-12-11,S004,P0015,Furniture,West,Winter,0,0,30,28.2,1.8
2023-12-12,S004,P0015,Furniture,West,Winter,0,0,35,37.0,-2.0
2023-12-13,S004,P0015,Furniture,West,Winter,1,0,68,71.8,-3.8
2023-12-14,S004,P0015,Furniture,West,Winter,1,0,96,73.4,22.6
2023-12-15,S004,P0015,Furniture,West,Winter,0,0,50,49.0,1.0
2023-12-16,S004,P0015,Furniture,West,Winter,1,0,119,103.5,15.5
2023-12-17,S004,P0015,Furniture,West,Winter,1,0,66,61.5,4.5
2023-12-18,S004,P0015,Furniture,West,Winter,0,0,85,91.2,-6.2
2023-12-19,S004,P0015,Furniture,West,Winter,0,0,100,97.6,2.4
2023-12-20,S004,P0015,Furniture,West,Winter,0,0,89,90.6,-1.6
2023-12-21,S004,P0015,Furniture,West,Winter,0,0,68,66.0,2.0
2023-12-22,S004,P0015,Furniture,West,Winter,0,0,37,28.2,8.8
2023-12-23,S004,P0015,Furniture,West,Winter,0,0,74,70.8,3.2
2023-12-24,S004,P0015,Furniture,West,Winter,0,0,77,78.1,-1.1
2023-12-25,S004,P0015,Furniture,West,Winter,1,0,120,122.2,-2.2
2023-12-26,S004,P0015,Furniture,West,Winter,0,0,79,76.5,2.5
2023-12-27,S004,P0015,Furniture,West,Winter,1,1,51,39.8,11.2
2023-12-28,S004,P0015,Furniture,West,Winter,1,1,47,35.4,11.6
2023-12-29,S004,P0015,Furniture,West,Winter,0,1,26,25.3,0.7
2023-12-30,S004,P0015,Furniture,West,Winter,0,1,27,28.3,-1.3
2023-12-31,S004,P0015,Furniture,West,Winter,0,1,25,26.8,-1.8
2024-01-01,S004,P0015,Furniture,West,Winter,1,1,53,37.0,16.0
2024-01-02,S004,P0015,Furniture,West,Winter,0,1,21,33.4,-12.4
2024-01-03,S004,P0015,Furniture,West,Winter,1,1,26,37.5,-11.5
2024-01-04,S004,P0015,Furniture,West,Winter,0,1,23,26.0,-3.0
2024-01-05,S004,P0015,Furniture,West,Winter,0,1,23,31.4,-8.4
2024-01-06,S004,P0015,Furniture,West,Winter,0,1,42,35.8,6.2
2024-01-07,S004,P0015,Furniture,West,Winter,1,1,35,38.9,-3.9
2024-01-08,S004,P0015,Furniture,West,Winter,0,1,46,35.3,10.7
2024-01-09,S004,P0015,Furniture,West,Winter,1,0,78,82.3,-4.3
2024-01-10,S004,P0015,Furniture,West,Winter,0,0,32,57.7,-25.7
2024-01-11,S004,P0015,Furniture,West,Winter,0,0,67,71.3,-4.3
2024-01-12,S004,P0015,Furniture,West,Winter,1,0,21,43.8,-22.8
2024-01-13,S004,P0015,Furniture,West,Winter,1,0,131,74.2,56.8
2024-01-14,S004,P0015,Furniture,West,Winter,0,0,144,121.6,22.4
2024-01-15,S004,P0015,Furniture,West,Winter,0,0,127,114.3,12.7
2024-01-16,S004,P0015,Furniture,West,Winter,0,0,69,71.2,-2.2
2024-01-17,S004,P0015,Furniture,West,Winter,0,0,65,61.7,3.3
2024-01-18,S004,P0015,Furniture,West,Winter,0,0,71,78.0,-7.0
2024-01-19,S004,P0015,Furniture,West,Winter,0,0,29,34.2,-5.2
2024-01-20,S004,P0015,Furniture,West,Winter,1,0,55,79.6,-24.6
2024-01-21,S004,P0015,Furniture,West,Winter,0,0,67,64.2,2.8
2024-01-22,S004,P0015,Furniture,West,Winter,0,0,71,72.9,-1.9
2024-01-23,S004,P0015,Furniture,West,Winter,0,0,61,54.2,6.8
2024-01-24,S004,P0015,Furniture,West,Winter,0,0,69,71.6,-2.6
2024-01-25,S004,P0015,Furniture,West,Winter,0,0,73,62.8,10.2
2024-01-26,S004,P0015,Furniture,West,Winter,1,0,89,87.1,1.9
2024-01-27,S004,P0015,Furniture,West,Winter,1,0,131,106.1,24.9
2024-01-28,S004,P0015,Furniture,West,Winter,1,0,88,84.7,3.3
2024-01-29,S004,P0015,Furniture,West,Winter,0,0,66,59.4,6.6
2024-01-30,S004,P0015,Furniture,West,Winter,0,0,40,37.4,2.6
2023-09-07,S004,P0016,Furniture,West,Autumn,0,0,46,39.4,6.6
2023-09-08,S004,P0016,Furniture,West,Autumn,0,0,82,71.9,10.1
2023-09-09,S004,P0016,Furniture,West,Autumn,1,0,62,69.7,-7.7
2023-09-10,S004,P0016,Furniture,West,Autumn,1,0,61,65.1,-4.1
2023-09-11,S004,P0016,Furniture,West,Autumn,0,0,95,87.7,7.3
2023-09-12,S004,P0016,Furniture,West,Autumn,1,0,100,78.8,21.2
2023-09-13,S004,P0016,Furniture,West,Autumn,0,0,90,71.8,18.2
2023-09-14,S004,P0016,Furniture,West,Autumn,0,0,102,74.2,27.8
2023-09-15,S004,P0016,Furniture,West,Autumn,0,0,72,62.5,9.5
2023-09-16,S004,P0016,Furniture,West,Autumn,1,0,84,75.4,8.5
2023-09-17,S004,P0016,Furniture,West,Autumn,0,0,66,51.6,14.4
2023-09-18,S004,P0016,Furniture,West,Autumn,0,0,67,62.9,4.1
2023-09-19,S004,P0016,Furniture,West,Autumn,0,0,51,49.1,1.9
2023-09-20,S004,P0016,Furniture,West,Autumn,0,0,104,76.8,27.2
2023-09-21,S004,P0016,Furniture,West,Autumn,0,0,90,76.8,13.2
2023-09-22,S004,P0016,Furniture,West,Autumn,1,0,70,71.4,-1.4
2023-09-23,S004,P0016,Furniture,West,Autumn,0,0,102,85.8,16.2
2023-09-24,S004,P0016,Furniture,West,Autumn,1,0,83,83.8,-0.8
2023-09-25,S004,P0016,Furniture,West,Autumn,0,0,78,78.9,-0.9
2023-09-26,S004,P0016,Furniture,West,Autumn,0,0,56,63.9,-7.9
2023-09-27,S004,P0016,Furniture,West,Autumn,1,0,62,67.5,-5.5
2023-09-28,S004,P0016,Furniture,West,Autumn,1,0,103,85.5,17.5
2023-09-29,S004,P0016,Furniture,West,Autumn,0,0,57,54.7,2.3
2023-09-30,S004,P0016,Furniture,West,Autumn,0,0,56,63.3,-7.3
2023-10-01,S004,P0016,Furniture,West,Autumn,0,0,124,91.9,32.1
2023-10-02,S004,P0016,Furniture,West,Autumn,1,0,12,48.9,-36.9
2023-10-03,S004,P0016,Furniture,West,Autumn,0,0,77,62.8,14.2
2023-10-04,S004,P0016,Furniture,West,Autumn,1,0,109,96.2,12.8
2023-10-05,S004,P0016,Furniture,West,Autumn,1,0,106,98.3,7.7
2023-10-06,S004,P0016,Furniture,West,Autumn,1,0,106,95.8,10.2
2023-10-07,S004,P0016,Furniture,West,Autumn,1,1,29,50.6,-21.5
2023-10-08,S004,P0016,Furniture,West,Autumn,0,1,22,29.5,-7.5
2023-10-09,S004,P0016,Furniture,West,Autumn,1,1,45,40.6,4.4
2023-10-10,S004,P0016,Furniture,West,Autumn,0,1,34,26.9,7.1
2023-10-11,S004,P0016,Furniture,West,Autumn,0,1,39,28.2,10.8
2023-10-12,S004,P0016,Furniture,West,Autumn,0,1,42,34.3,7.7
2023-10-13,S004,P0016,Furniture,West,Autumn,1,1,81,43.3,37.7
2023-10-14,S004,P0016,Furniture,West,Autumn,0,1,43,34.7,8.3
2023-10-15,S004,P0016,Furniture,West,Autumn,0,1,23,36.9,-13.9
2023-10-16,S004,P0016,Furniture,West,Autumn,0,1,21,30.8,-9.8
2023-10-17,S004,P0016,Furniture,West,Autumn,0,1,41,31.0,10.0
2023-10-18,S004,P0016,Furniture,West,Autumn,1,1,17,39.8,-22.8
2023-10-19,S004,P0016,Furniture,West,Autumn,0,1,36,28.9,7.1
2023-10-20,S004,P0016,Furniture,West,Autumn,0,1,22,31.4,-9.4
2023-10-21,S004,P0016,Furniture,West,Autumn,0,1,35,31.4,3.6
2023-10-22,S004,P0016,Furniture,West,Autumn,0,1,20,31.2,-11.2
2023-10-23,S004,P0016,Furniture,West,Autumn,1,1,54,39.9,14.1
2023-10-24,S004,P0016,Furniture,West,Autumn,0,1,28,31.0,-3.0
2023-10-25,S004,P0016,Furniture,West,Autumn,0,0,101,84.5,16.5
2023-10-26,S004,P0016,Furniture,West,Autumn,0,0,53,61.1,-8.1
2023-10-27,S004,P0016,Furniture,West,Autumn,0,0,68,75.1,-7.1
2023-10-28,S004,P0016,Furniture,West,Autumn,1,0,119,90.4,28.6
2023-10-29,S004,P0016,Furniture,West,Autumn,0,0,29,35.0,-6.0
2023-10-30,S004,P0016,Furniture,West,Autumn,0,0,67,62.8,4.2
2023-10-31,S004,P0016,Furniture,West,Autumn,0,0,85,72.7,12.3
2023-11-01,S004,P0016,Furniture,West,Autumn,1,0,111,97.0,14.0
2023-11-02,S004,P0016,Furniture,West,Autumn,0,0,59,51.7,7.3
2023-11-03,S004,P0016,Furniture,West,Autumn,1,0,81,74.3,6.7
2023-11-04,S004,P0016,Furniture,West,Autumn,0,0,93,81.0,12.0
2023-11-05,S004,P0016,Furniture,West,Autumn,1,0,97,77.2,19.8
2023-11-06,S004,P0016,Furniture,West,Autumn,0,0,58,57.7,0.3
2023-11-07,S004,P0016,Furniture,West,Autumn,0,0,90,64.6,25.4
2023-11-08,S004,P0016,Furniture,West,Autumn,0,0,99,72.6,26.4
2023-11-09,S004,P0016,Furniture,West,Autumn,1,0,117,98.0,19.0
2023-11-10,S004,P0016,Furniture,West,Autumn,0,0,90,63.9,26.1
2023-11-11,S004,P0016,Furniture,West,Autumn,0,0,90,73.7,16.3
2023-11-12,S004,P0016,Furniture,West,Autumn,1,0,117,96.1,20.9
2023-11-13,S004,P0016,Furniture,West,Autumn,1,0,85,82.4,2.6
2023-11-14,S004,P0016,Furniture,West,Autumn,0,0,48,62.7,-14.7
2023-11-15,S004,P0016,Furniture,West,Autumn,0,0,50,54.8,-4.8
2023-11-16,S004,P0016,Furniture,West,Autumn,0,0,89,86.6,2.4
2023-11-17,S004,P0016,Furniture,West,Autumn,1,0,111,104.4,6.6
2023-11-18,S004,P0016,Furniture,West,Autumn,0,0,82,80.0,2.0
2023-11-19,S004,P0016,Furniture,West,Autumn,1,0,99,96.8,2.2
2023-11-20,S004,P0016,Furniture,West,Autumn,0,0,88,71.4,16.7
2023-11-21,S004,P0016,Furniture,West,Autumn,1,0,65,68.3,-3.3
2023-11-22,S004,P0016,Furniture,West,Autumn,0,0,83,68.0,15.0
2023-11-23,S004,P0016,Furniture,West,Autumn,1,0,76,74.2,1.8
2023-11-24,S004,P0016,Furniture,West,Autumn,0,0,36,49.8,-13.8
2023-11-25,S004,P0016,Furniture,West,Autumn,0,0,91,85.5,5.5
2023-11-26,S004,P0016,Furniture,West,Autumn,0,0,91,72.2,18.8
2023-11-27,S004,P0016,Furniture,West,Autumn,0,0,97,88.8,8.2
2023-11-28,S004,P0016,Furniture,West,Autumn,0,0,61,67.2,-6.2
2023-11-29,S004,P0016,Furniture,West,Autumn,0,0,81,80.1,0.9
2023-11-30,S004,P0016,Furniture,West,Autumn,0,0,42,47.4,-5.4
2023-12-01,S004,P0016,Furniture,West,Winter,1,0,65,66.8,-1.8
2023-12-02,S004,P0016,Furniture,West,Winter,0,0,76,55.7,20.3
2023-12-03,S004,P0016,Furniture,West,Winter,1,0,43,52.9,-9.9
2023-12-04,S004,P0016,Furniture,West,Winter,1,0,94,93.8,0.2
2023-12-05,S004,P0016,Furniture,West,Winter,1,0,106,104.2,1.8
2023-12-06,S004,P0016,Furniture,West,Winter,0,0,57,56.1,0.9
2023-12-07,S004,P0016,Furniture,West,Winter,1,0,102,87.2,14.8
2023-12-08,S004,P0016,Furniture,West,Winter,1,0,138,113.8,24.2
2023-12-09,S004,P0016,Furniture,West,Winter,0,0,84,69.6,14.4
2023-12-10,S004,P0016,Furniture,West,Winter,0,0,71,55.0,16.0
2023-12-11,S004,P0016,Furniture,West,Winter,0,0,70,55.8,14.2
2023-12-12,S004,P0016,Furniture,West,Winter,0,0,86,69.5,16.5
2023-12-13,S004,P0016,Furniture,West,Winter,0,0,85,63.0,22.0
2023-12-14,S004,P0016,Furniture,West,Winter,0,0,47,38.5,8.5
2023-12-15,S004,P0016,Furniture,West,Winter,0,0,62,62.4,-0.4
2023-12-16,S004,P0016,Furniture,West,Winter,0,0,96,72.8,23.2
2023-12-17,S004,P0016,Furniture,West,Winter,0,0,73,69.7,3.3
2023-12-18,S004,P0016,Furniture,West,Winter,1,0,76,67.5,8.5
2023-12-19,S004,P0016,Furniture,West,Winter,0,0,58,45.0,13.0
2023-12-20,S004,P0016,Furniture,West,Winter,0,0,33,40.2,-7.2
2023-12-21,S004,P0016,Furniture,West,Winter,0,0,127,94.2,32.8
2023-12-22,S004,P0016,Furniture,West,Winter,1,0,113,102.3,10.7
2023-12-23,S004,P0016,Furniture,West,Winter,1,0,88,79.0,9.0
2023-12-24,S004,P0016,Furniture,West,Winter,0,0,41,49.8,-8.8
2023-12-25,S004,P0016,Furniture,West,Winter,0,0,74,70.5,3.5
2023-12-26,S004,P0016,Furniture,West,Winter,1,0,100,77.5,22.5
2023-12-27,S004,P0016,Furniture,West,Winter,0,1,27,31.1,-4.1
2023-12-28,S004,P0016,Furniture,West,Winter,0,1,27,34.7,-7.7
2023-12-29,S004,P0016,Furniture,West,Winter,0,1,40,33.2,6.8
2023-12-30,S004,P0016,Furniture,West,Winter,0,1,51,33.9,17.1
2023-12-31,S004,P0016,Furniture,West,Winter,0,1,44,32.3,11.7
2024-01-01,S004,P0016,Furniture,West,Winter,0,1,30,34.8,-4.8
2024-01-02,S004,P0016,Furniture,West,Winter,0,1,51,34.4,16.5
2024-01-03,S004,P0016,Furniture,West,Winter,0,1,26,30.9,-4.9
2024-01-04,S004,P0016,Furniture,West,Winter,0,1,35,31.9,3.1
2024-01-05,S004,P0016,Furniture,West,Winter,0,1,29,36.4,-7.4
2024-01-06,S004,P0016,Furniture,West,Winter,0,1,35,34.2,0.8
2024-01-07,S004,P0016,Furniture,West,Winter,1,1,88,41.0,47.0
2024-01-08,S004,P0016,Furniture,West,Winter,1,1,73,46.3,26.7
2024-01-09,S004,P0016,Furniture,West,Winter,1,0,54,81.8,-27.8
2024-01-10,S004,P0016,Furniture,West,Winter,1,0,111,89.3,21.7
2024-01-11,S004,P0016,Furniture,West,Winter,0,0,94,84.2,9.8
2024-01-12,S004,P0016,Furniture,West,Winter,0,0,40,49.8,-9.8
2024-01-13,S004,P0016,Furniture,West,Winter,1,0,132,108.5,23.5
2024-01-14,S004,P0016,Furniture,West,Winter,1,0,48,54.8,-6.9
2024-01-15,S004,P0016,Furniture,West,Winter,1,0,51,59.5,-8.5
2024-01-16,S004,P0016,Furniture,West,Winter,1,0,82,75.0,7.0
2024-01-17,S004,P0016,Furniture,West,Winter,0,0,69,57.8,11.2
2024-01-18,S004,P0016,Furniture,West,Winter,1,0,110,93.5,16.5
2024-01-19,S004,P0016,Furniture,West,Winter,0,0,44,50.0,-6.0
2024-01-20,S004,P0016,Furniture,West,Winter,0,0,142,103.5,38.5
2024-01-21,S004,P0016,Furniture,West,Winter,0,0,76,70.5,5.5
2024-01-22,S004,P0016,Furniture,West,Winter,0,0,81,68.1,12.9
2024-01-23,S004,P0016,Furniture,West,Winter,1,0,84,74.5,9.5
2024-01-24,S004,P0016,Furniture,West,Winter,0,0,65,55.0,10.0
2024-01-25,S004,P0016,Furniture,West,Winter,0,0,85,73.0,12.0
2024-01-26,S004,P0016,Furniture,West,Winter,0,0,91,77.4,13.6
2024-01-27,S004,P0016,Furniture,West,Winter,0,0,77,70.7,6.3
2024-01-28,S004,P0016,Furniture,West,Winter,0,0,87,64.5,22.5
2024-01-29,S004,P0016,Furniture,West,Winter,0,0,71,55.4,15.6
2024-01-30,S004,P0016,Furniture,West,Winter,0,0,43,50.3,-7.3
2023-09-07,S004,P0017,Clothing,West,Autumn,0,0,123,90.5,32.5
2023-09-08,S004,P0017,Clothing,West,Autumn,0,0,78,93.4,-15.4
2023-09-09,S004,P0017,Clothing,West,Autumn,1,0,93,120.9,-27.9
2023-09-10,S004,P0017,Clothing,West,Autumn,1,0,97,115.7,-18.7
2023-09-11,S004,P0017,Clothing,West,Autumn,1,0,78,135.8,-57.8
2023-09-12,S004,P0017,Clothing,West,Autumn,0,0,102,90.2,11.8
2023-09-13,S004,P0017,Clothing,West,Autumn,0,0,143,109.3,33.7
2023-09-14,S004,P0017,Clothing,West,Autumn,0,0,38,92.8,-54.8
2023-09-15,S004,P0017,Clothing,West,Autumn,0,0,126,95.2,30.8
2023-09-16,S004,P0017,Clothing,West,Autumn,1,0,107,116.3,-9.3
2023-09-17,S004,P0017,Clothing,West,Autumn,1,0,123,121.2,1.8
2023-09-18,S004,P0017,Clothing,West,Autumn,0,0,105,88.4,16.6
2023-09-19,S004,P0017,Clothing,West,Autumn,1,0,67,113.0,-46.0
2023-09-20,S004,P0017,Clothing,West,Autumn,0,0,46,92.4,-46.3
2023-09-21,S004,P0017,Clothing,West,Autumn,1,0,114,118.5,-4.5
2023-09-22,S004,P0017,Clothing,West,Autumn,1,0,173,135.0,38.0
2023-09-23,S004,P0017,Clothing,West,Autumn,0,0,132,107.4,24.6
2023-09-24,S004,P0017,Clothing,West,Autumn,0,0,63,87.3,-24.3
2023-09-25,S004,P0017,Clothing,West,Autumn,1,0,113,120.6,-7.6
2023-09-26,S004,P0017,Clothing,West,Autumn,1,0,127,115.1,11.9
2023-09-27,S004,P0017,Clothing,West,Autumn,0,0,65,94.4,-29.4
2023-09-28,S004,P0017,Clothing,West,Autumn,0,0,88,96.1,-8.1
2023-09-29,S004,P0017,Clothing,West,Autumn,0,0,82,96.7,-14.7
2023-09-30,S004,P0017,Clothing,West,Autumn,0,0,46,87.4,-41.4
2023-10-01,S004,P0017,Clothing,West,Autumn,0,0,61,101.8,-40.8
2023-10-02,S004,P0017,Clothing,West,Autumn,0,0,64,94.5,-30.5
2023-10-03,S004,P0017,Clothing,West,Autumn,0,0,83,89.5,-6.5
2023-10-04,S004,P0017,Clothing,West,Autumn,0,0,114,92.1,21.9
2023-10-05,S004,P0017,Clothing,West,Autumn,0,0,98,103.2,-5.2
2023-10-06,S004,P0017,Clothing,West,Autumn,0,0,114,105.6,8.3
2023-10-07,S004,P0017,Clothing,West,Autumn,0,1,55,78.7,-23.7
2023-10-08,S004,P0017,Clothing,West,Autumn,1,1,97,129.2,-32.2
2023-10-09,S004,P0017,Clothing,West,Autumn,0,1,96,99.1,-3.1
2023-10-10,S004,P0017,Clothing,West,Autumn,1,1,162,129.0,33.0
2023-10-11,S004,P0017,Clothing,West,Autumn,0,1,53,88.1,-35.1
2023-10-12,S004,P0017,Clothing,West,Autumn,1,1,147,122.9,24.1
2023-10-13,S004,P0017,Clothing,West,Autumn,0,1,134,106.5,27.5
2023-10-14,S004,P0017,Clothing,West,Autumn,0,1,88,107.2,-19.2
2023-10-15,S004,P0017,Clothing,West,Autumn,0,1,105,98.4,6.6
2023-10-16,S004,P0017,Clothing,West,Autumn,0,1,85,91.7,-6.7
2023-10-17,S004,P0017,Clothing,West,Autumn,1,1,157,133.9,23.1
2023-10-18,S004,P0017,Clothing,West,Autumn,1,1,153,140.7,12.3
2023-10-19,S004,P0017,Clothing,West,Autumn,1,1,152,122.4,29.6
2023-10-20,S004,P0017,Clothing,West,Autumn,1,1,71,120.7,-49.7
2023-10-21,S004,P0017,Clothing,West,Autumn,0,1,40,91.8,-51.8
2023-10-22,S004,P0017,Clothing,West,Autumn,0,1,41,91.7,-50.7
2023-10-23,S004,P0017,Clothing,West,Autumn,0,1,107,97.6,9.4
2023-10-24,S004,P0017,Clothing,West,Autumn,1,1,137,115.2,21.8
2023-10-25,S004,P0017,Clothing,West,Autumn,0,0,139,109.6,29.4
2023-10-26,S004,P0017,Clothing,West,Autumn,1,0,161,154.7,6.3
2023-10-27,S004,P0017,Clothing,West,Autumn,0,0,115,101.6,13.4
2023-10-28,S004,P0017,Clothing,West,Autumn,1,0,93,116.2,-23.2
2023-10-29,S004,P0017,Clothing,West,Autumn,0,0,101,95.4,5.7
2023-10-30,S004,P0017,Clothing,West,Autumn,0,0,50,94.7,-44.7
2023-10-31,S004,P0017,Clothing,West,Autumn,0,0,121,114.8,6.2
2023-11-01,S004,P0017,Clothing,West,Autumn,0,0,88,90.1,-2.1
2023-11-02,S004,P0017,Clothing,West,Autumn,1,0,96,121.4,-25.4
2023-11-03,S004,P0017,Clothing,West,Autumn,0,0,93,88.5,4.5
2023-11-04,S004,P0017,Clothing,West,Autumn,1,0,137,125.0,12.0
2023-11-05,S004,P0017,Clothing,West,Autumn,0,0,114,97.3,16.7
2023-11-06,S004,P0017,Clothing,West,Autumn,0,0,83,93.2,-10.2
2023-11-07,S004,P0017,Clothing,West,Autumn,1,0,143,141.8,1.2
2023-11-08,S004,P0017,Clothing,West,Autumn,1,0,169,133.8,35.2
2023-11-09,S004,P0017,Clothing,West,Autumn,1,0,222,155.1,66.9
2023-11-10,S004,P0017,Clothing,West,Autumn,0,0,142,121.1,20.9
2023-11-11,S004,P0017,Clothing,West,Autumn,0,0,142,142.6,-0.6
2023-11-12,S004,P0017,Clothing,West,Autumn,0,0,137,121.9,15.1
2023-11-13,S004,P0017,Clothing,West,Autumn,0,0,97,106.9,-9.9
2023-11-14,S004,P0017,Clothing,West,Autumn,1,0,81,134.4,-53.4
2023-11-15,S004,P0017,Clothing,West,Autumn,1,0,117,169.3,-52.3
2023-11-16,S004,P0017,Clothing,West,Autumn,0,0,70,103.5,-33.5
2023-11-17,S004,P0017,Clothing,West,Autumn,0,0,77,101.4,-24.3
2023-11-18,S004,P0017,Clothing,West,Autumn,0,0,128,109.3,18.7
2023-11-19,S004,P0017,Clothing,West,Autumn,0,0,97,101.6,-4.6
2023-11-20,S004,P0017,Clothing,West,Autumn,0,0,114,95.6,18.4
2023-11-21,S004,P0017,Clothing,West,Autumn,0,0,96,92.1,3.9
2023-11-22,S004,P0017,Clothing,West,Autumn,1,0,154,155.7,-1.7
2023-11-23,S004,P0017,Clothing,West,Autumn,1,0,101,129.5,-28.5
2023-11-24,S004,P0017,Clothing,West,Autumn,0,0,110,102.4,7.6
2023-11-25,S004,P0017,Clothing,West,Autumn,0,0,53,88.5,-35.5
2023-11-26,S004,P0017,Clothing,West,Autumn,1,0,142,135.1,6.9
2023-11-27,S004,P0017,Clothing,West,Autumn,0,0,115,101.0,14.0
2023-11-28,S004,P0017,Clothing,West,Autumn,0,0,133,124.0,9.0
2023-11-29,S004,P0017,Clothing,West,Autumn,0,0,61,99.5,-38.5
2023-11-30,S004,P0017,Clothing,West,Autumn,0,0,71,89.8,-18.8
2023-12-01,S004,P0017,Clothing,West,Winter,0,0,112,98.8,13.2
2023-12-02,S004,P0017,Clothing,West,Winter,0,0,112,102.0,10.0
2023-12-03,S004,P0017,Clothing,West,Winter,0,0,104,101.1,2.9
2023-12-04,S004,P0017,Clothing,West,Winter,0,0,78,98.8,-20.8
2023-12-05,S004,P0017,Clothing,West,Winter,0,0,148,116.7,31.3
2023-12-06,S004,P0017,Clothing,West,Winter,1,0,117,154.2,-37.2
2023-12-07,S004,P0017,Clothing,West,Winter,0,0,76,96.2,-20.2
2023-12-08,S004,P0017,Clothing,West,Winter,1,0,88,115.8,-27.8
2023-12-09,S004,P0017,Clothing,West,Winter,0,0,145,121.5,23.5
2023-12-10,S004,P0017,Clothing,West,Winter,0,0,77,94.2,-17.2
2023-12-11,S004,P0017,Clothing,West,Winter,1,0,36,117.0,-81.0
2023-12-12,S004,P0017,Clothing,West,Winter,1,0,49,110.9,-61.9
2023-12-13,S004,P0017,Clothing,West,Winter,0,0,111,93.8,17.2
2023-12-14,S004,P0017,Clothing,West,Winter,0,0,173,110.0,63.0
2023-12-15,S004,P0017,Clothing,West,Winter,1,0,209,127.1,81.9
2023-12-16,S004,P0017,Clothing,West,Winter,1,0,68,143.8,-75.8
2023-12-17,S004,P0017,Clothing,West,Winter,0,0,100,98.0,2.0
2023-12-18,S004,P0017,Clothing,West,Winter,0,0,75,94.1,-19.1
2023-12-19,S004,P0017,Clothing,West,Winter,0,0,134,114.2,19.8
2023-12-20,S004,P0017,Clothing,West,Winter,1,0,92,121.6,-29.7
2023-12-21,S004,P0017,Clothing,West,Winter,0,0,67,98.5,-31.5
2023-12-22,S004,P0017,Clothing,West,Winter,1,0,145,119.4,25.6
2023-12-23,S004,P0017,Clothing,West,Winter,0,0,136,95.9,40.1
2023-12-24,S004,P0017,Clothing,West,Winter,1,0,162,122.8,39.2
2023-12-25,S004,P0017,Clothing,West,Winter,0,0,101,96.8,4.2
2023-12-26,S004,P0017,Clothing,West,Winter,0,0,167,131.5,35.5
2023-12-27,S004,P0017,Clothing,West,Winter,1,1,165,143.2,21.8
2023-12-28,S004,P0017,Clothing,West,Winter,0,1,128,115.5,12.5
2023-12-29,S004,P0017,Clothing,West,Winter,0,1,108,107.0,1.0
2023-12-30,S004,P0017,Clothing,West,Winter,0,1,191,144.0,47.0
2023-12-31,S004,P0017,Clothing,West,Winter,0,1,143,123.3,19.7
2024-01-01,S004,P0017,Clothing,West,Winter,0,1,119,117.9,1.1
2024-01-02,S004,P0017,Clothing,West,Winter,0,1,123,135.2,-12.2
2024-01-03,S004,P0017,Clothing,West,Winter,0,1,117,109.3,7.7
2024-01-04,S004,P0017,Clothing,West,Winter,0,1,150,125.4,24.6
2024-01-05,S004,P0017,Clothing,West,Winter,1,1,193,180.9,12.1
2024-01-06,S004,P0017,Clothing,West,Winter,0,1,102,122.4,-20.4
2024-01-07,S004,P0017,Clothing,West,Winter,0,1,106,112.1,-6.1
2024-01-08,S004,P0017,Clothing,West,Winter,1,1,234,182.8,51.2
2024-01-09,S004,P0017,Clothing,West,Winter,0,0,111,120.0,-9.0
2024-01-10,S004,P0017,Clothing,West,Winter,1,0,168,183.0,-15.0
2024-01-11,S004,P0017,Clothing,West,Winter,0,0,95,130.6,-35.6
2024-01-12,S004,P0017,Clothing,West,Winter,0,0,74,105.2,-31.2
2024-01-13,S004,P0017,Clothing,West,Winter,1,0,126,145.5,-19.5
2024-01-14,S004,P0017,Clothing,West,Winter,0,0,80,107.6,-27.6
2024-01-15,S004,P0017,Clothing,West,Winter,0,0,108,106.6,1.3
2024-01-16,S004,P0017,Clothing,West,Winter,0,0,116,105.2,10.8
2024-01-17,S004,P0017,Clothing,West,Winter,0,0,140,104.5,35.5
2024-01-18,S004,P0017,Clothing,West,Winter,0,0,79,102.6,-23.6
2024-01-19,S004,P0017,Clothing,West,Winter,0,0,127,106.2,20.8
2024-01-20,S004,P0017,Clothing,West,Winter,1,0,206,166.9,39.1
2024-01-21,S004,P0017,Clothing,West,Winter,1,0,173,158.2,14.8
2024-01-22,S004,P0017,Clothing,West,Winter,1,0,177,183.2,-6.2
2024-01-23,S004,P0017,Clothing,West,Winter,0,0,28,105.6,-77.6
2024-01-24,S004,P0017,Clothing,West,Winter,1,0,169,158.3,10.7
2024-01-25,S004,P0017,Clothing,West,Winter,0,0,134,131.0,3.0
2024-01-26,S004,P0017,Clothing,West,Winter,0,0,135,163.1,-28.1
2024-01-27,S004,P0017,Clothing,West,Winter,1,0,68,146.8,-78.8
2024-01-28,S004,P0017,Clothing,West,Winter,1,0,116,153.7,-37.7
2024-01-29,S004,P0017,Clothing,West,Winter,0,0,132,128.1,3.9
2024-01-30,S004,P0017,Clothing,West,Winter,0,0,121,108.1,12.9
2023-09-07,S004,P0018,Furniture,West,Autumn,0,0,49,50.6,-1.6
2023-09-08,S004,P0018,Furniture,West,Autumn,1,0,84,94.7,-10.7
2023-09-09,S004,P0018,Furniture,West,Autumn,0,0,109,100.8,8.2
2023-09-10,S004,P0018,Furniture,West,Autumn,0,0,65,65.5,-0.5
2023-09-11,S004,P0018,Furniture,West,Autumn,0,0,95,93.1,1.9
2023-09-12,S004,P0018,Furniture,West,Autumn,0,0,91,89.0,2.0
2023-09-13,S004,P0018,Furniture,West,Autumn,0,0,54,62.1,-8.1
2023-09-14,S004,P0018,Furniture,West,Autumn,1,0,74,82.8,-8.8
2023-09-15,S004,P0018,Furniture,West,Autumn,0,0,74,72.8,1.2
2023-09-16,S004,P0018,Furniture,West,Autumn,1,0,85,90.2,-5.2
2023-09-17,S004,P0018,Furniture,West,Autumn,1,0,101,111.0,-10.0
2023-09-18,S004,P0018,Furniture,West,Autumn,0,0,69,74.4,-5.4
2023-09-19,S004,P0018,Furniture,West,Autumn,0,0,71,64.8,6.2
2023-09-20,S004,P0018,Furniture,West,Autumn,0,0,55,60.7,-5.7
2023-09-21,S004,P0018,Furniture,West,Autumn,0,0,69,73.5,-4.5
2023-09-22,S004,P0018,Furniture,West,Autumn,1,0,53,75.4,-22.5
2023-09-23,S004,P0018,Furniture,West,Autumn,1,0,137,125.0,12.0
2023-09-24,S004,P0018,Furniture,West,Autumn,1,0,139,132.6,6.4
2023-09-25,S004,P0018,Furniture,West,Autumn,0,0,67,73.2,-6.2
2023-09-26,S004,P0018,Furniture,West,Autumn,0,0,19,37.0,-18.0
2023-09-27,S004,P0018,Furniture,West,Autumn,0,0,63,67.5,-4.5
2023-09-28,S004,P0018,Furniture,West,Autumn,1,0,81,96.1,-15.1
2023-09-29,S004,P0018,Furniture,West,Autumn,0,0,47,50.6,-3.6
2023-09-30,S004,P0018,Furniture,West,Autumn,0,0,83,88.4,-5.4
2023-10-01,S004,P0018,Furniture,West,Autumn,0,0,94,83.5,10.5
2023-10-02,S004,P0018,Furniture,West,Autumn,1,0,117,121.4,-4.4
2023-10-03,S004,P0018,Furniture,West,Autumn,0,0,65,65.8,-0.8
2023-10-04,S004,P0018,Furniture,West,Autumn,0,0,60,61.2,-1.2
2023-10-05,S004,P0018,Furniture,West,Autumn,1,0,98,105.8,-7.8
2023-10-06,S004,P0018,Furniture,West,Autumn,0,0,77,81.4,-4.4
2023-10-07,S004,P0018,Furniture,West,Autumn,1,1,37,57.0,-20.0
2023-10-08,S004,P0018,Furniture,West,Autumn,1,1,41,41.0,-0.0
2023-10-09,S004,P0018,Furniture,West,Autumn,0,1,41,56.9,-15.9
2023-10-10,S004,P0018,Furniture,West,Autumn,0,1,36,39.8,-3.8
2023-10-11,S004,P0018,Furniture,West,Autumn,0,1,15,32.3,-17.3
2023-10-12,S004,P0018,Furniture,West,Autumn,1,1,75,52.7,22.3
2023-10-13,S004,P0018,Furniture,West,Autumn,1,1,16,47.5,-31.5
2023-10-14,S004,P0018,Furniture,West,Autumn,0,1,49,48.5,0.5
2023-10-15,S004,P0018,Furniture,West,Autumn,1,1,39,53.5,-14.5
2023-10-16,S004,P0018,Furniture,West,Autumn,0,1,56,43.1,12.9
2023-10-17,S004,P0018,Furniture,West,Autumn,0,1,66,37.4,28.6
2023-10-18,S004,P0018,Furniture,West,Autumn,0,1,53,36.1,16.9
2023-10-19,S004,P0018,Furniture,West,Autumn,1,1,47,43.8,3.2
2023-10-20,S004,P0018,Furniture,West,Autumn,1,1,29,43.6,-14.6
2023-10-21,S004,P0018,Furniture,West,Autumn,0,1,34,32.8,1.2
2023-10-22,S004,P0018,Furniture,West,Autumn,0,1,14,32.8,-18.8
2023-10-23,S004,P0018,Furniture,West,Autumn,0,1,31,33.5,-2.5
2023-10-24,S004,P0018,Furniture,West,Autumn,0,1,36,32.5,3.5
2023-10-25,S004,P0018,Furniture,West,Autumn,0,0,88,89.9,-1.9
2023-10-26,S004,P0018,Furniture,West,Autumn,0,0,95,88.7,6.3
2023-10-27,S004,P0018,Furniture,West,Autumn,0,0,82,95.3,-13.3
2023-10-28,S004,P0018,Furniture,West,Autumn,1,0,98,101.1,-3.1
2023-10-29,S004,P0018,Furniture,West,Autumn,0,0,78,82.8,-4.8
2023-10-30,S004,P0018,Furniture,West,Autumn,0,0,54,60.8,-6.8
2023-10-31,S004,P0018,Furniture,West,Autumn,0,0,41,39.6,1.5
2023-11-01,S004,P0018,Furniture,West,Autumn,0,0,80,76.6,3.3
2023-11-02,S004,P0018,Furniture,West,Autumn,1,0,86,79.5,6.5
2023-11-03,S004,P0018,Furniture,West,Autumn,1,0,105,98.2,6.8
2023-11-04,S004,P0018,Furniture,West,Autumn,0,0,41,58.4,-17.5
2023-11-05,S004,P0018,Furniture,West,Autumn,1,0,116,99.0,17.0
2023-11-06,S004,P0018,Furniture,West,Autumn,0,0,73,74.0,-1.0
2023-11-07,S004,P0018,Furniture,West,Autumn,0,0,80,73.7,6.3
2023-11-08,S004,P0018,Furniture,West,Autumn,1,0,77,92.1,-15.1
2023-11-09,S004,P0018,Furniture,West,Autumn,1,0,71,77.8,-6.8
2023-11-10,S004,P0018,Furniture,West,Autumn,0,0,86,84.5,1.5
2023-11-11,S004,P0018,Furniture,West,Autumn,0,0,70,73.6,-3.6
2023-11-12,S004,P0018,Furniture,West,Autumn,1,0,77,93.4,-16.4
2023-11-13,S004,P0018,Furniture,West,Autumn,0,0,60,50.4,9.6
2023-11-14,S004,P0018,Furniture,West,Autumn,0,0,75,77.1,-2.1
2023-11-15,S004,P0018,Furniture,West,Autumn,1,0,130,124.8,5.2
2023-11-16,S004,P0018,Furniture,West,Autumn,0,0,118,103.6,14.4
2023-11-17,S004,P0018,Furniture,West,Autumn,0,0,64,65.2,-1.2
2023-11-18,S004,P0018,Furniture,West,Autumn,0,0,106,107.8,-1.8
2023-11-19,S004,P0018,Furniture,West,Autumn,1,0,77,89.3,-12.3
2023-11-20,S004,P0018,Furniture,West,Autumn,0,0,112,106.8,5.2
2023-11-21,S004,P0018,Furniture,West,Autumn,0,0,65,76.4,-11.4
2023-11-22,S004,P0018,Furniture,West,Autumn,1,0,103,133.3,-30.3
2023-11-23,S004,P0018,Furniture,West,Autumn,0,0,91,89.9,1.1
2023-11-24,S004,P0018,Furniture,West,Autumn,0,0,48,45.6,2.4
2023-11-25,S004,P0018,Furniture,West,Autumn,1,0,125,128.7,-3.7
2023-11-26,S004,P0018,Furniture,West,Autumn,0,0,38,43.3,-5.3
2023-11-27,S004,P0018,Furniture,West,Autumn,0,0,80,82.0,-2.0
2023-11-28,S004,P0018,Furniture,West,Autumn,0,0,85,86.3,-1.3
2023-11-29,S004,P0018,Furniture,West,Autumn,0,0,25,42.8,-17.8
2023-11-30,S004,P0018,Furniture,West,Autumn,0,0,90,90.0,0.0
2023-12-01,S004,P0018,Furniture,West,Winter,0,0,70,62.9,7.1
2023-12-02,S004,P0018,Furniture,West,Winter,1,0,65,84.7,-19.7
2023-12-03,S004,P0018,Furniture,West,Winter,0,0,63,57.8,5.2
2023-12-04,S004,P0018,Furniture,West,Winter,0,0,88,83.9,4.1
2023-12-05,S004,P0018,Furniture,West,Winter,1,0,62,99.6,-37.6
2023-12-06,S004,P0018,Furniture,West,Winter,0,0,100,89.7,10.3
2023-12-07,S004,P0018,Furniture,West,Winter,0,0,85,79.6,5.4
2023-12-08,S004,P0018,Furniture,West,Winter,0,0,91,87.0,4.0
2023-12-09,S004,P0018,Furniture,West,Winter,0,0,88,85.9,2.1
2023-12-10,S004,P0018,Furniture,West,Winter,1,0,91,88.9,2.1
2023-12-11,S004,P0018,Furniture,West,Winter,0,0,98,91.4,6.6
2023-12-12,S004,P0018,Furniture,West,Winter,0,0,26,36.8,-10.8
2023-12-13,S004,P0018,Furniture,West,Winter,1,0,72,76.2,-4.2
2023-12-14,S004,P0018,Furniture,West,Winter,0,0,82,79.7,2.3
2023-12-15,S004,P0018,Furniture,West,Winter,1,0,51,66.5,-15.5
2023-12-16,S004,P0018,Furniture,West,Winter,0,0,104,94.8,9.2
2023-12-17,S004,P0018,Furniture,West,Winter,1,0,118,114.1,3.9
2023-12-18,S004,P0018,Furniture,West,Winter,0,0,86,80.8,5.2
2023-12-19,S004,P0018,Furniture,West,Winter,1,0,26,64.8,-38.8
2023-12-20,S004,P0018,Furniture,West,Winter,0,0,69,74.9,-5.9
2023-12-21,S004,P0018,Furniture,West,Winter,1,0,120,120.2,-0.2
2023-12-22,S004,P0018,Furniture,West,Winter,0,0,70,73.3,-3.3
2023-12-23,S004,P0018,Furniture,West,Winter,1,0,59,78.1,-19.1
2023-12-24,S004,P0018,Furniture,West,Winter,0,0,92,96.1,-4.1
2023-12-25,S004,P0018,Furniture,West,Winter,0,0,113,93.6,19.4
2023-12-26,S004,P0018,Furniture,West,Winter,0,0,104,96.3,7.7
2023-12-27,S004,P0018,Furniture,West,Winter,0,1,28,38.2,-10.2
2023-12-28,S004,P0018,Furniture,West,Winter,1,1,27,51.3,-24.3
2023-12-29,S004,P0018,Furniture,West,Winter,0,1,32,34.8,-2.8
2023-12-30,S004,P0018,Furniture,West,Winter,0,1,25,42.1,-17.1
2023-12-31,S004,P0018,Furniture,West,Winter,0,1,40,39.6,0.4
2024-01-01,S004,P0018,Furniture,West,Winter,1,1,71,56.3,14.7
2024-01-02,S004,P0018,Furniture,West,Winter,0,1,34,41.6,-7.6
2024-01-03,S004,P0018,Furniture,West,Winter,0,1,36,39.3,-3.3
2024-01-04,S004,P0018,Furniture,West,Winter,1,1,32,45.2,-13.2
2024-01-05,S004,P0018,Furniture,West,Winter,1,1,36,50.6,-14.6
2024-01-06,S004,P0018,Furniture,West,Winter,0,1,24,40.5,-16.5
2024-01-07,S004,P0018,Furniture,West,Winter,0,1,31,32.1,-1.1
2024-01-08,S004,P0018,Furniture,West,Winter,0,1,16,40.1,-24.1
2024-01-09,S004,P0018,Furniture,West,Winter,0,0,48,88.6,-40.6
2024-01-10,S004,P0018,Furniture,West,Winter,0,0,62,86.7,-24.7
2024-01-11,S004,P0018,Furniture,West,Winter,1,0,75,119.6,-44.6
2024-01-12,S004,P0018,Furniture,West,Winter,1,0,71,98.1,-27.1
2024-01-13,S004,P0018,Furniture,West,Winter,0,0,84,88.2,-4.2
2024-01-14,S004,P0018,Furniture,West,Winter,0,0,59,76.2,-17.2
2024-01-15,S004,P0018,Furniture,West,Winter,0,0,54,55.1,-1.1
2024-01-16,S004,P0018,Furniture,West,Winter,0,0,77,68.8,8.2
2024-01-17,S004,P0018,Furniture,West,Winter,0,0,82,78.2,3.8
2024-01-18,S004,P0018,Furniture,West,Winter,0,0,51,52.8,-1.9
2024-01-19,S004,P0018,Furniture,West,Winter,1,0,48,86.1,-38.1
2024-01-20,S004,P0018,Furniture,West,Winter,0,0,38,41.2,-3.1
2024-01-21,S004,P0018,Furniture,West,Winter,0,0,61,68.7,-7.7
2024-01-22,S004,P0018,Furniture,West,Winter,1,0,159,134.3,24.7
2024-01-23,S004,P0018,Furniture,West,Winter,0,0,39,45.4,-6.4
2024-01-24,S004,P0018,Furniture,West,Winter,0,0,52,52.6,-0.6
2024-01-25,S004,P0018,Furniture,West,Winter,0,0,96,89.7,6.3
2024-01-26,S004,P0018,Furniture,West,Winter,1,0,69,95.1,-26.1
2024-01-27,S004,P0018,Furniture,West,Winter,1,0,84,94.5,-10.5
2024-01-28,S004,P0018,Furniture,West,Winter,1,0,89,113.1,-24.1
2024-01-29,S004,P0018,Furniture,West,Winter,0,0,97,87.5,9.5
2024-01-30,S004,P0018,Furniture,West,Winter,0,0,66,68.4,-2.4
2023-09-07,S004,P0019,Clothing,West,Autumn,1,0,170,108.8,61.2
2023-09-08,S004,P0019,Clothing,West,Autumn,0,0,67,90.2,-23.2
2023-09-09,S004,P0019,Clothing,West,Autumn,0,0,112,94.0,18.0
2023-09-10,S004,P0019,Clothing,West,Autumn,0,0,79,89.6,-10.6
2023-09-11,S004,P0019,Clothing,West,Autumn,0,0,126,101.7,24.3
2023-09-12,S004,P0019,Clothing,West,Autumn,0,0,72,82.5,-10.5
2023-09-13,S004,P0019,Clothing,West,Autumn,0,0,73,82.2,-9.2
2023-09-14,S004,P0019,Clothing,West,Autumn,1,0,179,134.7,44.3
2023-09-15,S004,P0019,Clothing,West,Autumn,0,0,93,93.1,-0.1
2023-09-16,S004,P0019,Clothing,West,Autumn,0,0,58,90.2,-32.2
2023-09-17,S004,P0019,Clothing,West,Autumn,0,0,89,92.8,-3.8
2023-09-18,S004,P0019,Clothing,West,Autumn,0,0,97,84.4,12.6
2023-09-19,S004,P0019,Clothing,West,Autumn,1,0,94,101.6,-7.6
2023-09-20,S004,P0019,Clothing,West,Autumn,1,0,174,115.5,58.5
2023-09-21,S004,P0019,Clothing,West,Autumn,0,0,109,93.7,15.3
2023-09-22,S004,P0019,Clothing,West,Autumn,1,0,87,108.0,-21.0
2023-09-23,S004,P0019,Clothing,West,Autumn,1,0,125,119.5,5.5
2023-09-24,S004,P0019,Clothing,West,Autumn,0,0,149,87.8,61.2
2023-09-25,S004,P0019,Clothing,West,Autumn,0,0,64,93.4,-29.4
2023-09-26,S004,P0019,Clothing,West,Autumn,0,0,46,82.0,-36.0
2023-09-27,S004,P0019,Clothing,West,Autumn,0,0,136,90.9,45.1
2023-09-28,S004,P0019,Clothing,West,Autumn,1,0,81,114.5,-33.5
2023-09-29,S004,P0019,Clothing,West,Autumn,0,0,62,92.6,-30.6
2023-09-30,S004,P0019,Clothing,West,Autumn,0,0,51,82.8,-31.8
2023-10-01,S004,P0019,Clothing,West,Autumn,0,0,110,98.7,11.3
2023-10-02,S004,P0019,Clothing,West,Autumn,0,0,98,89.2,8.8
2023-10-03,S004,P0019,Clothing,West,Autumn,0,0,124,91.1,32.9
2023-10-04,S004,P0019,Clothing,West,Autumn,0,0,98,84.5,13.5
2023-10-05,S004,P0019,Clothing,West,Autumn,0,0,103,101.2,1.8
2023-10-06,S004,P0019,Clothing,West,Autumn,0,0,104,96.1,7.9
2023-10-07,S004,P0019,Clothing,West,Autumn,1,1,131,105.6,25.4
2023-10-08,S004,P0019,Clothing,West,Autumn,1,1,176,119.4,56.6
2023-10-09,S004,P0019,Clothing,West,Autumn,1,1,163,125.4,37.6
2023-10-10,S004,P0019,Clothing,West,Autumn,0,1,68,85.6,-17.6
2023-10-11,S004,P0019,Clothing,West,Autumn,0,1,68,78.9,-10.9
2023-10-12,S004,P0019,Clothing,West,Autumn,1,1,88,99.0,-11.0
2023-10-13,S004,P0019,Clothing,West,Autumn,1,1,131,115.7,15.3
2023-10-14,S004,P0019,Clothing,West,Autumn,0,1,96,87.4,8.6
2023-10-15,S004,P0019,Clothing,West,Autumn,0,1,114,97.8,16.2
2023-10-16,S004,P0019,Clothing,West,Autumn,0,1,74,79.2,-5.2
2023-10-17,S004,P0019,Clothing,West,Autumn,1,1,87,103.9,-16.9
2023-10-18,S004,P0019,Clothing,West,Autumn,0,1,92,81.5,10.5
2023-10-19,S004,P0019,Clothing,West,Autumn,1,1,87,97.0,-10.0
2023-10-20,S004,P0019,Clothing,West,Autumn,0,1,26,78.1,-52.1
2023-10-21,S004,P0019,Clothing,West,Autumn,1,1,156,112.8,43.2
2023-10-22,S004,P0019,Clothing,West,Autumn,0,1,148,93.0,55.0
2023-10-23,S004,P0019,Clothing,West,Autumn,0,1,84,81.9,2.1
2023-10-24,S004,P0019,Clothing,West,Autumn,0,1,89,84.6,4.4
2023-10-25,S004,P0019,Clothing,West,Autumn,0,0,126,95.6,30.4
2023-10-26,S004,P0019,Clothing,West,Autumn,1,0,143,137.3,5.7
2023-10-27,S004,P0019,Clothing,West,Autumn,0,0,107,89.6,17.3
2023-10-28,S004,P0019,Clothing,West,Autumn,1,0,141,119.9,21.1
2023-10-29,S004,P0019,Clothing,West,Autumn,0,0,29,90.9,-61.9
2023-10-30,S004,P0019,Clothing,West,Autumn,0,0,77,89.7,-12.7
2023-10-31,S004,P0019,Clothing,West,Autumn,0,0,144,98.6,45.4
2023-11-01,S004,P0019,Clothing,West,Autumn,1,0,120,109.8,10.2
2023-11-02,S004,P0019,Clothing,West,Autumn,1,0,186,121.1,64.9
2023-11-03,S004,P0019,Clothing,West,Autumn,0,0,88,82.4,5.6
2023-11-04,S004,P0019,Clothing,West,Autumn,1,0,77,108.1,-31.1
2023-11-05,S004,P0019,Clothing,West,Autumn,0,0,123,93.6,29.4
2023-11-06,S004,P0019,Clothing,West,Autumn,0,0,104,90.1,13.9
2023-11-07,S004,P0019,Clothing,West,Autumn,0,0,87,92.2,-5.2
2023-11-08,S004,P0019,Clothing,West,Autumn,0,0,75,92.8,-17.8
2023-11-09,S004,P0019,Clothing,West,Autumn,0,0,83,93.3,-10.3
2023-11-10,S004,P0019,Clothing,West,Autumn,1,0,173,134.8,38.2
2023-11-11,S004,P0019,Clothing,West,Autumn,0,0,146,104.5,41.5
2023-11-12,S004,P0019,Clothing,West,Autumn,0,0,95,92.8,2.2
2023-11-13,S004,P0019,Clothing,West,Autumn,0,0,122,90.4,31.6
2023-11-14,S004,P0019,Clothing,West,Autumn,0,0,126,90.5,35.5
2023-11-15,S004,P0019,Clothing,West,Autumn,1,0,174,125.5,48.5
2023-11-16,S004,P0019,Clothing,West,Autumn,0,0,124,109.5,14.5
2023-11-17,S004,P0019,Clothing,West,Autumn,0,0,102,120.0,-18.0
2023-11-18,S004,P0019,Clothing,West,Autumn,1,0,163,125.6,37.4
2023-11-19,S004,P0019,Clothing,West,Autumn,0,0,87,97.8,-10.8
2023-11-20,S004,P0019,Clothing,West,Autumn,0,0,88,89.5,-1.5
2023-11-21,S004,P0019,Clothing,West,Autumn,1,0,175,131.8,43.2
2023-11-22,S004,P0019,Clothing,West,Autumn,1,0,117,130.9,-13.9
2023-11-23,S004,P0019,Clothing,West,Autumn,0,0,86,95.4,-9.4
2023-11-24,S004,P0019,Clothing,West,Autumn,0,0,143,101.4,41.6
2023-11-25,S004,P0019,Clothing,West,Autumn,0,0,92,88.3,3.7
2023-11-26,S004,P0019,Clothing,West,Autumn,1,0,147,124.4,22.6
2023-11-27,S004,P0019,Clothing,West,Autumn,1,0,151,131.7,19.3
2023-11-28,S004,P0019,Clothing,West,Autumn,0,0,94,96.8,-2.8
2023-11-29,S004,P0019,Clothing,West,Autumn,0,0,86,91.1,-5.1
2023-11-30,S004,P0019,Clothing,West,Autumn,0,0,91,86.0,5.0
2023-12-01,S004,P0019,Clothing,West,Winter,0,0,105,94.6,10.4
2023-12-02,S004,P0019,Clothing,West,Winter,1,0,171,127.3,43.7
2023-12-03,S004,P0019,Clothing,West,Winter,1,0,39,115.4,-76.4
2023-12-04,S004,P0019,Clothing,West,Winter,0,0,136,100.1,35.9
2023-12-05,S004,P0019,Clothing,West,Winter,0,0,170,119.4,50.6
2023-12-06,S004,P0019,Clothing,West,Winter,1,0,94,120.9,-26.9
2023-12-07,S004,P0019,Clothing,West,Winter,0,0,77,92.6,-15.6
2023-12-08,S004,P0019,Clothing,West,Winter,0,0,90,95.6,-5.6
2023-12-09,S004,P0019,Clothing,West,Winter,0,0,117,109.7,7.3
2023-12-10,S004,P0019,Clothing,West,Winter,0,0,121,95.4,25.6
2023-12-11,S004,P0019,Clothing,West,Winter,0,0,87,94.8,-7.8
2023-12-12,S004,P0019,Clothing,West,Winter,1,0,132,116.0,16.0
2023-12-13,S004,P0019,Clothing,West,Winter,1,0,78,113.1,-35.1
2023-12-14,S004,P0019,Clothing,West,Winter,0,0,131,98.6,32.4
2023-12-15,S004,P0019,Clothing,West,Winter,0,0,120,94.9,25.1
2023-12-16,S004,P0019,Clothing,West,Winter,0,0,138,106.9,31.1
2023-12-17,S004,P0019,Clothing,West,Winter,1,0,153,123.2,29.8
2023-12-18,S004,P0019,Clothing,West,Winter,1,0,114,125.4,-11.4
2023-12-19,S004,P0019,Clothing,West,Winter,0,0,90,103.0,-13.0
2023-12-20,S004,P0019,Clothing,West,Winter,0,0,105,93.5,11.5
2023-12-21,S004,P0019,Clothing,West,Winter,1,0,123,123.0,-0.0
2023-12-22,S004,P0019,Clothing,West,Winter,0,0,81,93.8,-12.8
2023-12-23,S004,P0019,Clothing,West,Winter,1,0,160,124.1,35.9
2023-12-24,S004,P0019,Clothing,West,Winter,0,0,107,96.5,10.5
2023-12-25,S004,P0019,Clothing,West,Winter,0,0,218,100.4,117.6
2023-12-26,S004,P0019,Clothing,West,Winter,0,0,138,109.7,28.3
2023-12-27,S004,P0019,Clothing,West,Winter,1,1,156,134.0,22.0
2023-12-28,S004,P0019,Clothing,West,Winter,0,1,145,107.7,37.3
2023-12-29,S004,P0019,Clothing,West,Winter,0,1,98,95.3,2.7
2023-12-30,S004,P0019,Clothing,West,Winter,0,1,147,119.0,28.0
2023-12-31,S004,P0019,Clothing,West,Winter,0,1,137,105.6,31.4
2024-01-01,S004,P0019,Clothing,West,Winter,0,1,161,118.2,42.8
2024-01-02,S004,P0019,Clothing,West,Winter,0,1,59,100.9,-41.9
2024-01-03,S004,P0019,Clothing,West,Winter,0,1,155,105.6,49.4
2024-01-04,S004,P0019,Clothing,West,Winter,0,1,87,88.2,-1.2
2024-01-05,S004,P0019,Clothing,West,Winter,1,1,121,128.2,-7.2
2024-01-06,S004,P0019,Clothing,West,Winter,0,1,139,123.7,15.3
2024-01-07,S004,P0019,Clothing,West,Winter,1,1,161,135.0,26.0
2024-01-08,S004,P0019,Clothing,West,Winter,1,1,168,153.6,14.4
2024-01-09,S004,P0019,Clothing,West,Winter,1,0,116,128.2,-12.2
2024-01-10,S004,P0019,Clothing,West,Winter,0,0,82,92.7,-10.7
2024-01-11,S004,P0019,Clothing,West,Winter,0,0,102,107.8,-5.8
2024-01-12,S004,P0019,Clothing,West,Winter,0,0,46,90.2,-44.2
2024-01-13,S004,P0019,Clothing,West,Winter,1,0,141,111.6,29.4
2024-01-14,S004,P0019,Clothing,West,Winter,0,0,10,94.7,-84.7
2024-01-15,S004,P0019,Clothing,West,Winter,0,0,121,98.7,22.3
2024-01-16,S004,P0019,Clothing,West,Winter,0,0,83,88.6,-5.5
2024-01-17,S004,P0019,Clothing,West,Winter,0,0,101,89.3,11.7
2024-01-18,S004,P0019,Clothing,West,Winter,1,0,152,115.2,36.8
2024-01-19,S004,P0019,Clothing,West,Winter,0,0,91,88.9,2.1
2024-01-20,S004,P0019,Clothing,West,Winter,0,0,117,99.9,17.1
2024-01-21,S004,P0019,Clothing,West,Winter,0,0,82,95.3,-13.3
2024-01-22,S004,P0019,Clothing,West,Winter,1,0,157,127.3,29.7
2024-01-23,S004,P0019,Clothing,West,Winter,0,0,90,96.3,-6.3
2024-01-24,S004,P0019,Clothing,West,Winter,1,0,69,111.6,-42.6
2024-01-25,S004,P0019,Clothing,West,Winter,1,0,112,106.6,5.4
2024-01-26,S004,P0019,Clothing,West,Winter,1,0,258,141.7,116.3
2024-01-27,S004,P0019,Clothing,West,Winter,0,0,59,85.6,-26.6
2024-01-28,S004,P0019,Clothing,West,Winter,0,0,58,92.4,-34.4
2024-01-29,S004,P0019,Clothing,West,Winter,0,0,120,94.7,25.3
2024-01-30,S004,P0019,Clothing,West,Winter,0,0,126,90.7,35.3
2023-09-07,S004,P0020,Furniture,West,Autumn,1,0,100,109.5,-9.5
2023-09-08,S004,P0020,Furniture,West,Autumn,0,0,53,78.2,-25.2
2023-09-09,S004,P0020,Furniture,West,Autumn,1,0,115,108.0,7.0
2023-09-10,S004,P0020,Furniture,West,Autumn,1,0,71,80.2,-9.2
2023-09-11,S004,P0020,Furniture,West,Autumn,0,0,79,86.8,-7.8
2023-09-12,S004,P0020,Furniture,West,Autumn,0,0,90,89.7,0.3
2023-09-13,S004,P0020,Furniture,West,Autumn,1,0,114,114.2,-0.2
2023-09-14,S004,P0020,Furniture,West,Autumn,0,0,53,67.7,-14.7
2023-09-15,S004,P0020,Furniture,West,Autumn,1,0,113,115.7,-2.7
2023-09-16,S004,P0020,Furniture,West,Autumn,0,0,38,59.5,-21.5
2023-09-17,S004,P0020,Furniture,West,Autumn,0,0,109,95.5,13.5
2023-09-18,S004,P0020,Furniture,West,Autumn,0,0,68,74.3,-6.3
2023-09-19,S004,P0020,Furniture,West,Autumn,0,0,97,88.7,8.3
2023-09-20,S004,P0020,Furniture,West,Autumn,1,0,123,118.8,4.2
2023-09-21,S004,P0020,Furniture,West,Autumn,0,0,88,92.9,-4.9
2023-09-22,S004,P0020,Furniture,West,Autumn,1,0,69,89.1,-20.1
2023-09-23,S004,P0020,Furniture,West,Autumn,0,0,107,98.4,8.7
2023-09-24,S004,P0020,Furniture,West,Autumn,1,0,53,79.1,-26.1
2023-09-25,S004,P0020,Furniture,West,Autumn,1,0,116,113.9,2.1
2023-09-26,S004,P0020,Furniture,West,Autumn,0,0,62,72.1,-10.1
2023-09-27,S004,P0020,Furniture,West,Autumn,0,0,32,53.6,-21.6
2023-09-28,S004,P0020,Furniture,West,Autumn,0,0,108,101.1,6.9
2023-09-29,S004,P0020,Furniture,West,Autumn,0,0,101,97.8,3.2
2023-09-30,S004,P0020,Furniture,West,Autumn,0,0,103,86.5,16.5
2023-10-01,S004,P0020,Furniture,West,Autumn,0,0,118,106.6,11.4
2023-10-02,S004,P0020,Furniture,West,Autumn,0,0,95,94.5,0.5
2023-10-03,S004,P0020,Furniture,West,Autumn,0,0,70,79.6,-9.6
2023-10-04,S004,P0020,Furniture,West,Autumn,0,0,96,97.8,-1.8
2023-10-05,S004,P0020,Furniture,West,Autumn,1,0,101,115.6,-14.6
2023-10-06,S004,P0020,Furniture,West,Autumn,1,0,142,119.9,22.1
2023-10-07,S004,P0020,Furniture,West,Autumn,0,1,21,49.5,-28.5
2023-10-08,S004,P0020,Furniture,West,Autumn,0,1,29,32.8,-3.8
2023-10-09,S004,P0020,Furniture,West,Autumn,0,1,23,39.0,-16.0
2023-10-10,S004,P0020,Furniture,West,Autumn,0,1,23,29.2,-6.2
2023-10-11,S004,P0020,Furniture,West,Autumn,0,1,42,34.0,8.0
2023-10-12,S004,P0020,Furniture,West,Autumn,0,1,51,36.7,14.3
2023-10-13,S004,P0020,Furniture,West,Autumn,1,1,50,45.5,4.5
2023-10-14,S004,P0020,Furniture,West,Autumn,0,1,43,34.7,8.3
2023-10-15,S004,P0020,Furniture,West,Autumn,0,1,24,34.7,-10.7
2023-10-16,S004,P0020,Furniture,West,Autumn,1,1,14,42.3,-28.3
2023-10-17,S004,P0020,Furniture,West,Autumn,0,1,38,36.2,1.8
2023-10-18,S004,P0020,Furniture,West,Autumn,1,1,29,40.9,-11.9
2023-10-19,S004,P0020,Furniture,West,Autumn,0,1,20,33.5,-13.5
2023-10-20,S004,P0020,Furniture,West,Autumn,0,1,35,32.8,2.1
2023-10-21,S004,P0020,Furniture,West,Autumn,1,1,43,46.4,-3.5
2023-10-22,S004,P0020,Furniture,West,Autumn,0,1,30,34.1,-4.1
2023-10-23,S004,P0020,Furniture,West,Autumn,1,1,62,43.1,18.9
2023-10-24,S004,P0020,Furniture,West,Autumn,0,1,21,32.2,-11.1
2023-10-25,S004,P0020,Furniture,West,Autumn,1,0,108,104.6,3.4
2023-10-26,S004,P0020,Furniture,West,Autumn,1,0,38,95.0,-57.0
2023-10-27,S004,P0020,Furniture,West,Autumn,1,0,78,107.3,-29.3
2023-10-28,S004,P0020,Furniture,West,Autumn,0,0,60,68.9,-8.9
2023-10-29,S004,P0020,Furniture,West,Autumn,0,0,54,70.8,-16.8
2023-10-30,S004,P0020,Furniture,West,Autumn,0,0,59,72.8,-13.8
2023-10-31,S004,P0020,Furniture,West,Autumn,0,0,111,101.5,9.5
2023-11-01,S004,P0020,Furniture,West,Autumn,0,0,118,102.9,15.1
2023-11-02,S004,P0020,Furniture,West,Autumn,1,0,129,121.3,7.7
2023-11-03,S004,P0020,Furniture,West,Autumn,1,0,96,108.0,-12.0
2023-11-04,S004,P0020,Furniture,West,Autumn,0,0,38,61.6,-23.6
2023-11-05,S004,P0020,Furniture,West,Autumn,0,0,81,83.6,-2.6
2023-11-06,S004,P0020,Furniture,West,Autumn,0,0,76,88.8,-12.8
2023-11-07,S004,P0020,Furniture,West,Autumn,0,0,88,95.2,-7.2
2023-11-08,S004,P0020,Furniture,West,Autumn,0,0,55,67.9,-12.9
2023-11-09,S004,P0020,Furniture,West,Autumn,0,0,80,75.6,4.4
2023-11-10,S004,P0020,Furniture,West,Autumn,1,0,139,129.0,10.0
2023-11-11,S004,P0020,Furniture,West,Autumn,0,0,87,77.3,9.7
2023-11-12,S004,P0020,Furniture,West,Autumn,0,0,102,85.4,16.6
2023-11-13,S004,P0020,Furniture,West,Autumn,0,0,97,97.8,-0.8
2023-11-14,S004,P0020,Furniture,West,Autumn,0,0,80,83.0,-3.0
2023-11-15,S004,P0020,Furniture,West,Autumn,1,0,56,72.6,-16.6
2023-11-16,S004,P0020,Furniture,West,Autumn,0,0,105,97.3,7.7
2023-11-17,S004,P0020,Furniture,West,Autumn,1,0,46,100.0,-54.0
2023-11-18,S004,P0020,Furniture,West,Autumn,0,0,82,76.5,5.5
2023-11-19,S004,P0020,Furniture,West,Autumn,0,0,88,99.0,-11.0
2023-11-20,S004,P0020,Furniture,West,Autumn,0,0,47,71.5,-24.5
2023-11-21,S004,P0020,Furniture,West,Autumn,1,0,75,88.6,-13.6
2023-11-22,S004,P0020,Furniture,West,Autumn,0,0,48,70.2,-22.2
2023-11-23,S004,P0020,Furniture,West,Autumn,0,0,21,50.2,-29.2
2023-11-24,S004,P0020,Furniture,West,Autumn,0,0,39,63.3,-24.3
2023-11-25,S004,P0020,Furniture,West,Autumn,1,0,75,85.4,-10.5
2023-11-26,S004,P0020,Furniture,West,Autumn,1,0,84,81.8,2.2
2023-11-27,S004,P0020,Furniture,West,Autumn,1,0,64,83.2,-19.2
2023-11-28,S004,P0020,Furniture,West,Autumn,1,0,59,81.6,-22.6
2023-11-29,S004,P0020,Furniture,West,Autumn,0,0,57,74.3,-17.3
2023-11-30,S004,P0020,Furniture,West,Autumn,0,0,76,75.7,0.3
2023-12-01,S004,P0020,Furniture,West,Winter,0,0,60,74.2,-14.2
2023-12-02,S004,P0020,Furniture,West,Winter,1,0,74,88.8,-14.8
2023-12-03,S004,P0020,Furniture,West,Winter,0,0,65,82.6,-17.6
2023-12-04,S004,P0020,Furniture,West,Winter,1,0,4,63.5,-59.5
2023-12-05,S004,P0020,Furniture,West,Winter,1,0,125,106.2,18.8
2023-12-06,S004,P0020,Furniture,West,Winter,1,0,79,92.3,-13.3
2023-12-07,S004,P0020,Furniture,West,Winter,0,0,85,83.9,1.1
2023-12-08,S004,P0020,Furniture,West,Winter,1,0,122,120.0,2.0
2023-12-09,S004,P0020,Furniture,West,Winter,1,0,106,103.3,2.7
2023-12-10,S004,P0020,Furniture,West,Winter,0,0,22,42.0,-20.0
2023-12-11,S004,P0020,Furniture,West,Winter,1,0,107,110.8,-3.8
2023-12-12,S004,P0020,Furniture,West,Winter,0,0,64,70.6,-6.7
2023-12-13,S004,P0020,Furniture,West,Winter,0,0,61,71.3,-10.3
2023-12-14,S004,P0020,Furniture,West,Winter,0,0,47,56.4,-9.5
2023-12-15,S004,P0020,Furniture,West,Winter,0,0,56,78.6,-22.6
2023-12-16,S004,P0020,Furniture,West,Winter,0,0,86,85.3,0.7
2023-12-17,S004,P0020,Furniture,West,Winter,0,0,44,69.9,-25.9
2023-12-18,S004,P0020,Furniture,West,Winter,1,0,97,104.9,-7.9
2023-12-19,S004,P0020,Furniture,West,Winter,0,0,65,86.3,-21.3
2023-12-20,S004,P0020,Furniture,West,Winter,0,0,88,93.0,-5.0
2023-12-21,S004,P0020,Furniture,West,Winter,0,0,132,108.5,23.5
2023-12-22,S004,P0020,Furniture,West,Winter,1,0,146,131.1,14.9
2023-12-23,S004,P0020,Furniture,West,Winter,1,0,35,71.8,-36.8
2023-12-24,S004,P0020,Furniture,West,Winter,0,0,49,62.1,-13.1
2023-12-25,S004,P0020,Furniture,West,Winter,0,0,77,83.0,-6.0
2023-12-26,S004,P0020,Furniture,West,Winter,0,0,52,77.9,-25.9
2023-12-27,S004,P0020,Furniture,West,Winter,0,1,28,28.7,-0.7
2023-12-28,S004,P0020,Furniture,West,Winter,0,1,23,28.5,-5.5
2023-12-29,S004,P0020,Furniture,West,Winter,0,1,44,36.1,7.9
2023-12-30,S004,P0020,Furniture,West,Winter,0,1,50,45.8,4.2
2023-12-31,S004,P0020,Furniture,West,Winter,0,1,47,36.7,10.3
2024-01-01,S004,P0020,Furniture,West,Winter,0,1,66,47.8,18.2
2024-01-02,S004,P0020,Furniture,West,Winter,1,1,49,51.4,-2.4
2024-01-03,S004,P0020,Furniture,West,Winter,0,1,33,34.6,-1.6
2024-01-04,S004,P0020,Furniture,West,Winter,0,1,19,34.3,-15.3
2024-01-05,S004,P0020,Furniture,West,Winter,1,1,38,48.2,-10.2
2024-01-06,S004,P0020,Furniture,West,Winter,1,1,49,49.9,-0.9
2024-01-07,S004,P0020,Furniture,West,Winter,0,1,22,33.0,-11.0
2024-01-08,S004,P0020,Furniture,West,Winter,1,1,39,42.7,-3.7
2024-01-09,S004,P0020,Furniture,West,Winter,0,0,48,79.7,-31.7
2024-01-10,S004,P0020,Furniture,West,Winter,0,0,73,84.5,-11.5
2024-01-11,S004,P0020,Furniture,West,Winter,0,0,73,90.4,-17.5
2024-01-12,S004,P0020,Furniture,West,Winter,0,0,70,82.5,-12.5
2024-01-13,S004,P0020,Furniture,West,Winter,0,0,66,80.9,-14.9
2024-01-14,S004,P0020,Furniture,West,Winter,1,0,72,97.8,-25.8
2024-01-15,S004,P0020,Furniture,West,Winter,0,0,64,74.2,-10.2
2024-01-16,S004,P0020,Furniture,West,Winter,0,0,49,62.4,-13.4
2024-01-17,S004,P0020,Furniture,West,Winter,0,0,71,73.9,-2.9
2024-01-18,S004,P0020,Furniture,West,Winter,1,0,87,92.8,-5.8
2024-01-19,S004,P0020,Furniture,West,Winter,0,0,61,63.7,-2.7
2024-01-20,S004,P0020,Furniture,West,Winter,0,0,83,88.7,-5.7
2024-01-21,S004,P0020,Furniture,West,Winter,1,0,89,93.8,-4.8
2024-01-22,S004,P0020,Furniture,West,Winter,1,0,157,132.6,24.4
2024-01-23,S004,P0020,Furniture,West,Winter,0,0,59,73.5,-14.5
2024-01-24,S004,P0020,Furniture,West,Winter,1,0,73,91.7,-18.7
2024-01-25,S004,P0020,Furniture,West,Winter,0,0,44,67.6,-23.6
2024-01-26,S004,P0020,Furniture,West,Winter,0,0,74,84.1,-10.1
2024-01-27,S004,P0020,Furniture,West,Winter,0,0,68,73.0,-5.0
2024-01-28,S004,P0020,Furniture,West,Winter,1,0,75,90.8,-15.8
2024-01-29,S004,P0020,Furniture,West,Winter,0,0,63,84.5,-21.5
2024-01-30,S004,P0020,Furniture,West,Winter,0,0,93,94.0,-1.0
2023-09-07,S005,P0001,Groceries,North,Autumn,0,0,138,94.7,43.3
2023-09-08,S005,P0001,Groceries,North,Autumn,0,0,167,94.3,72.7
2023-09-09,S005,P0001,Groceries,North,Autumn,0,0,77,96.2,-19.2
2023-09-10,S005,P0001,Groceries,North,Autumn,0,0,92,95.9,-3.9
2023-09-11,S005,P0001,Groceries,North,Autumn,1,0,141,168.3,-27.3
2023-09-12,S005,P0001,Groceries,North,Autumn,0,0,101,103.1,-2.1
2023-09-13,S005,P0001,Groceries,North,Autumn,1,0,236,131.4,104.6
2023-09-14,S005,P0001,Groceries,North,Autumn,1,0,119,142.8,-23.8
2023-09-15,S005,P0001,Groceries,North,Autumn,1,0,96,131.0,-35.0
2023-09-16,S005,P0001,Groceries,North,Autumn,0,0,89,95.9,-6.9
2023-09-17,S005,P0001,Groceries,North,Autumn,0,0,110,103.0,7.0
2023-09-18,S005,P0001,Groceries,North,Autumn,1,0,49,117.8,-68.8
2023-09-19,S005,P0001,Groceries,North,Autumn,1,0,125,134.6,-9.6
2023-09-20,S005,P0001,Groceries,North,Autumn,0,0,49,119.0,-70.0
2023-09-21,S005,P0001,Groceries,North,Autumn,0,0,112,107.4,4.6
2023-09-22,S005,P0001,Groceries,North,Autumn,0,0,64,87.3,-23.3
2023-09-23,S005,P0001,Groceries,North,Autumn,0,0,89,106.7,-17.7
2023-09-24,S005,P0001,Groceries,North,Autumn,1,0,120,105.2,14.8
2023-09-25,S005,P0001,Groceries,North,Autumn,0,0,84,86.3,-2.3
2023-09-26,S005,P0001,Groceries,North,Autumn,0,0,114,112.4,1.6
2023-09-27,S005,P0001,Groceries,North,Autumn,0,0,76,115.7,-39.7
2023-09-28,S005,P0001,Groceries,North,Autumn,1,0,146,117.3,28.7
2023-09-29,S005,P0001,Groceries,North,Autumn,0,0,169,120.0,49.0
2023-09-30,S005,P0001,Groceries,North,Autumn,0,0,79,96.2,-17.2
2023-10-01,S005,P0001,Groceries,North,Autumn,1,0,125,127.8,-2.8
2023-10-02,S005,P0001,Groceries,North,Autumn,1,0,197,156.3,40.7
2023-10-03,S005,P0001,Groceries,North,Autumn,0,0,57,101.1,-44.1
2023-10-04,S005,P0001,Groceries,North,Autumn,0,0,99,103.9,-4.9
2023-10-05,S005,P0001,Groceries,North,Autumn,0,0,104,98.6,5.4
2023-10-06,S005,P0001,Groceries,North,Autumn,0,0,185,104.4,80.6
2023-10-07,S005,P0001,Groceries,North,Autumn,0,1,95,77.7,17.3
2023-10-08,S005,P0001,Groceries,North,Autumn,0,1,71,81.0,-10.0
2023-10-09,S005,P0001,Groceries,North,Autumn,1,1,133,100.1,32.9
2023-10-10,S005,P0001,Groceries,North,Autumn,0,1,81,67.6,13.4
2023-10-11,S005,P0001,Groceries,North,Autumn,0,1,100,96.6,3.4
2023-10-12,S005,P0001,Groceries,North,Autumn,1,1,59,105.2,-46.2
2023-10-13,S005,P0001,Groceries,North,Autumn,0,1,37,77.1,-40.1
2023-10-14,S005,P0001,Groceries,North,Autumn,0,1,47,75.2,-28.2
2023-10-15,S005,P0001,Groceries,North,Autumn,0,1,32,73.4,-41.4
2023-10-16,S005,P0001,Groceries,North,Autumn,0,1,81,79.8,1.2
2023-10-17,S005,P0001,Groceries,North,Autumn,1,1,74,83.6,-9.5
2023-10-18,S005,P0001,Groceries,North,Autumn,0,1,70,75.0,-5.0
2023-10-19,S005,P0001,Groceries,North,Autumn,1,1,88,84.5,3.5
2023-10-20,S005,P0001,Groceries,North,Autumn,1,1,158,96.4,61.6
2023-10-21,S005,P0001,Groceries,North,Autumn,0,1,102,89.8,12.2
2023-10-22,S005,P0001,Groceries,North,Autumn,0,1,61,72.9,-11.9
2023-10-23,S005,P0001,Groceries,North,Autumn,1,1,74,92.0,-18.0
2023-10-24,S005,P0001,Groceries,North,Autumn,0,1,19,73.6,-54.6
2023-10-25,S005,P0001,Groceries,North,Autumn,1,0,209,115.4,93.6
2023-10-26,S005,P0001,Groceries,North,Autumn,1,0,82,131.1,-49.1
2023-10-27,S005,P0001,Groceries,North,Autumn,0,0,137,122.6,14.4
2023-10-28,S005,P0001,Groceries,North,Autumn,0,0,176,124.3,51.7
2023-10-29,S005,P0001,Groceries,North,Autumn,0,0,180,116.6,63.4
2023-10-30,S005,P0001,Groceries,North,Autumn,0,0,137,95.9,41.1
2023-10-31,S005,P0001,Groceries,North,Autumn,0,0,122,96.4,25.6
2023-11-01,S005,P0001,Groceries,North,Autumn,1,0,223,117.6,105.4
2023-11-02,S005,P0001,Groceries,North,Autumn,0,0,119,116.8,2.2
2023-11-03,S005,P0001,Groceries,North,Autumn,1,0,185,123.2,61.8
2023-11-04,S005,P0001,Groceries,North,Autumn,0,0,68,100.2,-32.2
2023-11-05,S005,P0001,Groceries,North,Autumn,0,0,60,96.8,-36.8
2023-11-06,S005,P0001,Groceries,North,Autumn,0,0,91,93.8,-2.8
2023-11-07,S005,P0001,Groceries,North,Autumn,1,0,97,124.2,-27.2
2023-11-08,S005,P0001,Groceries,North,Autumn,1,0,102,171.8,-69.8
2023-11-09,S005,P0001,Groceries,North,Autumn,0,0,70,96.4,-26.4
2023-11-10,S005,P0001,Groceries,North,Autumn,0,0,86,93.8,-7.8
2023-11-11,S005,P0001,Groceries,North,Autumn,0,0,112,111.0,1.0
2023-11-12,S005,P0001,Groceries,North,Autumn,1,0,126,114.9,11.1
2023-11-13,S005,P0001,Groceries,North,Autumn,1,0,127,129.1,-2.1
2023-11-14,S005,P0001,Groceries,North,Autumn,0,0,88,95.1,-7.1
2023-11-15,S005,P0001,Groceries,North,Autumn,0,0,78,96.2,-18.2
2023-11-16,S005,P0001,Groceries,North,Autumn,1,0,82,126.5,-44.5
2023-11-17,S005,P0001,Groceries,North,Autumn,0,0,76,97.5,-21.5
2023-11-18,S005,P0001,Groceries,North,Autumn,1,0,169,127.9,41.1
2023-11-19,S005,P0001,Groceries,North,Autumn,0,0,130,123.7,6.3
2023-11-20,S005,P0001,Groceries,North,Autumn,1,0,145,131.1,13.9
2023-11-21,S005,P0001,Groceries,North,Autumn,0,0,66,132.0,-66.0
2023-11-22,S005,P0001,Groceries,North,Autumn,0,0,110,104.0,6.0
2023-11-23,S005,P0001,Groceries,North,Autumn,0,0,133,94.9,38.1
2023-11-24,S005,P0001,Groceries,North,Autumn,0,0,103,104.6,-1.6
2023-11-25,S005,P0001,Groceries,North,Autumn,0,0,103,99.8,3.2
2023-11-26,S005,P0001,Groceries,North,Autumn,1,0,97,164.4,-67.4
2023-11-27,S005,P0001,Groceries,North,Autumn,0,0,181,121.5,59.5
2023-11-28,S005,P0001,Groceries,North,Autumn,0,0,82,96.4,-14.4
2023-11-29,S005,P0001,Groceries,North,Autumn,0,0,125,124.9,0.1
2023-11-30,S005,P0001,Groceries,North,Autumn,0,0,101,103.9,-2.9
2023-12-01,S005,P0001,Groceries,North,Winter,0,0,161,120.5,40.5
2023-12-02,S005,P0001,Groceries,North,Winter,1,0,105,140.0,-35.0
2023-12-03,S005,P0001,Groceries,North,Winter,0,0,80,101.0,-21.0
2023-12-04,S005,P0001,Groceries,North,Winter,1,0,186,132.0,53.9
2023-12-05,S005,P0001,Groceries,North,Winter,0,0,119,107.8,11.2
2023-12-06,S005,P0001,Groceries,North,Winter,0,0,126,124.4,1.6
2023-12-07,S005,P0001,Groceries,North,Winter,0,0,174,104.2,69.8
2023-12-08,S005,P0001,Groceries,North,Winter,1,0,163,130.4,32.6
2023-12-09,S005,P0001,Groceries,North,Winter,0,0,6,95.6,-89.6
2023-12-10,S005,P0001,Groceries,North,Winter,1,0,206,134.5,71.5
2023-12-11,S005,P0001,Groceries,North,Winter,0,0,121,103.7,17.3
2023-12-12,S005,P0001,Groceries,North,Winter,1,0,125,159.6,-34.7
2023-12-13,S005,P0001,Groceries,North,Winter,0,0,160,128.7,31.3
2023-12-14,S005,P0001,Groceries,North,Winter,0,0,72,120.2,-48.2
2023-12-15,S005,P0001,Groceries,North,Winter,1,0,175,129.8,45.2
2023-12-16,S005,P0001,Groceries,North,Winter,0,0,87,105.9,-18.9
2023-12-17,S005,P0001,Groceries,North,Winter,0,0,59,103.7,-44.7
2023-12-18,S005,P0001,Groceries,North,Winter,0,0,94,103.5,-9.5
2023-12-19,S005,P0001,Groceries,North,Winter,0,0,58,124.5,-66.5
2023-12-20,S005,P0001,Groceries,North,Winter,0,0,95,95.6,-0.6
2023-12-21,S005,P0001,Groceries,North,Winter,0,0,196,119.6,76.4
2023-12-22,S005,P0001,Groceries,North,Winter,0,0,155,119.4,35.6
2023-12-23,S005,P0001,Groceries,North,Winter,0,0,118,95.4,22.6
2023-12-24,S005,P0001,Groceries,North,Winter,1,0,206,164.5,41.5
2023-12-25,S005,P0001,Groceries,North,Winter,1,0,166,134.5,31.5
2023-12-26,S005,P0001,Groceries,North,Winter,1,0,140,141.9,-1.9
2023-12-27,S005,P0001,Groceries,North,Winter,1,1,114,129.2,-15.2
2023-12-28,S005,P0001,Groceries,North,Winter,0,1,84,77.0,7.0
2023-12-29,S005,P0001,Groceries,North,Winter,0,1,63,70.8,-7.8
2023-12-30,S005,P0001,Groceries,North,Winter,0,1,37,81.0,-44.0
2023-12-31,S005,P0001,Groceries,North,Winter,0,1,82,76.2,5.8
2024-01-01,S005,P0001,Groceries,North,Winter,0,1,106,71.0,35.0
2024-01-02,S005,P0001,Groceries,North,Winter,0,1,59,67.7,-8.7
2024-01-03,S005,P0001,Groceries,North,Winter,1,1,71,89.6,-18.6
2024-01-04,S005,P0001,Groceries,North,Winter,1,1,90,86.8,3.2
2024-01-05,S005,P0001,Groceries,North,Winter,0,1,110,81.8,28.2
2024-01-06,S005,P0001,Groceries,North,Winter,1,1,58,89.5,-31.5
2024-01-07,S005,P0001,Groceries,North,Winter,0,1,82,69.8,12.2
2024-01-08,S005,P0001,Groceries,North,Winter,1,1,90,88.4,1.6
2024-01-09,S005,P0001,Groceries,North,Winter,0,0,169,84.2,84.8
2024-01-10,S005,P0001,Groceries,North,Winter,0,0,53,97.7,-44.7
2024-01-11,S005,P0001,Groceries,North,Winter,1,0,141,120.3,20.7
2024-01-12,S005,P0001,Groceries,North,Winter,0,0,142,104.2,37.8
2024-01-13,S005,P0001,Groceries,North,Winter,1,0,149,161.3,-12.3
2024-01-14,S005,P0001,Groceries,North,Winter,0,0,123,101.8,21.2
2024-01-15,S005,P0001,Groceries,North,Winter,0,0,103,103.0,-0.0
2024-01-16,S005,P0001,Groceries,North,Winter,0,0,104,100.2,3.8
2024-01-17,S005,P0001,Groceries,North,Winter,0,0,31,101.3,-70.3
2024-01-18,S005,P0001,Groceries,North,Winter,0,0,132,121.4,10.6
2024-01-19,S005,P0001,Groceries,North,Winter,1,0,105,127.0,-22.0
2024-01-20,S005,P0001,Groceries,North,Winter,0,0,95,119.0,-24.0
2024-01-21,S005,P0001,Groceries,North,Winter,1,0,148,125.1,22.9
2024-01-22,S005,P0001,Groceries,North,Winter,1,0,177,161.4,15.6
2024-01-23,S005,P0001,Groceries,North,Winter,0,0,49,95.5,-46.5
2024-01-24,S005,P0001,Groceries,North,Winter,1,0,236,138.1,97.9
2024-01-25,S005,P0001,Groceries,North,Winter,0,0,209,130.2,78.8
2024-01-26,S005,P0001,Groceries,North,Winter,0,0,152,103.9,48.1
2024-01-27,S005,P0001,Groceries,North,Winter,0,0,68,98.4,-30.4
2024-01-28,S005,P0001,Groceries,North,Winter,0,0,128,102.8,25.2
2024-01-29,S005,P0001,Groceries,North,Winter,0,0,118,105.8,12.2
2024-01-30,S005,P0001,Groceries,North,Winter,0,0,99,99.6,-0.6
2023-09-07,S005,P0002,Electronics,North,Autumn,0,0,116,94.4,21.6
2023-09-08,S005,P0002,Electronics,North,Autumn,0,0,75,90.3,-15.3
2023-09-09,S005,P0002,Electronics,North,Autumn,0,0,57,89.0,-32.0
2023-09-10,S005,P0002,Electronics,North,Autumn,1,0,159,110.4,48.6
2023-09-11,S005,P0002,Electronics,North,Autumn,0,0,139,112.4,26.6
2023-09-12,S005,P0002,Electronics,North,Autumn,0,0,92,96.9,-4.9
2023-09-13,S005,P0002,Electronics,North,Autumn,0,0,108,92.6,15.4
2023-09-14,S005,P0002,Electronics,North,Autumn,0,0,114,117.8,-3.8
2023-09-15,S005,P0002,Electronics,North,Autumn,1,0,89,103.8,-14.8
2023-09-16,S005,P0002,Electronics,North,Autumn,0,0,66,88.6,-22.5
2023-09-17,S005,P0002,Electronics,North,Autumn,1,0,90,113.3,-23.3
2023-09-18,S005,P0002,Electronics,North,Autumn,0,0,114,89.0,25.0
2023-09-19,S005,P0002,Electronics,North,Autumn,0,0,111,93.3,17.7
2023-09-20,S005,P0002,Electronics,North,Autumn,1,0,147,132.4,14.6
2023-09-21,S005,P0002,Electronics,North,Autumn,0,0,77,85.9,-8.9
2023-09-22,S005,P0002,Electronics,North,Autumn,0,0,101,91.3,9.7
2023-09-23,S005,P0002,Electronics,North,Autumn,0,0,114,113.4,0.6
2023-09-24,S005,P0002,Electronics,North,Autumn,1,0,149,112.4,36.6
2023-09-25,S005,P0002,Electronics,North,Autumn,0,0,91,92.0,-1.0
2023-09-26,S005,P0002,Electronics,North,Autumn,0,0,112,92.6,19.4
2023-09-27,S005,P0002,Electronics,North,Autumn,1,0,166,118.6,47.4
2023-09-28,S005,P0002,Electronics,North,Autumn,0,0,126,93.9,32.1
2023-09-29,S005,P0002,Electronics,North,Autumn,0,0,96,109.8,-13.8
2023-09-30,S005,P0002,Electronics,North,Autumn,0,0,64,82.6,-18.6
2023-10-01,S005,P0002,Electronics,North,Autumn,0,0,108,86.5,21.5
2023-10-02,S005,P0002,Electronics,North,Autumn,0,0,125,110.9,14.1
2023-10-03,S005,P0002,Electronics,North,Autumn,1,0,88,95.6,-7.6
2023-10-04,S005,P0002,Electronics,North,Autumn,1,0,120,106.4,13.5
2023-10-05,S005,P0002,Electronics,North,Autumn,1,0,96,94.6,1.4
2023-10-06,S005,P0002,Electronics,North,Autumn,0,0,81,82.9,-1.9
2023-10-07,S005,P0002,Electronics,North,Autumn,0,1,63,64.4,-1.4
2023-10-08,S005,P0002,Electronics,North,Autumn,1,1,91,88.4,2.6
2023-10-09,S005,P0002,Electronics,North,Autumn,0,1,45,58.6,-13.6
2023-10-10,S005,P0002,Electronics,North,Autumn,0,1,25,36.0,-11.0
2023-10-11,S005,P0002,Electronics,North,Autumn,0,1,44,50.5,-6.5
2023-10-12,S005,P0002,Electronics,North,Autumn,0,1,66,48.9,17.1
2023-10-13,S005,P0002,Electronics,North,Autumn,0,1,37,48.6,-11.6
2023-10-14,S005,P0002,Electronics,North,Autumn,1,1,70,56.7,13.3
2023-10-15,S005,P0002,Electronics,North,Autumn,0,1,46,46.7,-0.7
2023-10-16,S005,P0002,Electronics,North,Autumn,0,1,26,30.5,-4.5
2023-10-17,S005,P0002,Electronics,North,Autumn,1,1,90,68.5,21.5
2023-10-18,S005,P0002,Electronics,North,Autumn,1,1,47,54.8,-7.8
2023-10-19,S005,P0002,Electronics,North,Autumn,0,1,62,54.7,7.3
2023-10-20,S005,P0002,Electronics,North,Autumn,0,1,58,54.8,3.2
2023-10-21,S005,P0002,Electronics,North,Autumn,0,1,42,40.0,2.0
2023-10-22,S005,P0002,Electronics,North,Autumn,0,1,30,31.0,-1.0
2023-10-23,S005,P0002,Electronics,North,Autumn,1,1,68,58.8,9.2
2023-10-24,S005,P0002,Electronics,North,Autumn,0,1,21,34.4,-13.4
2023-10-25,S005,P0002,Electronics,North,Autumn,1,0,81,128.8,-47.8
2023-10-26,S005,P0002,Electronics,North,Autumn,1,0,58,124.3,-66.3
2023-10-27,S005,P0002,Electronics,North,Autumn,0,0,104,107.8,-3.8
2023-10-28,S005,P0002,Electronics,North,Autumn,0,0,127,122.2,4.8
2023-10-29,S005,P0002,Electronics,North,Autumn,0,0,53,104.9,-51.9
2023-10-30,S005,P0002,Electronics,North,Autumn,0,0,81,83.7,-2.7
2023-10-31,S005,P0002,Electronics,North,Autumn,0,0,64,83.1,-19.1
2023-11-01,S005,P0002,Electronics,North,Autumn,0,0,61,84.4,-23.4
2023-11-02,S005,P0002,Electronics,North,Autumn,0,0,58,99.9,-41.9
2023-11-03,S005,P0002,Electronics,North,Autumn,1,0,121,115.4,5.6
2023-11-04,S005,P0002,Electronics,North,Autumn,0,0,71,91.8,-20.8
2023-11-05,S005,P0002,Electronics,North,Autumn,0,0,88,88.5,-0.5
2023-11-06,S005,P0002,Electronics,North,Autumn,0,0,107,92.2,14.8
2023-11-07,S005,P0002,Electronics,North,Autumn,1,0,89,110.6,-21.6
2023-11-08,S005,P0002,Electronics,North,Autumn,1,0,117,141.3,-24.3
2023-11-09,S005,P0002,Electronics,North,Autumn,0,0,65,84.9,-19.9
2023-11-10,S005,P0002,Electronics,North,Autumn,1,0,183,115.0,68.0
2023-11-11,S005,P0002,Electronics,North,Autumn,1,0,131,108.8,22.2
2023-11-12,S005,P0002,Electronics,North,Autumn,1,0,138,114.4,23.6
2023-11-13,S005,P0002,Electronics,North,Autumn,0,0,117,94.6,22.4
2023-11-14,S005,P0002,Electronics,North,Autumn,0,0,80,85.4,-5.4
2023-11-15,S005,P0002,Electronics,North,Autumn,1,0,140,109.6,30.4
2023-11-16,S005,P0002,Electronics,North,Autumn,0,0,124,96.8,27.2
2023-11-17,S005,P0002,Electronics,North,Autumn,0,0,70,90.7,-20.7
2023-11-18,S005,P0002,Electronics,North,Autumn,1,0,100,107.8,-7.8
2023-11-19,S005,P0002,Electronics,North,Autumn,0,0,147,117.8,29.2
2023-11-20,S005,P0002,Electronics,North,Autumn,1,0,83,92.2,-9.2
2023-11-21,S005,P0002,Electronics,North,Autumn,0,0,132,108.2,23.8
2023-11-22,S005,P0002,Electronics,North,Autumn,0,0,125,95.0,30.0
2023-11-23,S005,P0002,Electronics,North,Autumn,0,0,68,82.0,-14.0
2023-11-24,S005,P0002,Electronics,North,Autumn,0,0,95,93.9,1.1
2023-11-25,S005,P0002,Electronics,North,Autumn,1,0,108,109.2,-1.2
2023-11-26,S005,P0002,Electronics,North,Autumn,0,0,38,88.4,-50.4
2023-11-27,S005,P0002,Electronics,North,Autumn,0,0,117,107.9,9.1
2023-11-28,S005,P0002,Electronics,North,Autumn,0,0,92,86.0,6.0
2023-11-29,S005,P0002,Electronics,North,Autumn,0,0,86,103.4,-17.4
2023-11-30,S005,P0002,Electronics,North,Autumn,0,0,120,91.2,28.8
2023-12-01,S005,P0002,Electronics,North,Winter,1,0,142,138.4,3.7
2023-12-02,S005,P0002,Electronics,North,Winter,0,0,70,93.3,-23.3
2023-12-03,S005,P0002,Electronics,North,Winter,0,0,121,94.0,27.0
2023-12-04,S005,P0002,Electronics,North,Winter,1,0,93,92.3,0.7
2023-12-05,S005,P0002,Electronics,North,Winter,0,0,88,89.5,-1.5
2023-12-06,S005,P0002,Electronics,North,Winter,0,0,128,110.6,17.4
2023-12-07,S005,P0002,Electronics,North,Winter,0,0,34,75.9,-41.9
2023-12-08,S005,P0002,Electronics,North,Winter,0,0,119,93.0,26.0
2023-12-09,S005,P0002,Electronics,North,Winter,0,0,88,85.5,2.5
2023-12-10,S005,P0002,Electronics,North,Winter,0,0,101,89.1,11.9
2023-12-11,S005,P0002,Electronics,North,Winter,0,0,77,86.6,-9.6
2023-12-12,S005,P0002,Electronics,North,Winter,1,0,158,138.6,19.4
2023-12-13,S005,P0002,Electronics,North,Winter,0,0,65,93.9,-28.9
2023-12-14,S005,P0002,Electronics,North,Winter,0,0,165,115.9,49.1
2023-12-15,S005,P0002,Electronics,North,Winter,0,0,119,91.3,27.7
2023-12-16,S005,P0002,Electronics,North,Winter,0,0,177,95.1,81.9
2023-12-17,S005,P0002,Electronics,North,Winter,0,0,140,97.3,42.7
2023-12-18,S005,P0002,Electronics,North,Winter,0,0,130,98.2,31.8
2023-12-19,S005,P0002,Electronics,North,Winter,0,0,92,105.6,-13.6
2023-12-20,S005,P0002,Electronics,North,Winter,1,0,155,111.7,43.3
2023-12-21,S005,P0002,Electronics,North,Winter,1,0,143,158.0,-15.0
2023-12-22,S005,P0002,Electronics,North,Winter,1,0,106,146.1,-40.1
2023-12-23,S005,P0002,Electronics,North,Winter,1,0,133,124.0,9.0
2023-12-24,S005,P0002,Electronics,North,Winter,1,0,114,139.0,-25.0
2023-12-25,S005,P0002,Electronics,North,Winter,0,0,92,90.7,1.3
2023-12-26,S005,P0002,Electronics,North,Winter,0,0,92,92.3,-0.3
2023-12-27,S005,P0002,Electronics,North,Winter,1,1,38,97.2,-59.2
2023-12-28,S005,P0002,Electronics,North,Winter,1,1,75,98.5,-23.5
2023-12-29,S005,P0002,Electronics,North,Winter,0,1,38,47.7,-9.7
2023-12-30,S005,P0002,Electronics,North,Winter,0,1,44,47.1,-3.1
2023-12-31,S005,P0002,Electronics,North,Winter,0,1,66,47.2,18.8
2024-01-01,S005,P0002,Electronics,North,Winter,1,1,57,58.2,-1.2
2024-01-02,S005,P0002,Electronics,North,Winter,0,1,86,51.1,34.9
2024-01-03,S005,P0002,Electronics,North,Winter,1,1,43,58.5,-15.5
2024-01-04,S005,P0002,Electronics,North,Winter,0,1,59,48.0,11.0
2024-01-05,S005,P0002,Electronics,North,Winter,0,1,82,54.4,27.6
2024-01-06,S005,P0002,Electronics,North,Winter,0,1,42,47.8,-5.8
2024-01-07,S005,P0002,Electronics,North,Winter,1,1,67,62.2,4.8
2024-01-08,S005,P0002,Electronics,North,Winter,0,1,65,50.2,14.8
2024-01-09,S005,P0002,Electronics,North,Winter,0,0,149,81.4,67.6
2024-01-10,S005,P0002,Electronics,North,Winter,0,0,67,88.0,-21.0
2024-01-11,S005,P0002,Electronics,North,Winter,0,0,83,84.7,-1.7
2024-01-12,S005,P0002,Electronics,North,Winter,0,0,83,84.8,-1.8
2024-01-13,S005,P0002,Electronics,North,Winter,0,0,43,100.8,-57.8
2024-01-14,S005,P0002,Electronics,North,Winter,0,0,72,85.9,-13.9
2024-01-15,S005,P0002,Electronics,North,Winter,1,0,187,125.4,61.6
2024-01-16,S005,P0002,Electronics,North,Winter,1,0,95,88.7,6.3
2024-01-17,S005,P0002,Electronics,North,Winter,0,0,47,87.6,-40.6
2024-01-18,S005,P0002,Electronics,North,Winter,0,0,106,109.7,-3.7
2024-01-19,S005,P0002,Electronics,North,Winter,0,0,37,88.1,-51.1
2024-01-20,S005,P0002,Electronics,North,Winter,1,0,78,129.4,-51.4
2024-01-21,S005,P0002,Electronics,North,Winter,0,0,64,92.5,-28.5
2024-01-22,S005,P0002,Electronics,North,Winter,0,0,109,105.1,3.9
2024-01-23,S005,P0002,Electronics,North,Winter,0,0,100,95.1,4.9
2024-01-24,S005,P0002,Electronics,North,Winter,1,0,70,122.9,-52.9
2024-01-25,S005,P0002,Electronics,North,Winter,1,0,101,137.4,-36.3
2024-01-26,S005,P0002,Electronics,North,Winter,1,0,84,119.9,-35.9
2024-01-27,S005,P0002,Electronics,North,Winter,1,0,83,121.8,-38.8
2024-01-28,S005,P0002,Electronics,North,Winter,0,0,115,98.2,16.8
2024-01-29,S005,P0002,Electronics,North,Winter,0,0,118,94.6,23.4
2024-01-30,S005,P0002,Electronics,North,Winter,0,0,136,91.1,44.9
2023-09-07,S005,P0003,Toys,North,Autumn,1,0,72,108.8,-36.8
2023-09-08,S005,P0003,Toys,North,Autumn,0,0,65,93.2,-28.2
2023-09-09,S005,P0003,Toys,North,Autumn,1,0,151,109.0,42.0
2023-09-10,S005,P0003,Toys,North,Autumn,1,0,145,108.4,36.6
2023-09-11,S005,P0003,Toys,North,Autumn,1,0,134,134.1,-0.1
2023-09-12,S005,P0003,Toys,North,Autumn,0,0,53,106.8,-53.8
2023-09-13,S005,P0003,Toys,North,Autumn,1,0,150,122.9,27.1
2023-09-14,S005,P0003,Toys,North,Autumn,0,0,68,99.3,-31.3
2023-09-15,S005,P0003,Toys,North,Autumn,0,0,167,100.8,66.2
2023-09-16,S005,P0003,Toys,North,Autumn,0,0,59,95.4,-36.4
2023-09-17,S005,P0003,Toys,North,Autumn,0,0,48,93.1,-45.1
2023-09-18,S005,P0003,Toys,North,Autumn,1,0,165,122.5,42.5
2023-09-19,S005,P0003,Toys,North,Autumn,0,0,115,97.5,17.5
2023-09-20,S005,P0003,Toys,North,Autumn,0,0,78,100.2,-22.2
2023-09-21,S005,P0003,Toys,North,Autumn,0,0,67,86.6,-19.6
2023-09-22,S005,P0003,Toys,North,Autumn,0,0,68,88.9,-20.9
2023-09-23,S005,P0003,Toys,North,Autumn,1,0,143,134.1,8.9
2023-09-24,S005,P0003,Toys,North,Autumn,0,0,67,89.8,-22.8
2023-09-25,S005,P0003,Toys,North,Autumn,0,0,83,90.1,-7.1
2023-09-26,S005,P0003,Toys,North,Autumn,0,0,99,89.3,9.7
2023-09-27,S005,P0003,Toys,North,Autumn,0,0,123,92.6,30.4
2023-09-28,S005,P0003,Toys,North,Autumn,0,0,79,92.6,-13.6
2023-09-29,S005,P0003,Toys,North,Autumn,0,0,119,105.1,13.9
2023-09-30,S005,P0003,Toys,North,Autumn,0,0,103,92.6,10.4
2023-10-01,S005,P0003,Toys,North,Autumn,0,0,99,88.2,10.8
2023-10-02,S005,P0003,Toys,North,Autumn,1,0,128,137.0,-9.0
2023-10-03,S005,P0003,Toys,North,Autumn,0,0,79,93.9,-14.9
2023-10-04,S005,P0003,Toys,North,Autumn,0,0,118,97.5,20.5
2023-10-05,S005,P0003,Toys,North,Autumn,1,0,103,107.3,-4.3
2023-10-06,S005,P0003,Toys,North,Autumn,1,0,101,120.0,-19.0
2023-10-07,S005,P0003,Toys,North,Autumn,0,1,34,47.3,-13.3
2023-10-08,S005,P0003,Toys,North,Autumn,0,1,24,38.7,-14.7
2023-10-09,S005,P0003,Toys,North,Autumn,1,1,57,30.9,26.1
2023-10-10,S005,P0003,Toys,North,Autumn,0,1,36,20.1,15.9
2023-10-11,S005,P0003,Toys,North,Autumn,1,1,74,37.2,36.8
2023-10-12,S005,P0003,Toys,North,Autumn,0,1,57,25.2,31.8
2023-10-13,S005,P0003,Toys,North,Autumn,0,1,37,24.8,12.2
2023-10-14,S005,P0003,Toys,North,Autumn,0,1,30,21.0,9.0
2023-10-15,S005,P0003,Toys,North,Autumn,0,1,21,24.2,-3.2
2023-10-16,S005,P0003,Toys,North,Autumn,0,1,30,23.7,6.3
2023-10-17,S005,P0003,Toys,North,Autumn,1,1,43,35.4,7.6
2023-10-18,S005,P0003,Toys,North,Autumn,1,1,54,34.6,19.4
2023-10-19,S005,P0003,Toys,North,Autumn,1,1,11,34.0,-23.0
2023-10-20,S005,P0003,Toys,North,Autumn,0,1,16,23.6,-7.6
2023-10-21,S005,P0003,Toys,North,Autumn,0,1,32,26.9,5.1
2023-10-22,S005,P0003,Toys,North,Autumn,0,1,52,28.8,23.2
2023-10-23,S005,P0003,Toys,North,Autumn,1,1,65,37.5,27.5
2023-10-24,S005,P0003,Toys,North,Autumn,0,1,35,23.0,12.0
2023-10-25,S005,P0003,Toys,North,Autumn,1,0,73,127.8,-54.8
2023-10-26,S005,P0003,Toys,North,Autumn,0,0,74,105.3,-31.3
2023-10-27,S005,P0003,Toys,North,Autumn,0,0,111,104.5,6.5
2023-10-28,S005,P0003,Toys,North,Autumn,0,0,84,103.8,-19.8
2023-10-29,S005,P0003,Toys,North,Autumn,0,0,99,100.2,-1.2
2023-10-30,S005,P0003,Toys,North,Autumn,0,0,113,89.9,23.1
2023-10-31,S005,P0003,Toys,North,Autumn,0,0,82,86.9,-4.9
2023-11-01,S005,P0003,Toys,North,Autumn,0,0,57,85.8,-28.8
2023-11-02,S005,P0003,Toys,North,Autumn,0,0,50,102.6,-52.6
2023-11-03,S005,P0003,Toys,North,Autumn,0,0,68,84.2,-16.2
2023-11-04,S005,P0003,Toys,North,Autumn,0,0,98,90.7,7.3
2023-11-05,S005,P0003,Toys,North,Autumn,0,0,56,88.6,-32.6
2023-11-06,S005,P0003,Toys,North,Autumn,1,0,74,102.2,-28.2
2023-11-07,S005,P0003,Toys,North,Autumn,0,0,80,86.9,-6.9
2023-11-08,S005,P0003,Toys,North,Autumn,1,0,118,131.3,-13.3
2023-11-09,S005,P0003,Toys,North,Autumn,0,0,106,87.1,18.9
2023-11-10,S005,P0003,Toys,North,Autumn,0,0,115,90.5,24.5
2023-11-11,S005,P0003,Toys,North,Autumn,1,0,124,112.3,11.7
2023-11-12,S005,P0003,Toys,North,Autumn,1,0,188,120.5,67.5
2023-11-13,S005,P0003,Toys,North,Autumn,0,0,113,98.2,14.8
2023-11-14,S005,P0003,Toys,North,Autumn,1,0,114,106.3,7.7
2023-11-15,S005,P0003,Toys,North,Autumn,1,0,126,119.3,6.7
2023-11-16,S005,P0003,Toys,North,Autumn,0,0,87,104.4,-17.4
2023-11-17,S005,P0003,Toys,North,Autumn,0,0,53,94.6,-41.6
2023-11-18,S005,P0003,Toys,North,Autumn,1,0,124,103.7,20.3
2023-11-19,S005,P0003,Toys,North,Autumn,1,0,64,125.3,-61.3
2023-11-20,S005,P0003,Toys,North,Autumn,0,0,120,89.9,30.1
2023-11-21,S005,P0003,Toys,North,Autumn,0,0,69,100.6,-31.7
2023-11-22,S005,P0003,Toys,North,Autumn,0,0,66,90.5,-24.5
2023-11-23,S005,P0003,Toys,North,Autumn,1,0,123,114.7,8.3
2023-11-24,S005,P0003,Toys,North,Autumn,0,0,94,88.9,5.1
2023-11-25,S005,P0003,Toys,North,Autumn,0,0,100,89.6,10.4
2023-11-26,S005,P0003,Toys,North,Autumn,0,0,118,101.6,16.5
2023-11-27,S005,P0003,Toys,North,Autumn,1,0,129,138.4,-9.4
2023-11-28,S005,P0003,Toys,North,Autumn,0,0,113,90.0,23.0
2023-11-29,S005,P0003,Toys,North,Autumn,0,0,89,100.1,-11.1
2023-11-30,S005,P0003,Toys,North,Autumn,0,0,148,100.3,47.7
2023-12-01,S005,P0003,Toys,North,Winter,1,0,192,140.2,51.8
2023-12-02,S005,P0003,Toys,North,Winter,1,0,90,118.5,-28.5
2023-12-03,S005,P0003,Toys,North,Winter,0,0,144,104.9,39.1
2023-12-04,S005,P0003,Toys,North,Winter,0,0,87,106.1,-19.1
2023-12-05,S005,P0003,Toys,North,Winter,0,0,127,102.6,24.4
2023-12-06,S005,P0003,Toys,North,Winter,1,0,118,128.6,-10.6
2023-12-07,S005,P0003,Toys,North,Winter,0,0,113,107.6,5.4
2023-12-08,S005,P0003,Toys,North,Winter,0,0,104,101.8,2.2
2023-12-09,S005,P0003,Toys,North,Winter,1,0,92,107.7,-15.7
2023-12-10,S005,P0003,Toys,North,Winter,1,0,95,106.7,-11.7
2023-12-11,S005,P0003,Toys,North,Winter,0,0,85,91.3,-6.3
2023-12-12,S005,P0003,Toys,North,Winter,1,0,123,132.2,-9.2
2023-12-13,S005,P0003,Toys,North,Winter,0,0,118,102.0,16.0
2023-12-14,S005,P0003,Toys,North,Winter,0,0,36,98.8,-62.8
2023-12-15,S005,P0003,Toys,North,Winter,0,0,119,89.8,29.2
2023-12-16,S005,P0003,Toys,North,Winter,1,0,135,114.8,20.2
2023-12-17,S005,P0003,Toys,North,Winter,0,0,142,98.8,43.2
2023-12-18,S005,P0003,Toys,North,Winter,1,0,151,123.8,27.2
2023-12-19,S005,P0003,Toys,North,Winter,1,0,72,127.2,-55.2
2023-12-20,S005,P0003,Toys,North,Winter,0,0,45,91.2,-46.2
2023-12-21,S005,P0003,Toys,North,Winter,0,0,99,100.3,-1.3
2023-12-22,S005,P0003,Toys,North,Winter,0,0,124,103.2,20.8
2023-12-23,S005,P0003,Toys,North,Winter,0,0,104,92.5,11.5
2023-12-24,S005,P0003,Toys,North,Winter,0,0,73,101.6,-28.6
2023-12-25,S005,P0003,Toys,North,Winter,0,0,56,87.6,-31.6
2023-12-26,S005,P0003,Toys,North,Winter,0,0,95,86.4,8.6
2023-12-27,S005,P0003,Toys,North,Winter,1,1,44,35.4,8.5
2023-12-28,S005,P0003,Toys,North,Winter,0,1,27,20.8,6.2
2023-12-29,S005,P0003,Toys,North,Winter,0,1,18,23.7,-5.7
2023-12-30,S005,P0003,Toys,North,Winter,0,1,21,23.8,-2.8
2023-12-31,S005,P0003,Toys,North,Winter,0,1,49,35.8,13.2
2024-01-01,S005,P0003,Toys,North,Winter,0,1,19,19.2,-0.2
2024-01-02,S005,P0003,Toys,North,Winter,0,1,23,21.9,1.1
2024-01-03,S005,P0003,Toys,North,Winter,0,1,39,25.0,14.0
2024-01-04,S005,P0003,Toys,North,Winter,0,1,28,23.9,4.1
2024-01-05,S005,P0003,Toys,North,Winter,1,1,27,35.0,-8.0
2024-01-06,S005,P0003,Toys,North,Winter,1,1,71,36.1,34.9
2024-01-07,S005,P0003,Toys,North,Winter,0,1,14,22.4,-8.4
2024-01-08,S005,P0003,Toys,North,Winter,1,1,31,31.3,-0.3
2024-01-09,S005,P0003,Toys,North,Winter,0,0,97,99.7,-2.7
2024-01-10,S005,P0003,Toys,North,Winter,1,0,115,136.6,-21.6
2024-01-11,S005,P0003,Toys,North,Winter,1,0,4,123.3,-119.3
2024-01-12,S005,P0003,Toys,North,Winter,0,0,83,99.0,-16.0
2024-01-13,S005,P0003,Toys,North,Winter,0,0,95,106.5,-11.5
2024-01-14,S005,P0003,Toys,North,Winter,0,0,78,91.6,-13.6
2024-01-15,S005,P0003,Toys,North,Winter,0,0,80,86.8,-6.8
2024-01-16,S005,P0003,Toys,North,Winter,1,0,74,109.7,-35.7
2024-01-17,S005,P0003,Toys,North,Winter,0,0,73,93.3,-20.3
2024-01-18,S005,P0003,Toys,North,Winter,0,0,43,98.6,-55.6
2024-01-19,S005,P0003,Toys,North,Winter,1,0,34,116.3,-82.3
2024-01-20,S005,P0003,Toys,North,Winter,0,0,104,100.0,4.0
2024-01-21,S005,P0003,Toys,North,Winter,0,0,68,96.1,-28.1
2024-01-22,S005,P0003,Toys,North,Winter,1,0,183,138.0,45.0
2024-01-23,S005,P0003,Toys,North,Winter,0,0,59,93.6,-34.6
2024-01-24,S005,P0003,Toys,North,Winter,1,0,150,119.4,30.6
2024-01-25,S005,P0003,Toys,North,Winter,0,0,62,103.5,-41.5
2024-01-26,S005,P0003,Toys,North,Winter,0,0,80,96.9,-16.9
2024-01-27,S005,P0003,Toys,North,Winter,0,0,92,91.4,0.6
2024-01-28,S005,P0003,Toys,North,Winter,1,0,113,115.0,-2.0
2024-01-29,S005,P0003,Toys,North,Winter,0,0,100,96.7,3.3
2024-01-30,S005,P0003,Toys,North,Winter,0,0,121,96.2,24.8
2023-09-07,S005,P0004,Groceries,North,Autumn,1,0,94,104.3,-10.3
2023-09-08,S005,P0004,Groceries,North,Autumn,0,0,128,94.5,33.5
2023-09-09,S005,P0004,Groceries,North,Autumn,0,0,121,96.8,24.2
2023-09-10,S005,P0004,Groceries,North,Autumn,0,0,66,90.9,-24.9
2023-09-11,S005,P0004,Groceries,North,Autumn,0,0,166,126.9,39.1
2023-09-12,S005,P0004,Groceries,North,Autumn,0,0,118,102.2,15.8
2023-09-13,S005,P0004,Groceries,North,Autumn,1,0,189,126.4,62.6
2023-09-14,S005,P0004,Groceries,North,Autumn,0,0,59,108.0,-49.0
2023-09-15,S005,P0004,Groceries,North,Autumn,1,0,157,127.2,29.8
2023-09-16,S005,P0004,Groceries,North,Autumn,1,0,150,133.4,16.6
2023-09-17,S005,P0004,Groceries,North,Autumn,0,0,88,102.9,-14.9
2023-09-18,S005,P0004,Groceries,North,Autumn,1,0,159,127.5,31.5
2023-09-19,S005,P0004,Groceries,North,Autumn,1,0,111,136.4,-25.3
2023-09-20,S005,P0004,Groceries,North,Autumn,0,0,141,122.9,18.1
2023-09-21,S005,P0004,Groceries,North,Autumn,0,0,117,97.4,19.6
2023-09-22,S005,P0004,Groceries,North,Autumn,1,0,155,127.7,27.3
2023-09-23,S005,P0004,Groceries,North,Autumn,1,0,114,145.7,-31.7
2023-09-24,S005,P0004,Groceries,North,Autumn,0,0,133,103.6,29.4
2023-09-25,S005,P0004,Groceries,North,Autumn,0,0,99,95.6,3.3
2023-09-26,S005,P0004,Groceries,North,Autumn,0,0,150,105.5,44.5
2023-09-27,S005,P0004,Groceries,North,Autumn,0,0,84,101.0,-17.0
2023-09-28,S005,P0004,Groceries,North,Autumn,1,0,166,129.8,36.2
2023-09-29,S005,P0004,Groceries,North,Autumn,0,0,178,123.6,54.4
2023-09-30,S005,P0004,Groceries,North,Autumn,0,0,77,78.9,-1.9
2023-10-01,S005,P0004,Groceries,North,Autumn,0,0,113,98.2,14.8
2023-10-02,S005,P0004,Groceries,North,Autumn,1,0,162,166.3,-4.3
2023-10-03,S005,P0004,Groceries,North,Autumn,0,0,93,104.8,-11.8
2023-10-04,S005,P0004,Groceries,North,Autumn,1,0,146,130.6,15.4
2023-10-05,S005,P0004,Groceries,North,Autumn,0,0,121,101.9,19.1
2023-10-06,S005,P0004,Groceries,North,Autumn,0,0,134,106.2,27.8
2023-10-07,S005,P0004,Groceries,North,Autumn,1,1,152,96.5,55.5
2023-10-08,S005,P0004,Groceries,North,Autumn,0,1,87,83.2,3.8
2023-10-09,S005,P0004,Groceries,North,Autumn,0,1,49,62.9,-13.9
2023-10-10,S005,P0004,Groceries,North,Autumn,0,1,57,76.5,-19.5
2023-10-11,S005,P0004,Groceries,North,Autumn,1,1,164,97.7,66.3
2023-10-12,S005,P0004,Groceries,North,Autumn,0,1,64,75.2,-11.2
2023-10-13,S005,P0004,Groceries,North,Autumn,1,1,65,88.7,-23.7
2023-10-14,S005,P0004,Groceries,North,Autumn,0,1,38,77.2,-39.2
2023-10-15,S005,P0004,Groceries,North,Autumn,0,1,78,80.3,-2.3
2023-10-16,S005,P0004,Groceries,North,Autumn,0,1,56,79.6,-23.6
2023-10-17,S005,P0004,Groceries,North,Autumn,1,1,80,78.9,1.1
2023-10-18,S005,P0004,Groceries,North,Autumn,1,1,126,82.2,43.8
2023-10-19,S005,P0004,Groceries,North,Autumn,1,1,177,89.5,87.5
2023-10-20,S005,P0004,Groceries,North,Autumn,1,1,107,90.0,17.0
2023-10-21,S005,P0004,Groceries,North,Autumn,0,1,99,92.0,7.0
2023-10-22,S005,P0004,Groceries,North,Autumn,0,1,60,71.2,-11.2
2023-10-23,S005,P0004,Groceries,North,Autumn,0,1,66,74.3,-8.3
2023-10-24,S005,P0004,Groceries,North,Autumn,0,1,56,73.4,-17.3
2023-10-25,S005,P0004,Groceries,North,Autumn,0,0,92,105.0,-13.0
2023-10-26,S005,P0004,Groceries,North,Autumn,0,0,143,111.9,31.1
2023-10-27,S005,P0004,Groceries,North,Autumn,0,0,125,118.6,6.4
2023-10-28,S005,P0004,Groceries,North,Autumn,1,0,169,147.4,21.6
2023-10-29,S005,P0004,Groceries,North,Autumn,0,0,87,115.7,-28.7
2023-10-30,S005,P0004,Groceries,North,Autumn,0,0,94,99.7,-5.7
2023-10-31,S005,P0004,Groceries,North,Autumn,0,0,145,100.0,45.0
2023-11-01,S005,P0004,Groceries,North,Autumn,1,0,128,128.8,-0.8
2023-11-02,S005,P0004,Groceries,North,Autumn,0,0,73,113.9,-40.9
2023-11-03,S005,P0004,Groceries,North,Autumn,0,0,120,97.5,22.5
2023-11-04,S005,P0004,Groceries,North,Autumn,1,0,112,113.9,-1.9
2023-11-05,S005,P0004,Groceries,North,Autumn,1,0,141,138.0,3.0
2023-11-06,S005,P0004,Groceries,North,Autumn,0,0,62,94.4,-32.4
2023-11-07,S005,P0004,Groceries,North,Autumn,0,0,129,99.2,29.8
2023-11-08,S005,P0004,Groceries,North,Autumn,1,0,141,163.7,-22.7
2023-11-09,S005,P0004,Groceries,North,Autumn,0,0,78,94.1,-16.1
2023-11-10,S005,P0004,Groceries,North,Autumn,0,0,132,100.0,32.0
2023-11-11,S005,P0004,Groceries,North,Autumn,1,0,146,127.3,18.7
2023-11-12,S005,P0004,Groceries,North,Autumn,0,0,92,93.6,-1.6
2023-11-13,S005,P0004,Groceries,North,Autumn,0,0,116,105.5,10.5
2023-11-14,S005,P0004,Groceries,North,Autumn,0,0,115,96.6,18.3
2023-11-15,S005,P0004,Groceries,North,Autumn,0,0,82,100.7,-18.7
2023-11-16,S005,P0004,Groceries,North,Autumn,0,0,140,106.4,33.6
2023-11-17,S005,P0004,Groceries,North,Autumn,0,0,103,101.4,1.6
2023-11-18,S005,P0004,Groceries,North,Autumn,1,0,142,127.7,14.3
2023-11-19,S005,P0004,Groceries,North,Autumn,1,0,233,168.6,64.4
2023-11-20,S005,P0004,Groceries,North,Autumn,0,0,72,80.5,-8.5
2023-11-21,S005,P0004,Groceries,North,Autumn,0,0,194,126.7,67.3
2023-11-22,S005,P0004,Groceries,North,Autumn,0,0,65,83.1,-18.1
2023-11-23,S005,P0004,Groceries,North,Autumn,1,0,113,116.7,-3.7
2023-11-24,S005,P0004,Groceries,North,Autumn,1,0,177,132.3,44.7
2023-11-25,S005,P0004,Groceries,North,Autumn,0,0,102,99.6,2.5
2023-11-26,S005,P0004,Groceries,North,Autumn,0,0,183,119.8,63.2
2023-11-27,S005,P0004,Groceries,North,Autumn,0,0,124,109.5,14.5
2023-11-28,S005,P0004,Groceries,North,Autumn,1,0,157,122.1,34.9
2023-11-29,S005,P0004,Groceries,North,Autumn,0,0,120,104.3,15.7
2023-11-30,S005,P0004,Groceries,North,Autumn,0,0,98,105.6,-7.6
2023-12-01,S005,P0004,Groceries,North,Winter,1,0,115,158.6,-43.6
2023-12-02,S005,P0004,Groceries,North,Winter,0,0,123,106.1,16.9
2023-12-03,S005,P0004,Groceries,North,Winter,0,0,137,105.5,31.5
2023-12-04,S005,P0004,Groceries,North,Winter,0,0,93,103.9,-10.9
2023-12-05,S005,P0004,Groceries,North,Winter,1,0,117,123.3,-6.3
2023-12-06,S005,P0004,Groceries,North,Winter,1,0,208,175.2,32.8
2023-12-07,S005,P0004,Groceries,North,Winter,0,0,100,103.4,-3.4
2023-12-08,S005,P0004,Groceries,North,Winter,0,0,123,105.2,17.8
2023-12-09,S005,P0004,Groceries,North,Winter,0,0,60,96.8,-36.8
2023-12-10,S005,P0004,Groceries,North,Winter,0,0,68,97.5,-29.5
2023-12-11,S005,P0004,Groceries,North,Winter,1,0,140,137.1,2.9
2023-12-12,S005,P0004,Groceries,North,Winter,1,0,71,158.6,-87.6
2023-12-13,S005,P0004,Groceries,North,Winter,0,0,149,121.4,27.6
2023-12-14,S005,P0004,Groceries,North,Winter,0,0,198,120.8,77.2
2023-12-15,S005,P0004,Groceries,North,Winter,0,0,105,99.5,5.5
2023-12-16,S005,P0004,Groceries,North,Winter,1,0,122,124.4,-2.4
2023-12-17,S005,P0004,Groceries,North,Winter,0,0,34,91.2,-57.2
2023-12-18,S005,P0004,Groceries,North,Winter,0,0,109,103.3,5.7
2023-12-19,S005,P0004,Groceries,North,Winter,0,0,134,122.3,11.7
2023-12-20,S005,P0004,Groceries,North,Winter,0,0,166,101.0,65.0
2023-12-21,S005,P0004,Groceries,North,Winter,0,0,148,125.2,22.8
2023-12-22,S005,P0004,Groceries,North,Winter,1,0,250,167.2,82.8
2023-12-23,S005,P0004,Groceries,North,Winter,0,0,93,102.0,-9.0
2023-12-24,S005,P0004,Groceries,North,Winter,1,0,252,171.7,80.3
2023-12-25,S005,P0004,Groceries,North,Winter,1,0,113,135.8,-22.8
2023-12-26,S005,P0004,Groceries,North,Winter,0,0,116,102.0,14.0
2023-12-27,S005,P0004,Groceries,North,Winter,0,1,73,72.2,0.8
2023-12-28,S005,P0004,Groceries,North,Winter,1,1,140,138.6,1.3
2023-12-29,S005,P0004,Groceries,North,Winter,0,1,37,70.3,-33.3
2023-12-30,S005,P0004,Groceries,North,Winter,0,1,51,72.9,-21.9
2023-12-31,S005,P0004,Groceries,North,Winter,0,1,101,78.9,22.1
2024-01-01,S005,P0004,Groceries,North,Winter,0,1,67,66.5,0.5
2024-01-02,S005,P0004,Groceries,North,Winter,0,1,81,70.6,10.4
2024-01-03,S005,P0004,Groceries,North,Winter,0,1,100,70.0,30.0
2024-01-04,S005,P0004,Groceries,North,Winter,0,1,30,66.7,-36.7
2024-01-05,S005,P0004,Groceries,North,Winter,0,1,116,85.2,30.8
2024-01-06,S005,P0004,Groceries,North,Winter,0,1,81,72.4,8.7
2024-01-07,S005,P0004,Groceries,North,Winter,0,1,73,70.7,2.3
2024-01-08,S005,P0004,Groceries,North,Winter,1,1,133,85.6,47.4
2024-01-09,S005,P0004,Groceries,North,Winter,0,0,38,84.3,-46.3
2024-01-10,S005,P0004,Groceries,North,Winter,0,0,68,81.7,-13.7
2024-01-11,S005,P0004,Groceries,North,Winter,1,0,152,112.7,39.3
2024-01-12,S005,P0004,Groceries,North,Winter,1,0,204,124.8,79.2
2024-01-13,S005,P0004,Groceries,North,Winter,0,0,141,118.8,22.2
2024-01-14,S005,P0004,Groceries,North,Winter,1,0,122,128.4,-6.4
2024-01-15,S005,P0004,Groceries,North,Winter,0,0,156,105.0,51.0
2024-01-16,S005,P0004,Groceries,North,Winter,1,0,176,139.1,36.9
2024-01-17,S005,P0004,Groceries,North,Winter,0,0,125,104.1,20.9
2024-01-18,S005,P0004,Groceries,North,Winter,1,0,108,155.0,-47.0
2024-01-19,S005,P0004,Groceries,North,Winter,0,0,86,98.1,-12.1
2024-01-20,S005,P0004,Groceries,North,Winter,1,0,158,160.0,-2.0
2024-01-21,S005,P0004,Groceries,North,Winter,1,0,139,140.5,-1.5
2024-01-22,S005,P0004,Groceries,North,Winter,0,0,144,124.7,19.3
2024-01-23,S005,P0004,Groceries,North,Winter,0,0,146,100.2,45.8
2024-01-24,S005,P0004,Groceries,North,Winter,0,0,145,104.8,40.2
2024-01-25,S005,P0004,Groceries,North,Winter,0,0,143,119.8,23.2
2024-01-26,S005,P0004,Groceries,North,Winter,1,0,167,140.8,26.2
2024-01-27,S005,P0004,Groceries,North,Winter,0,0,69,94.6,-25.6
2024-01-28,S005,P0004,Groceries,North,Winter,1,0,147,132.8,14.2
2024-01-29,S005,P0004,Groceries,North,Winter,0,0,87,83.1,3.9
2024-01-30,S005,P0004,Groceries,North,Winter,0,0,115,101.9,13.1
2023-09-07,S005,P0005,Groceries,North,Autumn,0,0,72,93.9,-21.9
2023-09-08,S005,P0005,Groceries,North,Autumn,0,0,81,94.1,-13.1
2023-09-09,S005,P0005,Groceries,North,Autumn,0,0,42,93.0,-51.0
2023-09-10,S005,P0005,Groceries,North,Autumn,0,0,35,93.7,-58.7
2023-09-11,S005,P0005,Groceries,North,Autumn,0,0,58,124.0,-66.0
2023-09-12,S005,P0005,Groceries,North,Autumn,0,0,150,106.9,43.1
2023-09-13,S005,P0005,Groceries,North,Autumn,0,0,88,86.4,1.6
2023-09-14,S005,P0005,Groceries,North,Autumn,1,0,125,137.6,-12.6
2023-09-15,S005,P0005,Groceries,North,Autumn,1,0,142,111.9,30.1
2023-09-16,S005,P0005,Groceries,North,Autumn,1,0,170,111.0,59.0
2023-09-17,S005,P0005,Groceries,North,Autumn,0,0,55,104.8,-49.8
2023-09-18,S005,P0005,Groceries,North,Autumn,0,0,63,94.8,-31.8
2023-09-19,S005,P0005,Groceries,North,Autumn,0,0,129,105.3,23.7
2023-09-20,S005,P0005,Groceries,North,Autumn,0,0,186,124.1,61.9
2023-09-21,S005,P0005,Groceries,North,Autumn,1,0,133,130.6,2.4
2023-09-22,S005,P0005,Groceries,North,Autumn,1,0,108,126.5,-18.5
2023-09-23,S005,P0005,Groceries,North,Autumn,1,0,106,168.1,-62.1
2023-09-24,S005,P0005,Groceries,North,Autumn,1,0,89,129.1,-40.1
2023-09-25,S005,P0005,Groceries,North,Autumn,1,0,74,133.4,-59.4
2023-09-26,S005,P0005,Groceries,North,Autumn,0,0,123,104.9,18.1
2023-09-27,S005,P0005,Groceries,North,Autumn,1,0,133,137.4,-4.4
2023-09-28,S005,P0005,Groceries,North,Autumn,0,0,131,105.2,25.8
2023-09-29,S005,P0005,Groceries,North,Autumn,0,0,138,122.9,15.1
2023-09-30,S005,P0005,Groceries,North,Autumn,0,0,53,96.9,-43.9
2023-10-01,S005,P0005,Groceries,North,Autumn,0,0,67,95.0,-28.0
2023-10-02,S005,P0005,Groceries,North,Autumn,0,0,163,130.0,33.0
2023-10-03,S005,P0005,Groceries,North,Autumn,1,0,187,140.9,46.1
2023-10-04,S005,P0005,Groceries,North,Autumn,0,0,89,103.6,-14.6
2023-10-05,S005,P0005,Groceries,North,Autumn,0,0,55,96.4,-41.4
2023-10-06,S005,P0005,Groceries,North,Autumn,0,0,128,104.4,23.6
2023-10-07,S005,P0005,Groceries,North,Autumn,0,1,50,69.9,-19.9
2023-10-08,S005,P0005,Groceries,North,Autumn,0,1,75,74.6,0.4
2023-10-09,S005,P0005,Groceries,North,Autumn,1,1,64,102.0,-38.0
2023-10-10,S005,P0005,Groceries,North,Autumn,1,1,61,92.3,-31.3
2023-10-11,S005,P0005,Groceries,North,Autumn,0,1,104,81.2,22.8
2023-10-12,S005,P0005,Groceries,North,Autumn,1,1,87,94.3,-7.3
2023-10-13,S005,P0005,Groceries,North,Autumn,1,1,69,91.4,-22.4
2023-10-14,S005,P0005,Groceries,North,Autumn,1,1,51,90.4,-39.4
2023-10-15,S005,P0005,Groceries,North,Autumn,0,1,102,79.1,22.9
2023-10-16,S005,P0005,Groceries,North,Autumn,1,1,41,90.5,-49.5
2023-10-17,S005,P0005,Groceries,North,Autumn,0,1,29,78.6,-49.6
2023-10-18,S005,P0005,Groceries,North,Autumn,0,1,78,78.4,-0.4
2023-10-19,S005,P0005,Groceries,North,Autumn,0,1,80,83.3,-3.3
2023-10-20,S005,P0005,Groceries,North,Autumn,0,1,71,81.2,-10.2
2023-10-21,S005,P0005,Groceries,North,Autumn,0,1,94,77.2,16.8
2023-10-22,S005,P0005,Groceries,North,Autumn,1,1,108,93.6,14.4
2023-10-23,S005,P0005,Groceries,North,Autumn,1,1,111,94.1,16.9
2023-10-24,S005,P0005,Groceries,North,Autumn,1,1,55,93.1,-38.1
2023-10-25,S005,P0005,Groceries,North,Autumn,0,0,80,108.1,-28.1
2023-10-26,S005,P0005,Groceries,North,Autumn,0,0,90,110.1,-20.1
2023-10-27,S005,P0005,Groceries,North,Autumn,0,0,115,113.3,1.7
2023-10-28,S005,P0005,Groceries,North,Autumn,0,0,143,127.5,15.5
2023-10-29,S005,P0005,Groceries,North,Autumn,0,0,139,126.2,12.8
2023-10-30,S005,P0005,Groceries,North,Autumn,0,0,108,96.2,11.8
2023-10-31,S005,P0005,Groceries,North,Autumn,0,0,106,98.0,8.0
2023-11-01,S005,P0005,Groceries,North,Autumn,1,0,115,135.3,-20.3
2023-11-02,S005,P0005,Groceries,North,Autumn,0,0,78,127.6,-49.6
2023-11-03,S005,P0005,Groceries,North,Autumn,1,0,95,133.6,-38.6
2023-11-04,S005,P0005,Groceries,North,Autumn,1,0,135,133.0,2.0
2023-11-05,S005,P0005,Groceries,North,Autumn,1,0,147,140.1,6.9
2023-11-06,S005,P0005,Groceries,North,Autumn,0,0,103,98.4,4.5
2023-11-07,S005,P0005,Groceries,North,Autumn,0,0,135,96.8,38.2
2023-11-08,S005,P0005,Groceries,North,Autumn,0,0,102,121.2,-19.2
2023-11-09,S005,P0005,Groceries,North,Autumn,0,0,139,95.2,43.8
2023-11-10,S005,P0005,Groceries,North,Autumn,0,0,88,94.1,-6.1
2023-11-11,S005,P0005,Groceries,North,Autumn,0,0,42,95.8,-53.8
2023-11-12,S005,P0005,Groceries,North,Autumn,0,0,102,95.4,6.6
2023-11-13,S005,P0005,Groceries,North,Autumn,1,0,189,135.5,53.5
2023-11-14,S005,P0005,Groceries,North,Autumn,1,0,165,137.1,27.9
2023-11-15,S005,P0005,Groceries,North,Autumn,0,0,83,96.1,-13.1
2023-11-16,S005,P0005,Groceries,North,Autumn,0,0,117,104.5,12.5
2023-11-17,S005,P0005,Groceries,North,Autumn,0,0,149,97.2,51.8
2023-11-18,S005,P0005,Groceries,North,Autumn,0,0,93,97.5,-4.5
2023-11-19,S005,P0005,Groceries,North,Autumn,1,0,155,166.4,-11.4
2023-11-20,S005,P0005,Groceries,North,Autumn,1,0,136,111.8,24.2
2023-11-21,S005,P0005,Groceries,North,Autumn,0,0,146,131.0,15.0
2023-11-22,S005,P0005,Groceries,North,Autumn,0,0,79,103.6,-24.6
2023-11-23,S005,P0005,Groceries,North,Autumn,1,0,176,134.6,41.4
2023-11-24,S005,P0005,Groceries,North,Autumn,0,0,160,107.0,53.0
2023-11-25,S005,P0005,Groceries,North,Autumn,1,0,146,132.6,13.4
2023-11-26,S005,P0005,Groceries,North,Autumn,0,0,158,127.0,31.0
2023-11-27,S005,P0005,Groceries,North,Autumn,0,0,236,126.7,109.3
2023-11-28,S005,P0005,Groceries,North,Autumn,0,0,128,102.4,25.6
2023-11-29,S005,P0005,Groceries,North,Autumn,0,0,96,115.1,-19.1
2023-11-30,S005,P0005,Groceries,North,Autumn,0,0,115,106.0,9.0
2023-12-01,S005,P0005,Groceries,North,Winter,1,0,123,165.8,-42.8
2023-12-02,S005,P0005,Groceries,North,Winter,0,0,140,106.4,33.6
2023-12-03,S005,P0005,Groceries,North,Winter,0,0,107,104.0,3.0
2023-12-04,S005,P0005,Groceries,North,Winter,0,0,61,105.2,-44.2
2023-12-05,S005,P0005,Groceries,North,Winter,1,0,118,135.2,-17.2
2023-12-06,S005,P0005,Groceries,North,Winter,0,0,186,126.6,59.4
2023-12-07,S005,P0005,Groceries,North,Winter,0,0,120,106.8,13.2
2023-12-08,S005,P0005,Groceries,North,Winter,0,0,178,103.6,74.4
2023-12-09,S005,P0005,Groceries,North,Winter,0,0,55,99.5,-44.5
2023-12-10,S005,P0005,Groceries,North,Winter,0,0,51,95.1,-44.1
2023-12-11,S005,P0005,Groceries,North,Winter,0,0,58,96.2,-38.2
2023-12-12,S005,P0005,Groceries,North,Winter,1,0,187,154.2,32.8
2023-12-13,S005,P0005,Groceries,North,Winter,0,0,112,120.1,-8.1
2023-12-14,S005,P0005,Groceries,North,Winter,1,0,129,154.2,-25.2
2023-12-15,S005,P0005,Groceries,North,Winter,1,0,93,129.5,-36.5
2023-12-16,S005,P0005,Groceries,North,Winter,1,0,148,132.3,15.7
2023-12-17,S005,P0005,Groceries,North,Winter,1,0,116,140.6,-24.6
2023-12-18,S005,P0005,Groceries,North,Winter,0,0,98,104.6,-6.7
2023-12-19,S005,P0005,Groceries,North,Winter,1,0,109,176.1,-67.1
2023-12-20,S005,P0005,Groceries,North,Winter,0,0,124,100.5,23.5
2023-12-21,S005,P0005,Groceries,North,Winter,0,0,135,123.4,11.6
2023-12-22,S005,P0005,Groceries,North,Winter,1,0,177,156.4,20.6
2023-12-23,S005,P0005,Groceries,North,Winter,0,0,107,103.4,3.6
2023-12-24,S005,P0005,Groceries,North,Winter,0,0,114,126.1,-12.1
2023-12-25,S005,P0005,Groceries,North,Winter,0,0,71,100.9,-29.9
2023-12-26,S005,P0005,Groceries,North,Winter,0,0,118,96.3,21.7
2023-12-27,S005,P0005,Groceries,North,Winter,0,1,60,75.1,-15.1
2023-12-28,S005,P0005,Groceries,North,Winter,1,1,46,109.7,-63.7
2023-12-29,S005,P0005,Groceries,North,Winter,0,1,87,84.7,2.3
2023-12-30,S005,P0005,Groceries,North,Winter,0,1,33,75.1,-42.1
2023-12-31,S005,P0005,Groceries,North,Winter,0,1,59,75.8,-16.8
2024-01-01,S005,P0005,Groceries,North,Winter,0,1,110,65.0,45.0
2024-01-02,S005,P0005,Groceries,North,Winter,1,1,75,85.8,-10.8
2024-01-03,S005,P0005,Groceries,North,Winter,1,1,71,91.9,-20.9
2024-01-04,S005,P0005,Groceries,North,Winter,0,1,99,66.2,32.8
2024-01-05,S005,P0005,Groceries,North,Winter,1,1,69,109.5,-40.5
2024-01-06,S005,P0005,Groceries,North,Winter,0,1,45,67.5,-22.5
2024-01-07,S005,P0005,Groceries,North,Winter,0,1,83,68.5,14.5
2024-01-08,S005,P0005,Groceries,North,Winter,0,1,113,66.6,46.4
2024-01-09,S005,P0005,Groceries,North,Winter,0,0,130,87.9,42.1
2024-01-10,S005,P0005,Groceries,North,Winter,0,0,163,86.4,76.6
2024-01-11,S005,P0005,Groceries,North,Winter,0,0,85,96.5,-11.5
2024-01-12,S005,P0005,Groceries,North,Winter,0,0,123,103.8,19.2
2024-01-13,S005,P0005,Groceries,North,Winter,0,0,95,117.1,-22.1
2024-01-14,S005,P0005,Groceries,North,Winter,0,0,149,97.2,51.8
2024-01-15,S005,P0005,Groceries,North,Winter,0,0,104,103.3,0.7
2024-01-16,S005,P0005,Groceries,North,Winter,1,0,149,133.7,15.3
2024-01-17,S005,P0005,Groceries,North,Winter,0,0,114,103.6,10.4
2024-01-18,S005,P0005,Groceries,North,Winter,0,0,115,118.8,-3.8
2024-01-19,S005,P0005,Groceries,North,Winter,1,0,141,128.9,12.1
2024-01-20,S005,P0005,Groceries,North,Winter,1,0,192,162.0,29.9
2024-01-21,S005,P0005,Groceries,North,Winter,1,0,196,144.4,51.6
2024-01-22,S005,P0005,Groceries,North,Winter,0,0,133,126.7,6.3
2024-01-23,S005,P0005,Groceries,North,Winter,0,0,108,101.0,7.0
2024-01-24,S005,P0005,Groceries,North,Winter,1,0,64,136.4,-72.4
2024-01-25,S005,P0005,Groceries,North,Winter,0,0,145,127.1,17.9
2024-01-26,S005,P0005,Groceries,North,Winter,1,0,248,144.9,103.1
2024-01-27,S005,P0005,Groceries,North,Winter,1,0,111,136.0,-25.0
2024-01-28,S005,P0005,Groceries,North,Winter,0,0,98,104.4,-6.3
2024-01-29,S005,P0005,Groceries,North,Winter,0,0,164,106.6,57.4
2024-01-30,S005,P0005,Groceries,North,Winter,0,0,113,100.6,12.3
2023-09-07,S005,P0006,Groceries,North,Autumn,1,0,60,123.0,-63.0
2023-09-08,S005,P0006,Groceries,North,Autumn,0,0,150,112.0,38.0
2023-09-09,S005,P0006,Groceries,North,Autumn,1,0,183,139.1,43.9
2023-09-10,S005,P0006,Groceries,North,Autumn,0,0,81,89.0,-8.0
2023-09-11,S005,P0006,Groceries,North,Autumn,0,0,88,115.7,-27.7
2023-09-12,S005,P0006,Groceries,North,Autumn,0,0,186,119.5,66.5
2023-09-13,S005,P0006,Groceries,North,Autumn,0,0,161,115.8,45.2
2023-09-14,S005,P0006,Groceries,North,Autumn,0,0,109,116.3,-7.3
2023-09-15,S005,P0006,Groceries,North,Autumn,0,0,65,93.9,-28.9
2023-09-16,S005,P0006,Groceries,North,Autumn,0,0,127,114.8,12.2
2023-09-17,S005,P0006,Groceries,North,Autumn,0,0,134,117.5,16.5
2023-09-18,S005,P0006,Groceries,North,Autumn,0,0,92,93.0,-1.0
2023-09-19,S005,P0006,Groceries,North,Autumn,0,0,140,116.8,23.2
2023-09-20,S005,P0006,Groceries,North,Autumn,0,0,114,123.2,-9.2
2023-09-21,S005,P0006,Groceries,North,Autumn,0,0,125,110.7,14.3
2023-09-22,S005,P0006,Groceries,North,Autumn,0,0,141,106.8,34.2
2023-09-23,S005,P0006,Groceries,North,Autumn,1,0,75,139.1,-64.1
2023-09-24,S005,P0006,Groceries,North,Autumn,0,0,118,108.0,10.0
2023-09-25,S005,P0006,Groceries,North,Autumn,1,0,122,134.0,-12.0
2023-09-26,S005,P0006,Groceries,North,Autumn,1,0,88,132.5,-44.5
2023-09-27,S005,P0006,Groceries,North,Autumn,1,0,252,144.9,107.1
2023-09-28,S005,P0006,Groceries,North,Autumn,1,0,127,136.7,-9.7
2023-09-29,S005,P0006,Groceries,North,Autumn,0,0,164,137.3,26.7
2023-09-30,S005,P0006,Groceries,North,Autumn,0,0,58,82.0,-24.0
2023-10-01,S005,P0006,Groceries,North,Autumn,0,0,64,84.3,-20.3
2023-10-02,S005,P0006,Groceries,North,Autumn,0,0,57,122.3,-65.3
2023-10-03,S005,P0006,Groceries,North,Autumn,0,0,122,114.2,7.8
2023-10-04,S005,P0006,Groceries,North,Autumn,1,0,123,138.4,-15.4
2023-10-05,S005,P0006,Groceries,North,Autumn,0,0,72,91.6,-19.6
2023-10-06,S005,P0006,Groceries,North,Autumn,0,0,169,116.2,52.8
2023-10-07,S005,P0006,Groceries,North,Autumn,0,1,86,81.8,4.2
2023-10-08,S005,P0006,Groceries,North,Autumn,0,1,44,72.2,-28.2
2023-10-09,S005,P0006,Groceries,North,Autumn,0,1,81,83.5,-2.5
2023-10-10,S005,P0006,Groceries,North,Autumn,1,1,99,113.0,-14.0
2023-10-11,S005,P0006,Groceries,North,Autumn,1,1,94,117.4,-23.4
2023-10-12,S005,P0006,Groceries,North,Autumn,0,1,88,81.0,7.0
2023-10-13,S005,P0006,Groceries,North,Autumn,0,1,51,76.9,-25.9
2023-10-14,S005,P0006,Groceries,North,Autumn,1,1,107,93.8,13.2
2023-10-15,S005,P0006,Groceries,North,Autumn,0,1,90,78.5,11.5
2023-10-16,S005,P0006,Groceries,North,Autumn,1,1,61,95.4,-34.4
2023-10-17,S005,P0006,Groceries,North,Autumn,0,1,117,103.6,13.4
2023-10-18,S005,P0006,Groceries,North,Autumn,1,1,80,96.3,-16.3
2023-10-19,S005,P0006,Groceries,North,Autumn,1,1,120,106.1,13.9
2023-10-20,S005,P0006,Groceries,North,Autumn,0,1,102,92.4,9.6
2023-10-21,S005,P0006,Groceries,North,Autumn,0,1,63,78.9,-15.9
2023-10-22,S005,P0006,Groceries,North,Autumn,1,1,66,96.0,-30.0
2023-10-23,S005,P0006,Groceries,North,Autumn,1,1,67,96.8,-29.8
2023-10-24,S005,P0006,Groceries,North,Autumn,0,1,47,78.5,-31.5
2023-10-25,S005,P0006,Groceries,North,Autumn,1,0,205,125.2,79.8
2023-10-26,S005,P0006,Groceries,North,Autumn,0,0,142,116.6,25.4
2023-10-27,S005,P0006,Groceries,North,Autumn,0,0,118,115.6,2.4
2023-10-28,S005,P0006,Groceries,North,Autumn,0,0,145,127.6,17.4
2023-10-29,S005,P0006,Groceries,North,Autumn,0,0,113,119.4,-6.4
2023-10-30,S005,P0006,Groceries,North,Autumn,0,0,143,110.8,32.2
2023-10-31,S005,P0006,Groceries,North,Autumn,0,0,88,85.0,3.0
2023-11-01,S005,P0006,Groceries,North,Autumn,0,0,95,94.9,0.1
2023-11-02,S005,P0006,Groceries,North,Autumn,0,0,113,124.2,-11.2
2023-11-03,S005,P0006,Groceries,North,Autumn,0,0,90,95.0,-5.0
2023-11-04,S005,P0006,Groceries,North,Autumn,0,0,94,92.7,1.3
2023-11-05,S005,P0006,Groceries,North,Autumn,0,0,50,91.0,-41.0
2023-11-06,S005,P0006,Groceries,North,Autumn,0,0,159,108.2,50.8
2023-11-07,S005,P0006,Groceries,North,Autumn,0,0,46,87.6,-41.6
2023-11-08,S005,P0006,Groceries,North,Autumn,0,0,130,118.0,12.0
2023-11-09,S005,P0006,Groceries,North,Autumn,1,0,172,135.2,36.8
2023-11-10,S005,P0006,Groceries,North,Autumn,1,0,168,140.2,27.8
2023-11-11,S005,P0006,Groceries,North,Autumn,0,0,112,94.7,17.3
2023-11-12,S005,P0006,Groceries,North,Autumn,1,0,143,128.6,14.4
2023-11-13,S005,P0006,Groceries,North,Autumn,1,0,140,140.6,-0.6
2023-11-14,S005,P0006,Groceries,North,Autumn,0,0,126,113.0,13.0
2023-11-15,S005,P0006,Groceries,North,Autumn,1,0,174,136.6,37.3
2023-11-16,S005,P0006,Groceries,North,Autumn,0,0,158,119.4,38.6
2023-11-17,S005,P0006,Groceries,North,Autumn,1,0,168,134.6,33.4
2023-11-18,S005,P0006,Groceries,North,Autumn,1,0,143,135.7,7.3
2023-11-19,S005,P0006,Groceries,North,Autumn,0,0,100,126.0,-26.0
2023-11-20,S005,P0006,Groceries,North,Autumn,0,0,162,115.0,47.0
2023-11-21,S005,P0006,Groceries,North,Autumn,0,0,106,120.5,-14.5
2023-11-22,S005,P0006,Groceries,North,Autumn,1,0,178,140.4,37.6
2023-11-23,S005,P0006,Groceries,North,Autumn,0,0,129,113.2,15.8
2023-11-24,S005,P0006,Groceries,North,Autumn,0,0,157,119.1,37.9
2023-11-25,S005,P0006,Groceries,North,Autumn,0,0,133,115.0,18.0
2023-11-26,S005,P0006,Groceries,North,Autumn,0,0,112,126.3,-14.3
2023-11-27,S005,P0006,Groceries,North,Autumn,1,0,255,174.8,80.2
2023-11-28,S005,P0006,Groceries,North,Autumn,1,0,85,128.1,-43.1
2023-11-29,S005,P0006,Groceries,North,Autumn,0,0,223,146.8,76.2
2023-11-30,S005,P0006,Groceries,North,Autumn,0,0,146,114.7,31.3
2023-12-01,S005,P0006,Groceries,North,Winter,0,0,174,144.9,29.1
2023-12-02,S005,P0006,Groceries,North,Winter,0,0,123,122.6,0.4
2023-12-03,S005,P0006,Groceries,North,Winter,1,0,218,156.1,61.9
2023-12-04,S005,P0006,Groceries,North,Winter,0,0,80,100.3,-20.3
2023-12-05,S005,P0006,Groceries,North,Winter,0,0,173,126.2,46.8
2023-12-06,S005,P0006,Groceries,North,Winter,1,0,199,189.4,9.6
2023-12-07,S005,P0006,Groceries,North,Winter,1,0,230,151.1,78.9
2023-12-08,S005,P0006,Groceries,North,Winter,1,0,121,131.3,-10.3
2023-12-09,S005,P0006,Groceries,North,Winter,1,0,95,130.0,-35.0
2023-12-10,S005,P0006,Groceries,North,Winter,0,0,88,92.3,-4.3
2023-12-11,S005,P0006,Groceries,North,Winter,0,0,85,97.1,-12.1
2023-12-12,S005,P0006,Groceries,North,Winter,1,0,193,188.4,4.6
2023-12-13,S005,P0006,Groceries,North,Winter,0,0,175,134.6,40.4
2023-12-14,S005,P0006,Groceries,North,Winter,0,0,131,119.8,11.2
2023-12-15,S005,P0006,Groceries,North,Winter,1,0,48,132.0,-84.0
2023-12-16,S005,P0006,Groceries,North,Winter,0,0,122,111.8,10.2
2023-12-17,S005,P0006,Groceries,North,Winter,1,0,151,133.9,17.1
2023-12-18,S005,P0006,Groceries,North,Winter,1,0,123,136.6,-13.6
2023-12-19,S005,P0006,Groceries,North,Winter,0,0,97,115.8,-18.8
2023-12-20,S005,P0006,Groceries,North,Winter,0,0,70,84.9,-14.9
2023-12-21,S005,P0006,Groceries,North,Winter,1,0,222,169.4,52.6
2023-12-22,S005,P0006,Groceries,North,Winter,0,0,133,134.1,-1.1
2023-12-23,S005,P0006,Groceries,North,Winter,0,0,119,99.6,19.4
2023-12-24,S005,P0006,Groceries,North,Winter,0,0,177,142.0,35.0
2023-12-25,S005,P0006,Groceries,North,Winter,0,0,177,129.6,47.4
2023-12-26,S005,P0006,Groceries,North,Winter,0,0,157,123.2,33.8
2023-12-27,S005,P0006,Groceries,North,Winter,0,1,77,79.8,-2.8
2023-12-28,S005,P0006,Groceries,North,Winter,0,1,112,97.4,14.7
2023-12-29,S005,P0006,Groceries,North,Winter,0,1,55,81.8,-26.8
2023-12-30,S005,P0006,Groceries,North,Winter,0,1,49,72.2,-23.2
2023-12-31,S005,P0006,Groceries,North,Winter,0,1,43,70.4,-27.4
2024-01-01,S005,P0006,Groceries,North,Winter,0,1,74,78.2,-4.2
2024-01-02,S005,P0006,Groceries,North,Winter,1,1,37,88.4,-51.4
2024-01-03,S005,P0006,Groceries,North,Winter,1,1,149,93.3,55.7
2024-01-04,S005,P0006,Groceries,North,Winter,1,1,122,93.5,28.5
2024-01-05,S005,P0006,Groceries,North,Winter,0,1,80,79.0,1.0
2024-01-06,S005,P0006,Groceries,North,Winter,0,1,90,72.1,17.9
2024-01-07,S005,P0006,Groceries,North,Winter,0,1,115,65.8,49.2
2024-01-08,S005,P0006,Groceries,North,Winter,1,1,80,93.4,-13.4
2024-01-09,S005,P0006,Groceries,North,Winter,0,0,93,90.8,2.2
2024-01-10,S005,P0006,Groceries,North,Winter,0,0,116,108.0,8.0
2024-01-11,S005,P0006,Groceries,North,Winter,0,0,96,93.5,2.5
2024-01-12,S005,P0006,Groceries,North,Winter,1,0,120,131.2,-11.2
2024-01-13,S005,P0006,Groceries,North,Winter,0,0,87,112.8,-25.8
2024-01-14,S005,P0006,Groceries,North,Winter,0,0,63,91.3,-28.3
2024-01-15,S005,P0006,Groceries,North,Winter,0,0,118,111.6,6.4
2024-01-16,S005,P0006,Groceries,North,Winter,0,0,63,87.9,-24.9
2024-01-17,S005,P0006,Groceries,North,Winter,0,0,108,107.2,0.8
2024-01-18,S005,P0006,Groceries,North,Winter,0,0,83,113.5,-30.5
2024-01-19,S005,P0006,Groceries,North,Winter,0,0,73,91.0,-18.0
2024-01-20,S005,P0006,Groceries,North,Winter,0,0,84,101.3,-17.3
2024-01-21,S005,P0006,Groceries,North,Winter,1,0,148,122.5,25.5
2024-01-22,S005,P0006,Groceries,North,Winter,0,0,123,122.3,0.7
2024-01-23,S005,P0006,Groceries,North,Winter,1,0,134,131.3,2.7
2024-01-24,S005,P0006,Groceries,North,Winter,1,0,167,144.5,22.5
2024-01-25,S005,P0006,Groceries,North,Winter,1,0,141,139.8,1.2
2024-01-26,S005,P0006,Groceries,North,Winter,0,0,76,95.0,-19.0
2024-01-27,S005,P0006,Groceries,North,Winter,0,0,142,112.6,29.4
2024-01-28,S005,P0006,Groceries,North,Winter,1,0,112,143.0,-31.0
2024-01-29,S005,P0006,Groceries,North,Winter,0,0,78,88.2,-10.2
2024-01-30,S005,P0006,Groceries,North,Winter,0,0,163,117.6,45.4
2023-09-07,S005,P0007,Groceries,North,Autumn,1,0,173,144.6,28.4
2023-09-08,S005,P0007,Groceries,North,Autumn,1,0,116,142.0,-26.0
2023-09-09,S005,P0007,Groceries,North,Autumn,1,0,146,144.4,1.6
2023-09-10,S005,P0007,Groceries,North,Autumn,0,0,111,107.4,3.6
2023-09-11,S005,P0007,Groceries,North,Autumn,0,0,160,161.7,-1.7
2023-09-12,S005,P0007,Groceries,North,Autumn,0,0,81,108.9,-27.9
2023-09-13,S005,P0007,Groceries,North,Autumn,0,0,125,107.4,17.6
2023-09-14,S005,P0007,Groceries,North,Autumn,1,0,142,173.4,-31.4
2023-09-15,S005,P0007,Groceries,North,Autumn,1,0,200,181.3,18.7
2023-09-16,S005,P0007,Groceries,North,Autumn,0,0,105,108.1,-3.1
2023-09-17,S005,P0007,Groceries,North,Autumn,0,0,151,126.7,24.3
2023-09-18,S005,P0007,Groceries,North,Autumn,1,0,109,144.2,-35.2
2023-09-19,S005,P0007,Groceries,North,Autumn,1,0,96,146.2,-50.2
2023-09-20,S005,P0007,Groceries,North,Autumn,0,0,135,135.9,-0.9
2023-09-21,S005,P0007,Groceries,North,Autumn,0,0,113,110.4,2.6
2023-09-22,S005,P0007,Groceries,North,Autumn,0,0,51,105.8,-54.8
2023-09-23,S005,P0007,Groceries,North,Autumn,1,0,94,164.6,-70.6
2023-09-24,S005,P0007,Groceries,North,Autumn,0,0,68,107.2,-39.2
2023-09-25,S005,P0007,Groceries,North,Autumn,0,0,52,104.1,-52.1
2023-09-26,S005,P0007,Groceries,North,Autumn,0,0,55,124.8,-69.8
2023-09-27,S005,P0007,Groceries,North,Autumn,0,0,140,114.5,25.5
2023-09-28,S005,P0007,Groceries,North,Autumn,1,0,159,140.9,18.1
2023-09-29,S005,P0007,Groceries,North,Autumn,0,0,125,126.1,-1.1
2023-09-30,S005,P0007,Groceries,North,Autumn,0,0,99,108.8,-9.8
2023-10-01,S005,P0007,Groceries,North,Autumn,1,0,221,151.3,69.7
2023-10-02,S005,P0007,Groceries,North,Autumn,1,0,249,207.8,41.2
2023-10-03,S005,P0007,Groceries,North,Autumn,0,0,124,112.3,11.7
2023-10-04,S005,P0007,Groceries,North,Autumn,0,0,69,110.5,-41.5
2023-10-05,S005,P0007,Groceries,North,Autumn,0,0,125,118.7,6.3
2023-10-06,S005,P0007,Groceries,North,Autumn,1,0,118,139.7,-21.7
2023-10-07,S005,P0007,Groceries,North,Autumn,1,1,108,132.0,-24.0
2023-10-08,S005,P0007,Groceries,North,Autumn,0,1,50,103.6,-53.6
2023-10-09,S005,P0007,Groceries,North,Autumn,0,1,42,85.7,-43.7
2023-10-10,S005,P0007,Groceries,North,Autumn,1,1,82,98.3,-16.3
2023-10-11,S005,P0007,Groceries,North,Autumn,1,1,88,114.7,-26.7
2023-10-12,S005,P0007,Groceries,North,Autumn,0,1,48,75.0,-27.0
2023-10-13,S005,P0007,Groceries,North,Autumn,0,1,53,70.8,-17.8
2023-10-14,S005,P0007,Groceries,North,Autumn,1,1,45,95.4,-50.4
2023-10-15,S005,P0007,Groceries,North,Autumn,0,1,108,81.9,26.1
2023-10-16,S005,P0007,Groceries,North,Autumn,0,1,112,98.2,13.8
2023-10-17,S005,P0007,Groceries,North,Autumn,0,1,61,95.9,-34.9
2023-10-18,S005,P0007,Groceries,North,Autumn,1,1,110,99.1,10.9
2023-10-19,S005,P0007,Groceries,North,Autumn,0,1,91,97.9,-6.9
2023-10-20,S005,P0007,Groceries,North,Autumn,0,1,88,93.2,-5.2
2023-10-21,S005,P0007,Groceries,North,Autumn,1,1,102,114.2,-12.2
2023-10-22,S005,P0007,Groceries,North,Autumn,0,1,57,87.7,-30.7
2023-10-23,S005,P0007,Groceries,North,Autumn,0,1,86,82.1,3.9
2023-10-24,S005,P0007,Groceries,North,Autumn,0,1,55,81.8,-26.8
2023-10-25,S005,P0007,Groceries,North,Autumn,1,0,97,123.7,-26.7
2023-10-26,S005,P0007,Groceries,North,Autumn,0,0,108,115.7,-7.7
2023-10-27,S005,P0007,Groceries,North,Autumn,0,0,196,133.3,62.7
2023-10-28,S005,P0007,Groceries,North,Autumn,0,0,167,145.3,21.7
2023-10-29,S005,P0007,Groceries,North,Autumn,0,0,103,130.3,-27.3
2023-10-30,S005,P0007,Groceries,North,Autumn,0,0,111,108.8,2.2
2023-10-31,S005,P0007,Groceries,North,Autumn,0,0,40,100.8,-60.8
2023-11-01,S005,P0007,Groceries,North,Autumn,0,0,84,105.4,-21.4
2023-11-02,S005,P0007,Groceries,North,Autumn,0,0,230,174.9,55.1
2023-11-03,S005,P0007,Groceries,North,Autumn,0,0,155,116.9,38.1
2023-11-04,S005,P0007,Groceries,North,Autumn,0,0,69,104.5,-35.5
2023-11-05,S005,P0007,Groceries,North,Autumn,1,0,118,133.8,-15.8
2023-11-06,S005,P0007,Groceries,North,Autumn,0,0,108,107.5,0.5
2023-11-07,S005,P0007,Groceries,North,Autumn,1,0,235,164.5,70.5
2023-11-08,S005,P0007,Groceries,North,Autumn,0,0,142,139.5,2.5
2023-11-09,S005,P0007,Groceries,North,Autumn,0,0,151,113.9,37.1
2023-11-10,S005,P0007,Groceries,North,Autumn,0,0,140,112.6,27.4
2023-11-11,S005,P0007,Groceries,North,Autumn,0,0,139,111.5,27.5
2023-11-12,S005,P0007,Groceries,North,Autumn,0,0,76,104.3,-28.3
2023-11-13,S005,P0007,Groceries,North,Autumn,1,0,114,141.1,-27.1
2023-11-14,S005,P0007,Groceries,North,Autumn,0,0,113,112.6,0.4
2023-11-15,S005,P0007,Groceries,North,Autumn,0,0,156,139.7,16.3
2023-11-16,S005,P0007,Groceries,North,Autumn,1,0,149,149.2,-0.2
2023-11-17,S005,P0007,Groceries,North,Autumn,1,0,148,163.7,-15.7
2023-11-18,S005,P0007,Groceries,North,Autumn,1,0,124,142.4,-18.4
2023-11-19,S005,P0007,Groceries,North,Autumn,0,0,154,136.2,17.8
2023-11-20,S005,P0007,Groceries,North,Autumn,0,0,141,112.7,28.3
2023-11-21,S005,P0007,Groceries,North,Autumn,1,0,59,157.2,-98.2
2023-11-22,S005,P0007,Groceries,North,Autumn,1,0,179,176.6,2.4
2023-11-23,S005,P0007,Groceries,North,Autumn,1,0,115,135.8,-20.8
2023-11-24,S005,P0007,Groceries,North,Autumn,0,0,79,108.2,-29.2
2023-11-25,S005,P0007,Groceries,North,Autumn,0,0,124,107.2,16.8
2023-11-26,S005,P0007,Groceries,North,Autumn,1,0,100,161.3,-61.3
2023-11-27,S005,P0007,Groceries,North,Autumn,0,0,133,132.3,0.7
2023-11-28,S005,P0007,Groceries,North,Autumn,0,0,86,105.9,-19.9
2023-11-29,S005,P0007,Groceries,North,Autumn,0,0,130,135.4,-5.4
2023-11-30,S005,P0007,Groceries,North,Autumn,0,0,62,111.0,-49.0
2023-12-01,S005,P0007,Groceries,North,Winter,0,0,102,127.5,-25.5
2023-12-02,S005,P0007,Groceries,North,Winter,1,0,95,141.0,-45.9
2023-12-03,S005,P0007,Groceries,North,Winter,0,0,131,114.8,16.2
2023-12-04,S005,P0007,Groceries,North,Winter,0,0,100,111.9,-11.9
2023-12-05,S005,P0007,Groceries,North,Winter,0,0,58,109.5,-51.5
2023-12-06,S005,P0007,Groceries,North,Winter,1,0,205,174.6,30.4
2023-12-07,S005,P0007,Groceries,North,Winter,1,0,142,152.1,-10.1
2023-12-08,S005,P0007,Groceries,North,Winter,0,0,151,130.6,20.4
2023-12-09,S005,P0007,Groceries,North,Winter,0,0,74,105.3,-31.3
2023-12-10,S005,P0007,Groceries,North,Winter,1,0,124,134.1,-10.1
2023-12-11,S005,P0007,Groceries,North,Winter,1,0,46,130.4,-84.4
2023-12-12,S005,P0007,Groceries,North,Winter,0,0,156,146.2,9.8
2023-12-13,S005,P0007,Groceries,North,Winter,0,0,158,135.4,22.6
2023-12-14,S005,P0007,Groceries,North,Winter,0,0,46,123.7,-77.7
2023-12-15,S005,P0007,Groceries,North,Winter,1,0,73,134.4,-61.4
2023-12-16,S005,P0007,Groceries,North,Winter,1,0,111,141.0,-30.1
2023-12-17,S005,P0007,Groceries,North,Winter,0,0,126,126.0,0.0
2023-12-18,S005,P0007,Groceries,North,Winter,0,0,172,150.5,21.5
2023-12-19,S005,P0007,Groceries,North,Winter,1,0,144,165.8,-21.8
2023-12-20,S005,P0007,Groceries,North,Winter,0,0,151,111.0,40.0
2023-12-21,S005,P0007,Groceries,North,Winter,0,0,101,127.8,-26.8
2023-12-22,S005,P0007,Groceries,North,Winter,0,0,169,143.0,26.1
2023-12-23,S005,P0007,Groceries,North,Winter,1,0,130,137.9,-7.9
2023-12-24,S005,P0007,Groceries,North,Winter,1,0,162,180.0,-18.0
2023-12-25,S005,P0007,Groceries,North,Winter,0,0,42,105.0,-63.0
2023-12-26,S005,P0007,Groceries,North,Winter,0,0,49,104.7,-55.7
2023-12-27,S005,P0007,Groceries,North,Winter,0,1,91,92.8,-1.8
2023-12-28,S005,P0007,Groceries,North,Winter,0,1,65,99.1,-34.1
2023-12-29,S005,P0007,Groceries,North,Winter,0,1,86,98.5,-12.5
2023-12-30,S005,P0007,Groceries,North,Winter,0,1,62,77.4,-15.4
2023-12-31,S005,P0007,Groceries,North,Winter,0,1,69,79.3,-10.3
2024-01-01,S005,P0007,Groceries,North,Winter,1,1,116,98.3,17.7
2024-01-02,S005,P0007,Groceries,North,Winter,0,1,60,72.6,-12.6
2024-01-03,S005,P0007,Groceries,North,Winter,1,1,88,95.6,-7.6
2024-01-04,S005,P0007,Groceries,North,Winter,1,1,111,100.9,10.1
2024-01-05,S005,P0007,Groceries,North,Winter,0,1,70,82.7,-12.7
2024-01-06,S005,P0007,Groceries,North,Winter,0,1,80,70.8,9.2
2024-01-07,S005,P0007,Groceries,North,Winter,0,1,53,71.3,-18.3
2024-01-08,S005,P0007,Groceries,North,Winter,0,1,56,72.2,-16.2
2024-01-09,S005,P0007,Groceries,North,Winter,0,0,111,95.1,15.9
2024-01-10,S005,P0007,Groceries,North,Winter,1,0,154,153.9,0.1
2024-01-11,S005,P0007,Groceries,North,Winter,0,0,126,106.3,19.7
2024-01-12,S005,P0007,Groceries,North,Winter,0,0,105,108.3,-3.3
2024-01-13,S005,P0007,Groceries,North,Winter,1,0,196,173.3,22.7
2024-01-14,S005,P0007,Groceries,North,Winter,0,0,143,141.6,1.4
2024-01-15,S005,P0007,Groceries,North,Winter,0,0,95,108.6,-13.6
2024-01-16,S005,P0007,Groceries,North,Winter,1,0,195,138.0,57.1
2024-01-17,S005,P0007,Groceries,North,Winter,1,0,90,143.2,-53.2
2024-01-18,S005,P0007,Groceries,North,Winter,0,0,138,133.4,4.6
2024-01-19,S005,P0007,Groceries,North,Winter,0,0,51,103.6,-52.6
2024-01-20,S005,P0007,Groceries,North,Winter,1,0,81,159.2,-78.2
2024-01-21,S005,P0007,Groceries,North,Winter,0,0,142,115.7,26.3
2024-01-22,S005,P0007,Groceries,North,Winter,0,0,80,129.7,-49.7
2024-01-23,S005,P0007,Groceries,North,Winter,0,0,65,103.0,-38.0
2024-01-24,S005,P0007,Groceries,North,Winter,0,0,56,106.2,-50.2
2024-01-25,S005,P0007,Groceries,North,Winter,1,0,37,177.0,-140.0
2024-01-26,S005,P0007,Groceries,North,Winter,0,0,99,104.7,-5.7
2024-01-27,S005,P0007,Groceries,North,Winter,1,0,92,141.5,-49.5
2024-01-28,S005,P0007,Groceries,North,Winter,0,0,96,101.3,-5.3
2024-01-29,S005,P0007,Groceries,North,Winter,0,0,133,119.1,13.9
2024-01-30,S005,P0007,Groceries,North,Winter,0,0,56,98.6,-42.6
2023-09-07,S005,P0008,Groceries,North,Autumn,1,0,233,139.9,93.1
2023-09-08,S005,P0008,Groceries,North,Autumn,1,0,98,125.8,-27.8
2023-09-09,S005,P0008,Groceries,North,Autumn,0,0,80,91.5,-11.5
2023-09-10,S005,P0008,Groceries,North,Autumn,1,0,155,137.3,17.7
2023-09-11,S005,P0008,Groceries,North,Autumn,0,0,96,118.6,-22.6
2023-09-12,S005,P0008,Groceries,North,Autumn,1,0,147,140.0,7.0
2023-09-13,S005,P0008,Groceries,North,Autumn,0,0,118,110.3,7.7
2023-09-14,S005,P0008,Groceries,North,Autumn,0,0,102,116.7,-14.7
2023-09-15,S005,P0008,Groceries,North,Autumn,0,0,65,90.6,-25.7
2023-09-16,S005,P0008,Groceries,North,Autumn,0,0,102,111.4,-9.4
2023-09-17,S005,P0008,Groceries,North,Autumn,0,0,87,96.2,-9.2
2023-09-18,S005,P0008,Groceries,North,Autumn,0,0,105,109.6,-4.6
2023-09-19,S005,P0008,Groceries,North,Autumn,1,0,154,140.9,13.1
2023-09-20,S005,P0008,Groceries,North,Autumn,0,0,149,126.6,22.4
2023-09-21,S005,P0008,Groceries,North,Autumn,1,0,194,144.4,49.7
2023-09-22,S005,P0008,Groceries,North,Autumn,1,0,208,139.3,68.7
2023-09-23,S005,P0008,Groceries,North,Autumn,0,0,201,140.0,61.0
2023-09-24,S005,P0008,Groceries,North,Autumn,0,0,98,113.9,-15.9
2023-09-25,S005,P0008,Groceries,North,Autumn,1,0,64,136.0,-71.9
2023-09-26,S005,P0008,Groceries,North,Autumn,0,0,97,112.2,-15.2
2023-09-27,S005,P0008,Groceries,North,Autumn,1,0,220,146.0,74.0
2023-09-28,S005,P0008,Groceries,North,Autumn,0,0,104,105.6,-1.6
2023-09-29,S005,P0008,Groceries,North,Autumn,0,0,31,113.8,-82.8
2023-09-30,S005,P0008,Groceries,North,Autumn,0,0,50,86.6,-36.6
2023-10-01,S005,P0008,Groceries,North,Autumn,1,0,156,132.8,23.2
2023-10-02,S005,P0008,Groceries,North,Autumn,1,0,174,167.1,6.9
2023-10-03,S005,P0008,Groceries,North,Autumn,0,0,84,105.3,-21.3
2023-10-04,S005,P0008,Groceries,North,Autumn,1,0,183,146.8,36.2
2023-10-05,S005,P0008,Groceries,North,Autumn,0,0,88,107.3,-19.3
2023-10-06,S005,P0008,Groceries,North,Autumn,0,0,104,108.8,-4.8
2023-10-07,S005,P0008,Groceries,North,Autumn,0,1,72,83.8,-11.8
2023-10-08,S005,P0008,Groceries,North,Autumn,1,1,126,120.4,5.6
2023-10-09,S005,P0008,Groceries,North,Autumn,0,1,51,75.7,-24.7
2023-10-10,S005,P0008,Groceries,North,Autumn,0,1,84,84.5,-0.5
2023-10-11,S005,P0008,Groceries,North,Autumn,0,1,76,80.0,-4.0
2023-10-12,S005,P0008,Groceries,North,Autumn,1,1,39,91.8,-52.8
2023-10-13,S005,P0008,Groceries,North,Autumn,0,1,85,82.9,2.1
2023-10-14,S005,P0008,Groceries,North,Autumn,0,1,82,81.2,0.8
2023-10-15,S005,P0008,Groceries,North,Autumn,0,1,91,74.9,16.1
2023-10-16,S005,P0008,Groceries,North,Autumn,0,1,62,85.5,-23.5
2023-10-17,S005,P0008,Groceries,North,Autumn,0,1,103,102.8,0.2
2023-10-18,S005,P0008,Groceries,North,Autumn,1,1,90,95.5,-5.5
2023-10-19,S005,P0008,Groceries,North,Autumn,1,1,91,105.9,-14.9
2023-10-20,S005,P0008,Groceries,North,Autumn,0,1,104,92.5,11.5
2023-10-21,S005,P0008,Groceries,North,Autumn,1,1,88,115.1,-27.1
2023-10-22,S005,P0008,Groceries,North,Autumn,0,1,72,80.7,-8.7
2023-10-23,S005,P0008,Groceries,North,Autumn,1,1,82,95.3,-13.3
2023-10-24,S005,P0008,Groceries,North,Autumn,0,1,51,78.2,-27.2
2023-10-25,S005,P0008,Groceries,North,Autumn,0,0,105,117.2,-12.2
2023-10-26,S005,P0008,Groceries,North,Autumn,0,0,106,111.4,-5.4
2023-10-27,S005,P0008,Groceries,North,Autumn,1,0,200,176.8,23.2
2023-10-28,S005,P0008,Groceries,North,Autumn,0,0,179,136.0,43.0
2023-10-29,S005,P0008,Groceries,North,Autumn,0,0,119,130.5,-11.5
2023-10-30,S005,P0008,Groceries,North,Autumn,0,0,96,102.0,-6.0
2023-10-31,S005,P0008,Groceries,North,Autumn,0,0,85,101.0,-16.0
2023-11-01,S005,P0008,Groceries,North,Autumn,0,0,113,109.7,3.3
2023-11-02,S005,P0008,Groceries,North,Autumn,0,0,104,117.5,-13.5
2023-11-03,S005,P0008,Groceries,North,Autumn,1,0,188,138.8,49.2
2023-11-04,S005,P0008,Groceries,North,Autumn,0,0,145,111.8,33.2
2023-11-05,S005,P0008,Groceries,North,Autumn,1,0,90,130.6,-40.6
2023-11-06,S005,P0008,Groceries,North,Autumn,0,0,66,89.5,-23.5
2023-11-07,S005,P0008,Groceries,North,Autumn,0,0,130,113.7,16.3
2023-11-08,S005,P0008,Groceries,North,Autumn,0,0,130,130.9,-0.9
2023-11-09,S005,P0008,Groceries,North,Autumn,1,0,198,146.8,51.2
2023-11-10,S005,P0008,Groceries,North,Autumn,1,0,150,128.6,21.4
2023-11-11,S005,P0008,Groceries,North,Autumn,0,0,67,89.2,-22.2
2023-11-12,S005,P0008,Groceries,North,Autumn,1,0,122,127.6,-5.5
2023-11-13,S005,P0008,Groceries,North,Autumn,1,0,146,141.6,4.4
2023-11-14,S005,P0008,Groceries,North,Autumn,0,0,99,107.7,-8.7
2023-11-15,S005,P0008,Groceries,North,Autumn,0,0,114,108.8,5.2
2023-11-16,S005,P0008,Groceries,North,Autumn,0,0,162,112.5,49.5
2023-11-17,S005,P0008,Groceries,North,Autumn,1,0,143,133.3,9.7
2023-11-18,S005,P0008,Groceries,North,Autumn,1,0,112,132.4,-20.4
2023-11-19,S005,P0008,Groceries,North,Autumn,0,0,107,117.9,-10.9
2023-11-20,S005,P0008,Groceries,North,Autumn,1,0,88,126.6,-38.6
2023-11-21,S005,P0008,Groceries,North,Autumn,0,0,105,130.7,-25.7
2023-11-22,S005,P0008,Groceries,North,Autumn,0,0,57,94.6,-37.6
2023-11-23,S005,P0008,Groceries,North,Autumn,0,0,126,115.2,10.8
2023-11-24,S005,P0008,Groceries,North,Autumn,1,0,218,153.2,64.8
2023-11-25,S005,P0008,Groceries,North,Autumn,0,0,43,90.9,-47.9
2023-11-26,S005,P0008,Groceries,North,Autumn,0,0,97,123.0,-26.0
2023-11-27,S005,P0008,Groceries,North,Autumn,0,0,140,132.2,7.8
2023-11-28,S005,P0008,Groceries,North,Autumn,0,0,88,105.5,-17.5
2023-11-29,S005,P0008,Groceries,North,Autumn,0,0,101,119.8,-18.8
2023-11-30,S005,P0008,Groceries,North,Autumn,0,0,79,96.0,-17.0
2023-12-01,S005,P0008,Groceries,North,Winter,0,0,165,129.4,35.7
2023-12-02,S005,P0008,Groceries,North,Winter,0,0,110,109.4,0.6
2023-12-03,S005,P0008,Groceries,North,Winter,0,0,134,121.7,12.3
2023-12-04,S005,P0008,Groceries,North,Winter,1,0,115,146.4,-31.4
2023-12-05,S005,P0008,Groceries,North,Winter,1,0,212,149.6,62.4
2023-12-06,S005,P0008,Groceries,North,Winter,0,0,172,133.9,38.1
2023-12-07,S005,P0008,Groceries,North,Winter,0,0,189,111.8,77.2
2023-12-08,S005,P0008,Groceries,North,Winter,0,0,54,87.6,-33.7
2023-12-09,S005,P0008,Groceries,North,Winter,0,0,96,96.9,-0.9
2023-12-10,S005,P0008,Groceries,North,Winter,0,0,110,106.4,3.6
2023-12-11,S005,P0008,Groceries,North,Winter,0,0,35,81.8,-46.8
2023-12-12,S005,P0008,Groceries,North,Winter,1,0,237,178.4,58.6
2023-12-13,S005,P0008,Groceries,North,Winter,0,0,103,118.9,-15.9
2023-12-14,S005,P0008,Groceries,North,Winter,1,0,182,166.5,15.5
2023-12-15,S005,P0008,Groceries,North,Winter,1,0,37,127.0,-90.0
2023-12-16,S005,P0008,Groceries,North,Winter,0,0,159,119.4,39.6
2023-12-17,S005,P0008,Groceries,North,Winter,1,0,122,142.2,-20.2
2023-12-18,S005,P0008,Groceries,North,Winter,0,0,180,118.8,61.2
2023-12-19,S005,P0008,Groceries,North,Winter,0,0,139,134.6,4.4
2023-12-20,S005,P0008,Groceries,North,Winter,1,0,119,137.5,-18.5
2023-12-21,S005,P0008,Groceries,North,Winter,0,0,82,113.5,-31.5
2023-12-22,S005,P0008,Groceries,North,Winter,1,0,179,183.7,-4.7
2023-12-23,S005,P0008,Groceries,North,Winter,1,0,158,139.2,18.8
2023-12-24,S005,P0008,Groceries,North,Winter,0,0,127,131.1,-4.1
2023-12-25,S005,P0008,Groceries,North,Winter,0,0,71,85.4,-14.4
2023-12-26,S005,P0008,Groceries,North,Winter,1,0,210,144.6,65.4
2023-12-27,S005,P0008,Groceries,North,Winter,0,1,84,100.1,-16.1
2023-12-28,S005,P0008,Groceries,North,Winter,0,1,66,82.7,-16.7
2023-12-29,S005,P0008,Groceries,North,Winter,0,1,113,93.9,19.1
2023-12-30,S005,P0008,Groceries,North,Winter,0,1,54,75.0,-21.0
2023-12-31,S005,P0008,Groceries,North,Winter,0,1,101,86.4,14.6
2024-01-01,S005,P0008,Groceries,North,Winter,0,1,28,68.1,-40.1
2024-01-02,S005,P0008,Groceries,North,Winter,0,1,75,83.1,-8.1
2024-01-03,S005,P0008,Groceries,North,Winter,1,1,172,88.3,83.7
2024-01-04,S005,P0008,Groceries,North,Winter,1,1,88,91.4,-3.4
2024-01-05,S005,P0008,Groceries,North,Winter,1,1,81,107.4,-26.4
2024-01-06,S005,P0008,Groceries,North,Winter,0,1,87,70.6,16.4
2024-01-07,S005,P0008,Groceries,North,Winter,0,1,90,68.2,21.8
2024-01-08,S005,P0008,Groceries,North,Winter,0,1,55,68.6,-13.6
2024-01-09,S005,P0008,Groceries,North,Winter,1,0,129,125.2,3.8
2024-01-10,S005,P0008,Groceries,North,Winter,0,0,78,98.6,-20.7
2024-01-11,S005,P0008,Groceries,North,Winter,1,0,236,134.3,101.7
2024-01-12,S005,P0008,Groceries,North,Winter,0,0,134,115.2,18.8
2024-01-13,S005,P0008,Groceries,North,Winter,0,0,132,127.4,4.6
2024-01-14,S005,P0008,Groceries,North,Winter,0,0,101,104.4,-3.5
2024-01-15,S005,P0008,Groceries,North,Winter,0,0,131,117.8,13.2
2024-01-16,S005,P0008,Groceries,North,Winter,1,0,145,131.0,14.1
2024-01-17,S005,P0008,Groceries,North,Winter,1,0,133,142.0,-9.0
2024-01-18,S005,P0008,Groceries,North,Winter,0,0,132,127.5,4.5
2024-01-19,S005,P0008,Groceries,North,Winter,0,0,168,109.2,58.8
2024-01-20,S005,P0008,Groceries,North,Winter,0,0,127,122.1,4.9
2024-01-21,S005,P0008,Groceries,North,Winter,0,0,162,112.2,49.8
2024-01-22,S005,P0008,Groceries,North,Winter,0,0,193,137.9,55.1
2024-01-23,S005,P0008,Groceries,North,Winter,1,0,139,130.0,9.0
2024-01-24,S005,P0008,Groceries,North,Winter,1,0,146,149.4,-3.4
2024-01-25,S005,P0008,Groceries,North,Winter,0,0,148,134.4,13.6
2024-01-26,S005,P0008,Groceries,North,Winter,0,0,122,112.7,9.3
2024-01-27,S005,P0008,Groceries,North,Winter,1,0,119,137.9,-18.9
2024-01-28,S005,P0008,Groceries,North,Winter,0,0,133,111.6,21.4
2024-01-29,S005,P0008,Groceries,North,Winter,0,0,169,109.7,59.3
2024-01-30,S005,P0008,Groceries,North,Winter,0,0,81,101.6,-20.6
2023-09-07,S005,P0009,Groceries,North,Autumn,0,0,105,112.8,-7.8
2023-09-08,S005,P0009,Groceries,North,Autumn,0,0,69,103.0,-34.0
2023-09-09,S005,P0009,Groceries,North,Autumn,1,0,107,154.1,-47.1
2023-09-10,S005,P0009,Groceries,North,Autumn,0,0,127,136.8,-9.8
2023-09-11,S005,P0009,Groceries,North,Autumn,1,0,247,234.7,12.3
2023-09-12,S005,P0009,Groceries,North,Autumn,1,0,179,212.2,-33.2
2023-09-13,S005,P0009,Groceries,North,Autumn,1,0,103,142.1,-39.1
2023-09-14,S005,P0009,Groceries,North,Autumn,0,0,106,124.9,-18.9
2023-09-15,S005,P0009,Groceries,North,Autumn,1,0,170,180.4,-10.3
2023-09-16,S005,P0009,Groceries,North,Autumn,0,0,120,112.0,8.0
2023-09-17,S005,P0009,Groceries,North,Autumn,1,0,167,175.8,-8.8
2023-09-18,S005,P0009,Groceries,North,Autumn,1,0,125,146.6,-21.6
2023-09-19,S005,P0009,Groceries,North,Autumn,0,0,85,106.5,-21.5
2023-09-20,S005,P0009,Groceries,North,Autumn,0,0,65,114.3,-49.3
2023-09-21,S005,P0009,Groceries,North,Autumn,0,0,68,105.1,-37.1
2023-09-22,S005,P0009,Groceries,North,Autumn,0,0,108,109.8,-1.8
2023-09-23,S005,P0009,Groceries,North,Autumn,1,0,181,202.3,-21.3
2023-09-24,S005,P0009,Groceries,North,Autumn,0,0,53,100.9,-47.9
2023-09-25,S005,P0009,Groceries,North,Autumn,0,0,75,99.4,-24.4
2023-09-26,S005,P0009,Groceries,North,Autumn,0,0,81,117.6,-36.6
2023-09-27,S005,P0009,Groceries,North,Autumn,0,0,145,139.7,5.3
2023-09-28,S005,P0009,Groceries,North,Autumn,0,0,70,107.7,-37.7
2023-09-29,S005,P0009,Groceries,North,Autumn,0,0,104,125.3,-21.3
2023-09-30,S005,P0009,Groceries,North,Autumn,0,0,94,111.5,-17.5
2023-10-01,S005,P0009,Groceries,North,Autumn,0,0,107,137.7,-30.7
2023-10-02,S005,P0009,Groceries,North,Autumn,1,0,211,208.5,2.5
2023-10-03,S005,P0009,Groceries,North,Autumn,1,0,141,168.2,-27.2
2023-10-04,S005,P0009,Groceries,North,Autumn,0,0,170,167.3,2.7
2023-10-05,S005,P0009,Groceries,North,Autumn,0,0,52,102.0,-50.0
2023-10-06,S005,P0009,Groceries,North,Autumn,0,0,45,102.9,-57.9
2023-10-07,S005,P0009,Groceries,North,Autumn,0,1,64,89.7,-25.7
2023-10-08,S005,P0009,Groceries,North,Autumn,1,1,164,162.3,1.7
2023-10-09,S005,P0009,Groceries,North,Autumn,0,1,91,112.1,-21.1
2023-10-10,S005,P0009,Groceries,North,Autumn,0,1,57,87.4,-30.4
2023-10-11,S005,P0009,Groceries,North,Autumn,0,1,89,108.9,-19.9
2023-10-12,S005,P0009,Groceries,North,Autumn,0,1,75,90.9,-15.9
2023-10-13,S005,P0009,Groceries,North,Autumn,0,1,38,78.7,-40.7
2023-10-14,S005,P0009,Groceries,North,Autumn,1,1,31,93.8,-62.8
2023-10-15,S005,P0009,Groceries,North,Autumn,0,1,86,85.5,0.5
2023-10-16,S005,P0009,Groceries,North,Autumn,0,1,93,98.8,-5.8
2023-10-17,S005,P0009,Groceries,North,Autumn,0,1,75,99.2,-24.2
2023-10-18,S005,P0009,Groceries,North,Autumn,1,1,115,134.2,-19.2
2023-10-19,S005,P0009,Groceries,North,Autumn,0,1,109,106.9,2.1
2023-10-20,S005,P0009,Groceries,North,Autumn,0,1,80,102.8,-22.8
2023-10-21,S005,P0009,Groceries,North,Autumn,1,1,139,142.2,-3.2
2023-10-22,S005,P0009,Groceries,North,Autumn,0,1,98,97.8,0.2
2023-10-23,S005,P0009,Groceries,North,Autumn,1,1,78,127.1,-49.1
2023-10-24,S005,P0009,Groceries,North,Autumn,0,1,46,80.3,-34.3
2023-10-25,S005,P0009,Groceries,North,Autumn,0,0,190,168.0,21.9
2023-10-26,S005,P0009,Groceries,North,Autumn,1,0,122,146.4,-24.4
2023-10-27,S005,P0009,Groceries,North,Autumn,1,0,133,176.2,-43.2
2023-10-28,S005,P0009,Groceries,North,Autumn,1,0,220,204.6,15.4
2023-10-29,S005,P0009,Groceries,North,Autumn,0,0,171,153.3,17.7
2023-10-30,S005,P0009,Groceries,North,Autumn,0,0,81,104.9,-23.9
2023-10-31,S005,P0009,Groceries,North,Autumn,0,0,118,107.3,10.7
2023-11-01,S005,P0009,Groceries,North,Autumn,0,0,110,105.9,4.1
2023-11-02,S005,P0009,Groceries,North,Autumn,1,0,161,171.4,-10.4
2023-11-03,S005,P0009,Groceries,North,Autumn,1,0,74,133.9,-59.9
2023-11-04,S005,P0009,Groceries,North,Autumn,1,0,58,136.0,-78.0
2023-11-05,S005,P0009,Groceries,North,Autumn,0,0,139,145.8,-6.8
2023-11-06,S005,P0009,Groceries,North,Autumn,0,0,98,107.1,-9.1
2023-11-07,S005,P0009,Groceries,North,Autumn,0,0,80,107.7,-27.7
2023-11-08,S005,P0009,Groceries,North,Autumn,1,0,125,170.1,-45.1
2023-11-09,S005,P0009,Groceries,North,Autumn,0,0,146,143.7,2.3
2023-11-10,S005,P0009,Groceries,North,Autumn,0,0,103,119.4,-16.3
2023-11-11,S005,P0009,Groceries,North,Autumn,0,0,87,109.2,-22.2
2023-11-12,S005,P0009,Groceries,North,Autumn,0,0,50,101.6,-51.6
2023-11-13,S005,P0009,Groceries,North,Autumn,1,0,67,142.2,-75.2
2023-11-14,S005,P0009,Groceries,North,Autumn,1,0,186,187.5,-1.5
2023-11-15,S005,P0009,Groceries,North,Autumn,0,0,42,99.0,-57.0
2023-11-16,S005,P0009,Groceries,North,Autumn,0,0,129,133.2,-4.2
2023-11-17,S005,P0009,Groceries,North,Autumn,0,0,112,108.2,3.8
2023-11-18,S005,P0009,Groceries,North,Autumn,1,0,158,173.8,-15.8
2023-11-19,S005,P0009,Groceries,North,Autumn,0,0,99,125.6,-26.6
2023-11-20,S005,P0009,Groceries,North,Autumn,0,0,103,122.3,-19.3
2023-11-21,S005,P0009,Groceries,North,Autumn,1,0,105,167.9,-62.9
2023-11-22,S005,P0009,Groceries,North,Autumn,0,0,121,144.8,-23.8
2023-11-23,S005,P0009,Groceries,North,Autumn,0,0,96,106.6,-10.6
2023-11-24,S005,P0009,Groceries,North,Autumn,0,0,135,123.9,11.1
2023-11-25,S005,P0009,Groceries,North,Autumn,1,0,138,169.6,-31.6
2023-11-26,S005,P0009,Groceries,North,Autumn,0,0,122,155.5,-33.5
2023-11-27,S005,P0009,Groceries,North,Autumn,0,0,123,157.4,-34.4
2023-11-28,S005,P0009,Groceries,North,Autumn,1,0,119,143.0,-24.0
2023-11-29,S005,P0009,Groceries,North,Autumn,0,0,129,141.2,-12.2
2023-11-30,S005,P0009,Groceries,North,Autumn,0,0,111,113.9,-2.9
2023-12-01,S005,P0009,Groceries,North,Winter,1,0,275,253.3,21.7
2023-12-02,S005,P0009,Groceries,North,Winter,0,0,130,124.2,5.8
2023-12-03,S005,P0009,Groceries,North,Winter,1,0,154,170.7,-16.7
2023-12-04,S005,P0009,Groceries,North,Winter,1,0,147,165.1,-18.1
2023-12-05,S005,P0009,Groceries,North,Winter,0,0,69,106.2,-37.2
2023-12-06,S005,P0009,Groceries,North,Winter,1,0,199,211.4,-12.4
2023-12-07,S005,P0009,Groceries,North,Winter,0,0,171,168.3,2.7
2023-12-08,S005,P0009,Groceries,North,Winter,0,0,175,173.4,1.6
2023-12-09,S005,P0009,Groceries,North,Winter,0,0,158,154.6,3.4
2023-12-10,S005,P0009,Groceries,North,Winter,0,0,124,135.3,-11.3
2023-12-11,S005,P0009,Groceries,North,Winter,0,0,68,101.7,-33.7
2023-12-12,S005,P0009,Groceries,North,Winter,1,0,160,186.9,-26.9
2023-12-13,S005,P0009,Groceries,North,Winter,1,0,251,254.6,-3.6
2023-12-14,S005,P0009,Groceries,North,Winter,0,0,124,145.6,-21.7
2023-12-15,S005,P0009,Groceries,North,Winter,0,0,111,107.4,3.6
2023-12-16,S005,P0009,Groceries,North,Winter,0,0,83,109.2,-26.2
2023-12-17,S005,P0009,Groceries,North,Winter,1,0,179,187.2,-8.2
2023-12-18,S005,P0009,Groceries,North,Winter,1,0,262,240.8,21.2
2023-12-19,S005,P0009,Groceries,North,Winter,0,0,151,174.6,-23.6
2023-12-20,S005,P0009,Groceries,North,Winter,0,0,96,113.7,-17.7
2023-12-21,S005,P0009,Groceries,North,Winter,1,0,148,172.9,-24.9
2023-12-22,S005,P0009,Groceries,North,Winter,0,0,118,132.4,-14.4
2023-12-23,S005,P0009,Groceries,North,Winter,0,0,115,117.1,-2.1
2023-12-24,S005,P0009,Groceries,North,Winter,0,0,117,123.6,-6.6
2023-12-25,S005,P0009,Groceries,North,Winter,0,0,66,103.6,-37.6
2023-12-26,S005,P0009,Groceries,North,Winter,1,0,86,140.6,-54.6
2023-12-27,S005,P0009,Groceries,North,Winter,0,1,102,98.7,3.3
2023-12-28,S005,P0009,Groceries,North,Winter,0,1,92,125.4,-33.4
2023-12-29,S005,P0009,Groceries,North,Winter,0,1,110,128.6,-18.6
2023-12-30,S005,P0009,Groceries,North,Winter,0,1,49,85.4,-36.4
2023-12-31,S005,P0009,Groceries,North,Winter,0,1,65,82.7,-17.7
2024-01-01,S005,P0009,Groceries,North,Winter,0,1,90,90.0,0.0
2024-01-02,S005,P0009,Groceries,North,Winter,1,1,77,90.0,-13.0
2024-01-03,S005,P0009,Groceries,North,Winter,0,1,26,68.6,-42.6
2024-01-04,S005,P0009,Groceries,North,Winter,0,1,72,87.2,-15.2
2024-01-05,S005,P0009,Groceries,North,Winter,0,1,62,83.3,-21.3
2024-01-06,S005,P0009,Groceries,North,Winter,1,1,100,103.2,-3.2
2024-01-07,S005,P0009,Groceries,North,Winter,0,1,62,70.9,-8.9
2024-01-08,S005,P0009,Groceries,North,Winter,0,1,71,76.0,-5.0
2024-01-09,S005,P0009,Groceries,North,Winter,1,0,75,125.9,-50.9
2024-01-10,S005,P0009,Groceries,North,Winter,0,0,105,113.2,-8.2
2024-01-11,S005,P0009,Groceries,North,Winter,1,0,115,135.7,-20.7
2024-01-12,S005,P0009,Groceries,North,Winter,0,0,219,142.3,76.7
2024-01-13,S005,P0009,Groceries,North,Winter,0,0,170,160.8,9.2
2024-01-14,S005,P0009,Groceries,North,Winter,0,0,136,148.2,-12.2
2024-01-15,S005,P0009,Groceries,North,Winter,0,0,103,108.8,-5.8
2024-01-16,S005,P0009,Groceries,North,Winter,1,0,70,133.2,-63.2
2024-01-17,S005,P0009,Groceries,North,Winter,1,0,128,164.1,-36.1
2024-01-18,S005,P0009,Groceries,North,Winter,0,0,159,142.6,16.4
2024-01-19,S005,P0009,Groceries,North,Winter,0,0,90,106.7,-16.7
2024-01-20,S005,P0009,Groceries,North,Winter,1,0,225,235.5,-10.5
2024-01-21,S005,P0009,Groceries,North,Winter,1,0,148,158.0,-10.0
2024-01-22,S005,P0009,Groceries,North,Winter,0,0,137,144.8,-7.8
2024-01-23,S005,P0009,Groceries,North,Winter,0,0,59,102.4,-43.4
2024-01-24,S005,P0009,Groceries,North,Winter,1,0,140,157.2,-17.2
2024-01-25,S005,P0009,Groceries,North,Winter,0,0,112,133.1,-21.1
2024-01-26,S005,P0009,Groceries,North,Winter,0,0,62,103.9,-41.9
2024-01-27,S005,P0009,Groceries,North,Winter,1,0,92,138.1,-46.1
2024-01-28,S005,P0009,Groceries,North,Winter,0,0,98,109.8,-11.8
2024-01-29,S005,P0009,Groceries,North,Winter,0,0,67,107.9,-40.9
2024-01-30,S005,P0009,Groceries,North,Winter,0,0,94,111.0,-17.0
2023-09-07,S005,P0010,Groceries,North,Autumn,1,0,182,135.9,46.1
2023-09-08,S005,P0010,Groceries,North,Autumn,0,0,52,92.8,-40.8
2023-09-09,S005,P0010,Groceries,North,Autumn,0,0,116,95.6,20.4
2023-09-10,S005,P0010,Groceries,North,Autumn,0,0,164,108.6,55.4
2023-09-11,S005,P0010,Groceries,North,Autumn,0,0,137,134.4,2.7
2023-09-12,S005,P0010,Groceries,North,Autumn,0,0,132,110.6,21.4
2023-09-13,S005,P0010,Groceries,North,Autumn,1,0,220,135.8,84.2
2023-09-14,S005,P0010,Groceries,North,Autumn,0,0,147,135.2,11.8
2023-09-15,S005,P0010,Groceries,North,Autumn,1,0,69,135.2,-66.2
2023-09-16,S005,P0010,Groceries,North,Autumn,0,0,120,102.9,17.1
2023-09-17,S005,P0010,Groceries,North,Autumn,1,0,121,135.0,-14.0
2023-09-18,S005,P0010,Groceries,North,Autumn,0,0,161,106.9,54.1
2023-09-19,S005,P0010,Groceries,North,Autumn,1,0,108,136.6,-28.6
2023-09-20,S005,P0010,Groceries,North,Autumn,0,0,111,120.3,-9.3
2023-09-21,S005,P0010,Groceries,North,Autumn,1,0,168,128.3,39.7
2023-09-22,S005,P0010,Groceries,North,Autumn,0,0,95,94.3,0.7
2023-09-23,S005,P0010,Groceries,North,Autumn,0,0,149,129.9,19.1
2023-09-24,S005,P0010,Groceries,North,Autumn,0,0,61,85.2,-24.2
2023-09-25,S005,P0010,Groceries,North,Autumn,0,0,96,95.5,0.5
2023-09-26,S005,P0010,Groceries,North,Autumn,0,0,99,100.5,-1.5
2023-09-27,S005,P0010,Groceries,North,Autumn,0,0,86,106.1,-20.1
2023-09-28,S005,P0010,Groceries,North,Autumn,0,0,134,110.8,23.2
2023-09-29,S005,P0010,Groceries,North,Autumn,0,0,132,127.5,4.5
2023-09-30,S005,P0010,Groceries,North,Autumn,0,0,63,92.9,-29.9
2023-10-01,S005,P0010,Groceries,North,Autumn,0,0,154,106.7,47.3
2023-10-02,S005,P0010,Groceries,North,Autumn,1,0,148,146.1,1.9
2023-10-03,S005,P0010,Groceries,North,Autumn,1,0,89,136.0,-47.0
2023-10-04,S005,P0010,Groceries,North,Autumn,1,0,167,141.2,25.8
2023-10-05,S005,P0010,Groceries,North,Autumn,0,0,94,100.1,-6.1
2023-10-06,S005,P0010,Groceries,North,Autumn,0,0,52,91.3,-39.3
2023-10-07,S005,P0010,Groceries,North,Autumn,1,1,85,106.3,-21.3
2023-10-08,S005,P0010,Groceries,North,Autumn,0,1,72,83.6,-11.6
2023-10-09,S005,P0010,Groceries,North,Autumn,0,1,102,86.7,15.3
2023-10-10,S005,P0010,Groceries,North,Autumn,0,1,81,82.2,-1.2
2023-10-11,S005,P0010,Groceries,North,Autumn,0,1,40,87.1,-47.1
2023-10-12,S005,P0010,Groceries,North,Autumn,1,1,88,90.6,-2.6
2023-10-13,S005,P0010,Groceries,North,Autumn,0,1,53,84.9,-31.9
2023-10-14,S005,P0010,Groceries,North,Autumn,1,1,87,95.7,-8.7
2023-10-15,S005,P0010,Groceries,North,Autumn,0,1,35,81.2,-46.2
2023-10-16,S005,P0010,Groceries,North,Autumn,0,1,87,82.8,4.2
2023-10-17,S005,P0010,Groceries,North,Autumn,0,1,86,95.2,-9.2
2023-10-18,S005,P0010,Groceries,North,Autumn,0,1,128,87.6,40.3
2023-10-19,S005,P0010,Groceries,North,Autumn,1,1,72,105.8,-33.8
2023-10-20,S005,P0010,Groceries,North,Autumn,0,1,71,89.0,-18.0
2023-10-21,S005,P0010,Groceries,North,Autumn,1,1,154,113.4,40.7
2023-10-22,S005,P0010,Groceries,North,Autumn,1,1,87,96.6,-9.6
2023-10-23,S005,P0010,Groceries,North,Autumn,0,1,31,72.3,-41.3
2023-10-24,S005,P0010,Groceries,North,Autumn,0,1,80,86.7,-6.7
2023-10-25,S005,P0010,Groceries,North,Autumn,0,0,181,112.3,68.7
2023-10-26,S005,P0010,Groceries,North,Autumn,0,0,108,102.4,5.6
2023-10-27,S005,P0010,Groceries,North,Autumn,0,0,104,123.8,-19.8
2023-10-28,S005,P0010,Groceries,North,Autumn,1,0,207,172.9,34.1
2023-10-29,S005,P0010,Groceries,North,Autumn,0,0,100,113.5,-13.5
2023-10-30,S005,P0010,Groceries,North,Autumn,0,0,61,92.6,-31.6
2023-10-31,S005,P0010,Groceries,North,Autumn,0,0,202,113.7,88.3
2023-11-01,S005,P0010,Groceries,North,Autumn,0,0,135,108.0,27.0
2023-11-02,S005,P0010,Groceries,North,Autumn,1,0,175,149.5,25.5
2023-11-03,S005,P0010,Groceries,North,Autumn,0,0,124,102.0,22.0
2023-11-04,S005,P0010,Groceries,North,Autumn,1,0,66,131.2,-65.2
2023-11-05,S005,P0010,Groceries,North,Autumn,0,0,139,112.2,26.8
2023-11-06,S005,P0010,Groceries,North,Autumn,0,0,83,88.1,-5.1
2023-11-07,S005,P0010,Groceries,North,Autumn,1,0,135,130.9,4.1
2023-11-08,S005,P0010,Groceries,North,Autumn,1,0,160,152.5,7.5
2023-11-09,S005,P0010,Groceries,North,Autumn,1,0,100,130.1,-30.1
2023-11-10,S005,P0010,Groceries,North,Autumn,0,0,131,108.8,22.2
2023-11-11,S005,P0010,Groceries,North,Autumn,0,0,92,96.8,-4.8
2023-11-12,S005,P0010,Groceries,North,Autumn,1,0,159,135.5,23.5
2023-11-13,S005,P0010,Groceries,North,Autumn,0,0,106,101.5,4.5
2023-11-14,S005,P0010,Groceries,North,Autumn,0,0,109,100.6,8.5
2023-11-15,S005,P0010,Groceries,North,Autumn,1,0,142,128.7,13.3
2023-11-16,S005,P0010,Groceries,North,Autumn,0,0,78,96.7,-18.7
2023-11-17,S005,P0010,Groceries,North,Autumn,0,0,103,106.7,-3.7
2023-11-18,S005,P0010,Groceries,North,Autumn,0,0,117,103.7,13.3
2023-11-19,S005,P0010,Groceries,North,Autumn,1,0,297,173.7,123.3
2023-11-20,S005,P0010,Groceries,North,Autumn,0,0,95,100.9,-5.9
2023-11-21,S005,P0010,Groceries,North,Autumn,0,0,133,125.2,7.8
2023-11-22,S005,P0010,Groceries,North,Autumn,1,0,206,140.6,65.4
2023-11-23,S005,P0010,Groceries,North,Autumn,1,0,99,123.4,-24.4
2023-11-24,S005,P0010,Groceries,North,Autumn,0,0,90,95.2,-5.2
2023-11-25,S005,P0010,Groceries,North,Autumn,0,0,89,96.1,-7.1
2023-11-26,S005,P0010,Groceries,North,Autumn,0,0,209,137.0,72.0
2023-11-27,S005,P0010,Groceries,North,Autumn,0,0,149,132.0,17.0
2023-11-28,S005,P0010,Groceries,North,Autumn,0,0,52,88.2,-36.2
2023-11-29,S005,P0010,Groceries,North,Autumn,0,0,108,124.9,-16.9
2023-11-30,S005,P0010,Groceries,North,Autumn,0,0,78,96.0,-18.0
2023-12-01,S005,P0010,Groceries,North,Winter,0,0,191,129.0,62.0
2023-12-02,S005,P0010,Groceries,North,Winter,0,0,30,96.1,-66.1
2023-12-03,S005,P0010,Groceries,North,Winter,0,0,131,110.0,21.0
2023-12-04,S005,P0010,Groceries,North,Winter,0,0,111,101.8,9.2
2023-12-05,S005,P0010,Groceries,North,Winter,0,0,78,94.3,-16.3
2023-12-06,S005,P0010,Groceries,North,Winter,0,0,61,114.3,-53.3
2023-12-07,S005,P0010,Groceries,North,Winter,0,0,125,112.2,12.8
2023-12-08,S005,P0010,Groceries,North,Winter,1,0,124,137.8,-13.8
2023-12-09,S005,P0010,Groceries,North,Winter,1,0,118,129.0,-11.0
2023-12-10,S005,P0010,Groceries,North,Winter,1,0,134,128.9,5.1
2023-12-11,S005,P0010,Groceries,North,Winter,1,0,52,129.8,-77.8
2023-12-12,S005,P0010,Groceries,North,Winter,0,0,175,130.1,44.9
2023-12-13,S005,P0010,Groceries,North,Winter,0,0,68,109.7,-41.7
2023-12-14,S005,P0010,Groceries,North,Winter,0,0,201,133.4,67.6
2023-12-15,S005,P0010,Groceries,North,Winter,0,0,75,84.9,-9.9
2023-12-16,S005,P0010,Groceries,North,Winter,0,0,56,93.2,-37.2
2023-12-17,S005,P0010,Groceries,North,Winter,1,0,131,134.9,-3.9
2023-12-18,S005,P0010,Groceries,North,Winter,1,0,104,139.9,-35.9
2023-12-19,S005,P0010,Groceries,North,Winter,0,0,179,132.6,46.4
2023-12-20,S005,P0010,Groceries,North,Winter,1,0,113,130.2,-17.2
2023-12-21,S005,P0010,Groceries,North,Winter,0,0,180,127.0,53.0
2023-12-22,S005,P0010,Groceries,North,Winter,0,0,152,130.5,21.5
2023-12-23,S005,P0010,Groceries,North,Winter,0,0,104,101.2,2.8
2023-12-24,S005,P0010,Groceries,North,Winter,1,0,199,169.5,29.5
2023-12-25,S005,P0010,Groceries,North,Winter,1,0,190,131.5,58.5
2023-12-26,S005,P0010,Groceries,North,Winter,0,0,111,108.8,2.2
2023-12-27,S005,P0010,Groceries,North,Winter,1,1,112,123.7,-11.7
2023-12-28,S005,P0010,Groceries,North,Winter,0,1,69,90.4,-21.4
2023-12-29,S005,P0010,Groceries,North,Winter,0,1,51,83.0,-32.0
2023-12-30,S005,P0010,Groceries,North,Winter,0,1,35,68.9,-33.9
2023-12-31,S005,P0010,Groceries,North,Winter,0,1,44,71.9,-27.9
2024-01-01,S005,P0010,Groceries,North,Winter,1,1,100,88.8,11.2
2024-01-02,S005,P0010,Groceries,North,Winter,0,1,30,65.4,-35.4
2024-01-03,S005,P0010,Groceries,North,Winter,0,1,66,68.3,-2.3
2024-01-04,S005,P0010,Groceries,North,Winter,1,1,113,81.2,31.8
2024-01-05,S005,P0010,Groceries,North,Winter,1,1,47,94.6,-47.6
2024-01-06,S005,P0010,Groceries,North,Winter,0,1,124,71.0,53.0
2024-01-07,S005,P0010,Groceries,North,Winter,1,1,116,91.3,24.7
2024-01-08,S005,P0010,Groceries,North,Winter,0,1,59,67.8,-8.8
2024-01-09,S005,P0010,Groceries,North,Winter,0,0,114,93.7,20.3
2024-01-10,S005,P0010,Groceries,North,Winter,1,0,84,125.0,-41.0
2024-01-11,S005,P0010,Groceries,North,Winter,0,0,122,92.6,29.4
2024-01-12,S005,P0010,Groceries,North,Winter,0,0,152,114.0,38.0
2024-01-13,S005,P0010,Groceries,North,Winter,0,0,94,115.6,-21.7
2024-01-14,S005,P0010,Groceries,North,Winter,0,0,121,97.7,23.3
2024-01-15,S005,P0010,Groceries,North,Winter,0,0,108,99.7,8.3
2024-01-16,S005,P0010,Groceries,North,Winter,1,0,126,130.0,-4.0
2024-01-17,S005,P0010,Groceries,North,Winter,1,0,175,138.5,36.5
2024-01-18,S005,P0010,Groceries,North,Winter,0,0,106,123.4,-17.4
2024-01-19,S005,P0010,Groceries,North,Winter,0,0,78,98.9,-20.9
2024-01-20,S005,P0010,Groceries,North,Winter,0,0,162,132.8,29.2
2024-01-21,S005,P0010,Groceries,North,Winter,1,0,108,134.2,-26.2
2024-01-22,S005,P0010,Groceries,North,Winter,0,0,160,122.9,37.1
2024-01-23,S005,P0010,Groceries,North,Winter,0,0,102,101.3,0.7
2024-01-24,S005,P0010,Groceries,North,Winter,1,0,153,136.8,16.2
2024-01-25,S005,P0010,Groceries,North,Winter,0,0,76,109.4,-33.4
2024-01-26,S005,P0010,Groceries,North,Winter,0,0,29,90.3,-61.3
2024-01-27,S005,P0010,Groceries,North,Winter,1,0,108,131.2,-23.2
2024-01-28,S005,P0010,Groceries,North,Winter,0,0,87,97.7,-10.7
2024-01-29,S005,P0010,Groceries,North,Winter,0,0,90,108.8,-18.8
2024-01-30,S005,P0010,Groceries,North,Winter,0,0,78,88.1,-10.1
2023-09-07,S005,P0011,Electronics,North,Autumn,1,0,163,118.7,44.3
2023-09-08,S005,P0011,Electronics,North,Autumn,1,0,95,104.4,-9.4
2023-09-09,S005,P0011,Electronics,North,Autumn,0,0,134,92.4,41.6
2023-09-10,S005,P0011,Electronics,North,Autumn,1,0,139,119.0,20.0
2023-09-11,S005,P0011,Electronics,North,Autumn,1,0,127,138.4,-11.4
2023-09-12,S005,P0011,Electronics,North,Autumn,0,0,129,94.8,34.2
2023-09-13,S005,P0011,Electronics,North,Autumn,0,0,139,96.2,42.8
2023-09-14,S005,P0011,Electronics,North,Autumn,0,0,153,105.8,47.2
2023-09-15,S005,P0011,Electronics,North,Autumn,0,0,80,89.6,-9.6
2023-09-16,S005,P0011,Electronics,North,Autumn,1,0,156,121.2,34.8
2023-09-17,S005,P0011,Electronics,North,Autumn,1,0,185,134.3,50.7
2023-09-18,S005,P0011,Electronics,North,Autumn,0,0,59,78.2,-19.2
2023-09-19,S005,P0011,Electronics,North,Autumn,0,0,60,82.2,-22.2
2023-09-20,S005,P0011,Electronics,North,Autumn,0,0,139,107.8,31.2
2023-09-21,S005,P0011,Electronics,North,Autumn,0,0,42,83.4,-41.4
2023-09-22,S005,P0011,Electronics,North,Autumn,1,0,78,103.2,-25.2
2023-09-23,S005,P0011,Electronics,North,Autumn,0,0,47,102.7,-55.7
2023-09-24,S005,P0011,Electronics,North,Autumn,0,0,46,83.0,-37.0
2023-09-25,S005,P0011,Electronics,North,Autumn,0,0,95,87.6,7.4
2023-09-26,S005,P0011,Electronics,North,Autumn,0,0,73,88.7,-15.7
2023-09-27,S005,P0011,Electronics,North,Autumn,0,0,94,88.6,5.5
2023-09-28,S005,P0011,Electronics,North,Autumn,0,0,121,91.4,29.6
2023-09-29,S005,P0011,Electronics,North,Autumn,0,0,147,115.1,31.9
2023-09-30,S005,P0011,Electronics,North,Autumn,0,0,91,91.0,0.0
2023-10-01,S005,P0011,Electronics,North,Autumn,1,0,59,109.5,-50.5
2023-10-02,S005,P0011,Electronics,North,Autumn,0,0,91,103.9,-12.9
2023-10-03,S005,P0011,Electronics,North,Autumn,0,0,118,95.5,22.5
2023-10-04,S005,P0011,Electronics,North,Autumn,0,0,90,94.4,-4.4
2023-10-05,S005,P0011,Electronics,North,Autumn,0,0,94,91.0,3.0
2023-10-06,S005,P0011,Electronics,North,Autumn,0,0,71,91.6,-20.6
2023-10-07,S005,P0011,Electronics,North,Autumn,1,1,47,64.0,-17.0
2023-10-08,S005,P0011,Electronics,North,Autumn,1,1,18,56.0,-38.0
2023-10-09,S005,P0011,Electronics,North,Autumn,0,1,40,52.1,-12.1
2023-10-10,S005,P0011,Electronics,North,Autumn,1,1,43,57.4,-14.4
2023-10-11,S005,P0011,Electronics,North,Autumn,0,1,45,53.2,-8.2
2023-10-12,S005,P0011,Electronics,North,Autumn,1,1,45,59.0,-14.0
2023-10-13,S005,P0011,Electronics,North,Autumn,0,1,40,45.7,-5.7
2023-10-14,S005,P0011,Electronics,North,Autumn,0,1,44,45.1,-1.1
2023-10-15,S005,P0011,Electronics,North,Autumn,0,1,64,59.4,4.6
2023-10-16,S005,P0011,Electronics,North,Autumn,0,1,58,46.9,11.1
2023-10-17,S005,P0011,Electronics,North,Autumn,1,1,88,75.6,12.4
2023-10-18,S005,P0011,Electronics,North,Autumn,0,1,43,48.8,-5.8
2023-10-19,S005,P0011,Electronics,North,Autumn,1,1,49,77.4,-28.4
2023-10-20,S005,P0011,Electronics,North,Autumn,0,1,46,51.0,-5.0
2023-10-21,S005,P0011,Electronics,North,Autumn,1,1,114,81.9,32.1
2023-10-22,S005,P0011,Electronics,North,Autumn,0,1,80,50.6,29.4
2023-10-23,S005,P0011,Electronics,North,Autumn,1,1,65,74.0,-9.0
2023-10-24,S005,P0011,Electronics,North,Autumn,0,1,40,48.1,-8.1
2023-10-25,S005,P0011,Electronics,North,Autumn,0,0,111,94.4,16.7
2023-10-26,S005,P0011,Electronics,North,Autumn,1,0,66,114.0,-48.0
2023-10-27,S005,P0011,Electronics,North,Autumn,0,0,116,104.4,11.6
2023-10-28,S005,P0011,Electronics,North,Autumn,0,0,85,104.8,-19.8
2023-10-29,S005,P0011,Electronics,North,Autumn,0,0,72,100.0,-28.0
2023-10-30,S005,P0011,Electronics,North,Autumn,0,0,97,90.6,6.4
2023-10-31,S005,P0011,Electronics,North,Autumn,0,0,69,88.7,-19.7
2023-11-01,S005,P0011,Electronics,North,Autumn,0,0,139,88.0,51.0
2023-11-02,S005,P0011,Electronics,North,Autumn,0,0,151,118.3,32.7
2023-11-03,S005,P0011,Electronics,North,Autumn,0,0,114,89.7,24.3
2023-11-04,S005,P0011,Electronics,North,Autumn,1,0,110,115.1,-5.1
2023-11-05,S005,P0011,Electronics,North,Autumn,0,0,75,94.0,-19.0
2023-11-06,S005,P0011,Electronics,North,Autumn,1,0,121,117.8,3.2
2023-11-07,S005,P0011,Electronics,North,Autumn,0,0,119,94.9,24.1
2023-11-08,S005,P0011,Electronics,North,Autumn,0,0,143,109.6,33.4
2023-11-09,S005,P0011,Electronics,North,Autumn,0,0,87,86.8,0.2
2023-11-10,S005,P0011,Electronics,North,Autumn,0,0,53,86.7,-33.7
2023-11-11,S005,P0011,Electronics,North,Autumn,1,0,73,115.8,-42.8
2023-11-12,S005,P0011,Electronics,North,Autumn,0,0,78,86.8,-8.8
2023-11-13,S005,P0011,Electronics,North,Autumn,0,0,130,95.4,34.6
2023-11-14,S005,P0011,Electronics,North,Autumn,0,0,59,87.0,-28.0
2023-11-15,S005,P0011,Electronics,North,Autumn,1,0,99,115.5,-16.5
2023-11-16,S005,P0011,Electronics,North,Autumn,0,0,71,94.0,-23.0
2023-11-17,S005,P0011,Electronics,North,Autumn,1,0,158,115.7,42.3
2023-11-18,S005,P0011,Electronics,North,Autumn,1,0,131,113.3,17.7
2023-11-19,S005,P0011,Electronics,North,Autumn,0,0,100,106.3,-6.3
2023-11-20,S005,P0011,Electronics,North,Autumn,0,0,77,85.5,-8.5
2023-11-21,S005,P0011,Electronics,North,Autumn,1,0,149,133.5,15.5
2023-11-22,S005,P0011,Electronics,North,Autumn,0,0,78,93.8,-15.8
2023-11-23,S005,P0011,Electronics,North,Autumn,0,0,67,86.9,-19.9
2023-11-24,S005,P0011,Electronics,North,Autumn,1,0,136,122.8,13.2
2023-11-25,S005,P0011,Electronics,North,Autumn,1,0,128,116.3,11.7
2023-11-26,S005,P0011,Electronics,North,Autumn,1,0,170,133.0,37.0
2023-11-27,S005,P0011,Electronics,North,Autumn,0,0,45,99.5,-54.5
2023-11-28,S005,P0011,Electronics,North,Autumn,0,0,73,88.5,-15.5
2023-11-29,S005,P0011,Electronics,North,Autumn,0,0,126,105.7,20.3
2023-11-30,S005,P0011,Electronics,North,Autumn,0,0,124,94.3,29.7
2023-12-01,S005,P0011,Electronics,North,Winter,1,0,51,130.0,-79.0
2023-12-02,S005,P0011,Electronics,North,Winter,0,0,67,93.1,-26.1
2023-12-03,S005,P0011,Electronics,North,Winter,0,0,59,90.1,-31.1
2023-12-04,S005,P0011,Electronics,North,Winter,1,0,120,126.3,-6.3
2023-12-05,S005,P0011,Electronics,North,Winter,0,0,114,91.5,22.5
2023-12-06,S005,P0011,Electronics,North,Winter,1,0,151,138.9,12.1
2023-12-07,S005,P0011,Electronics,North,Winter,1,0,94,111.1,-17.1
2023-12-08,S005,P0011,Electronics,North,Winter,0,0,117,94.8,22.2
2023-12-09,S005,P0011,Electronics,North,Winter,1,0,88,108.2,-20.2
2023-12-10,S005,P0011,Electronics,North,Winter,0,0,44,86.6,-42.6
2023-12-11,S005,P0011,Electronics,North,Winter,1,0,112,118.6,-6.6
2023-12-12,S005,P0011,Electronics,North,Winter,0,0,81,103.8,-22.8
2023-12-13,S005,P0011,Electronics,North,Winter,0,0,129,106.8,22.2
2023-12-14,S005,P0011,Electronics,North,Winter,0,0,92,105.5,-13.5
2023-12-15,S005,P0011,Electronics,North,Winter,0,0,132,90.5,41.5
2023-12-16,S005,P0011,Electronics,North,Winter,1,0,130,121.1,8.9
2023-12-17,S005,P0011,Electronics,North,Winter,0,0,41,89.3,-48.3
2023-12-18,S005,P0011,Electronics,North,Winter,0,0,101,93.9,7.1
2023-12-19,S005,P0011,Electronics,North,Winter,1,0,166,137.7,28.3
2023-12-20,S005,P0011,Electronics,North,Winter,0,0,81,91.9,-10.9
2023-12-21,S005,P0011,Electronics,North,Winter,0,0,114,106.0,8.0
2023-12-22,S005,P0011,Electronics,North,Winter,1,0,33,133.9,-100.9
2023-12-23,S005,P0011,Electronics,North,Winter,0,0,106,90.6,15.4
2023-12-24,S005,P0011,Electronics,North,Winter,0,0,63,100.6,-37.6
2023-12-25,S005,P0011,Electronics,North,Winter,0,0,121,90.9,30.1
2023-12-26,S005,P0011,Electronics,North,Winter,1,0,134,116.1,17.9
2023-12-27,S005,P0011,Electronics,North,Winter,0,1,70,58.2,11.8
2023-12-28,S005,P0011,Electronics,North,Winter,0,1,50,51.5,-1.5
2023-12-29,S005,P0011,Electronics,North,Winter,0,1,4,44.6,-40.6
2023-12-30,S005,P0011,Electronics,North,Winter,0,1,40,48.1,-8.1
2023-12-31,S005,P0011,Electronics,North,Winter,0,1,42,46.9,-4.9
2024-01-01,S005,P0011,Electronics,North,Winter,1,1,40,63.2,-23.2
2024-01-02,S005,P0011,Electronics,North,Winter,0,1,71,49.3,21.7
2024-01-03,S005,P0011,Electronics,North,Winter,1,1,43,59.3,-16.3
2024-01-04,S005,P0011,Electronics,North,Winter,1,1,57,58.3,-1.3
2024-01-05,S005,P0011,Electronics,North,Winter,1,1,74,75.2,-1.2
2024-01-06,S005,P0011,Electronics,North,Winter,1,1,30,56.1,-26.1
2024-01-07,S005,P0011,Electronics,North,Winter,0,1,33,50.8,-17.8
2024-01-08,S005,P0011,Electronics,North,Winter,0,1,40,51.2,-11.2
2024-01-09,S005,P0011,Electronics,North,Winter,0,0,95,87.6,7.5
2024-01-10,S005,P0011,Electronics,North,Winter,0,0,45,91.2,-46.2
2024-01-11,S005,P0011,Electronics,North,Winter,1,0,111,112.8,-1.8
2024-01-12,S005,P0011,Electronics,North,Winter,0,0,103,98.2,4.8
2024-01-13,S005,P0011,Electronics,North,Winter,1,0,177,143.3,33.7
2024-01-14,S005,P0011,Electronics,North,Winter,0,0,44,93.0,-49.0
2024-01-15,S005,P0011,Electronics,North,Winter,1,0,194,126.5,67.5
2024-01-16,S005,P0011,Electronics,North,Winter,0,0,89,93.0,-4.0
2024-01-17,S005,P0011,Electronics,North,Winter,1,0,171,123.0,48.0
2024-01-18,S005,P0011,Electronics,North,Winter,0,0,93,98.7,-5.7
2024-01-19,S005,P0011,Electronics,North,Winter,0,0,111,91.7,19.3
2024-01-20,S005,P0011,Electronics,North,Winter,1,0,172,134.0,38.0
2024-01-21,S005,P0011,Electronics,North,Winter,0,0,81,89.2,-8.2
2024-01-22,S005,P0011,Electronics,North,Winter,0,0,81,93.9,-12.9
2024-01-23,S005,P0011,Electronics,North,Winter,0,0,104,91.1,12.9
2024-01-24,S005,P0011,Electronics,North,Winter,0,0,74,93.5,-19.5
2024-01-25,S005,P0011,Electronics,North,Winter,0,0,85,103.7,-18.7
2024-01-26,S005,P0011,Electronics,North,Winter,0,0,118,94.1,23.9
2024-01-27,S005,P0011,Electronics,North,Winter,0,0,89,90.3,-1.3
2024-01-28,S005,P0011,Electronics,North,Winter,0,0,112,94.4,17.6
2024-01-29,S005,P0011,Electronics,North,Winter,0,0,51,93.3,-42.3
2024-01-30,S005,P0011,Electronics,North,Winter,0,0,74,91.0,-17.0
2023-09-07,S005,P0012,Furniture,North,Autumn,0,0,64,75.6,-11.6
2023-09-08,S005,P0012,Furniture,North,Autumn,1,0,61,74.9,-13.9
2023-09-09,S005,P0012,Furniture,North,Autumn,0,0,63,74.8,-11.8
2023-09-10,S005,P0012,Furniture,North,Autumn,1,0,134,111.4,22.6
2023-09-11,S005,P0012,Furniture,North,Autumn,0,0,77,76.5,0.5
2023-09-12,S005,P0012,Furniture,North,Autumn,0,0,76,69.6,6.5
2023-09-13,S005,P0012,Furniture,North,Autumn,1,0,86,82.1,3.9
2023-09-14,S005,P0012,Furniture,North,Autumn,0,0,39,33.8,5.2
2023-09-15,S005,P0012,Furniture,North,Autumn,0,0,76,75.0,1.0
2023-09-16,S005,P0012,Furniture,North,Autumn,0,0,62,72.4,-10.4
2023-09-17,S005,P0012,Furniture,North,Autumn,1,0,79,86.0,-7.0
2023-09-18,S005,P0012,Furniture,North,Autumn,1,0,106,111.9,-5.9
2023-09-19,S005,P0012,Furniture,North,Autumn,0,0,77,76.4,0.6
2023-09-20,S005,P0012,Furniture,North,Autumn,0,0,111,101.1,9.9
2023-09-21,S005,P0012,Furniture,North,Autumn,0,0,57,63.5,-6.5
2023-09-22,S005,P0012,Furniture,North,Autumn,1,0,121,111.5,9.5
2023-09-23,S005,P0012,Furniture,North,Autumn,0,0,90,79.4,10.6
2023-09-24,S005,P0012,Furniture,North,Autumn,0,0,75,78.0,-3.0
2023-09-25,S005,P0012,Furniture,North,Autumn,1,0,74,70.4,3.7
2023-09-26,S005,P0012,Furniture,North,Autumn,0,0,89,75.0,14.0
2023-09-27,S005,P0012,Furniture,North,Autumn,0,0,65,66.9,-1.9
2023-09-28,S005,P0012,Furniture,North,Autumn,1,0,101,102.1,-1.1
2023-09-29,S005,P0012,Furniture,North,Autumn,0,0,132,104.2,27.8
2023-09-30,S005,P0012,Furniture,North,Autumn,0,0,38,41.7,-3.7
2023-10-01,S005,P0012,Furniture,North,Autumn,0,0,53,70.4,-17.4
2023-10-02,S005,P0012,Furniture,North,Autumn,1,0,81,82.3,-1.3
2023-10-03,S005,P0012,Furniture,North,Autumn,1,0,54,66.1,-12.1
2023-10-04,S005,P0012,Furniture,North,Autumn,0,0,73,80.2,-7.2
2023-10-05,S005,P0012,Furniture,North,Autumn,0,0,22,31.6,-9.6
2023-10-06,S005,P0012,Furniture,North,Autumn,0,0,40,42.5,-2.5
2023-10-07,S005,P0012,Furniture,North,Autumn,0,1,56,38.3,17.7
2023-10-08,S005,P0012,Furniture,North,Autumn,0,1,34,34.0,0.0
2023-10-09,S005,P0012,Furniture,North,Autumn,0,1,22,31.7,-9.7
2023-10-10,S005,P0012,Furniture,North,Autumn,1,1,19,35.4,-16.5
2023-10-11,S005,P0012,Furniture,North,Autumn,0,1,35,38.6,-3.6
2023-10-12,S005,P0012,Furniture,North,Autumn,1,1,54,39.0,15.0
2023-10-13,S005,P0012,Furniture,North,Autumn,1,1,57,43.4,13.5
2023-10-14,S005,P0012,Furniture,North,Autumn,1,1,33,37.2,-4.2
2023-10-15,S005,P0012,Furniture,North,Autumn,0,1,37,36.0,1.0
2023-10-16,S005,P0012,Furniture,North,Autumn,0,1,28,34.9,-6.9
2023-10-17,S005,P0012,Furniture,North,Autumn,0,1,46,41.8,4.2
2023-10-18,S005,P0012,Furniture,North,Autumn,1,1,31,36.1,-5.1
2023-10-19,S005,P0012,Furniture,North,Autumn,0,1,43,35.1,7.9
2023-10-20,S005,P0012,Furniture,North,Autumn,1,1,53,43.2,9.8
2023-10-21,S005,P0012,Furniture,North,Autumn,1,1,60,46.8,13.2
2023-10-22,S005,P0012,Furniture,North,Autumn,0,1,23,32.5,-9.5
2023-10-23,S005,P0012,Furniture,North,Autumn,0,1,10,31.2,-21.2
2023-10-24,S005,P0012,Furniture,North,Autumn,0,1,37,34.9,2.1
2023-10-25,S005,P0012,Furniture,North,Autumn,1,0,64,89.1,-25.1
2023-10-26,S005,P0012,Furniture,North,Autumn,0,0,87,77.2,9.8
2023-10-27,S005,P0012,Furniture,North,Autumn,0,0,98,81.1,16.9
2023-10-28,S005,P0012,Furniture,North,Autumn,0,0,66,72.2,-6.2
2023-10-29,S005,P0012,Furniture,North,Autumn,0,0,102,85.3,16.7
2023-10-30,S005,P0012,Furniture,North,Autumn,0,0,43,49.8,-6.8
2023-10-31,S005,P0012,Furniture,North,Autumn,0,0,35,46.1,-11.1
2023-11-01,S005,P0012,Furniture,North,Autumn,1,0,110,109.2,0.8
2023-11-02,S005,P0012,Furniture,North,Autumn,0,0,77,69.2,7.8
2023-11-03,S005,P0012,Furniture,North,Autumn,1,0,43,65.8,-22.8
2023-11-04,S005,P0012,Furniture,North,Autumn,0,0,114,101.4,12.6
2023-11-05,S005,P0012,Furniture,North,Autumn,0,0,110,102.3,7.7
2023-11-06,S005,P0012,Furniture,North,Autumn,0,0,101,88.6,12.4
2023-11-07,S005,P0012,Furniture,North,Autumn,0,0,66,72.3,-6.3
2023-11-08,S005,P0012,Furniture,North,Autumn,0,0,62,66.5,-4.5
2023-11-09,S005,P0012,Furniture,North,Autumn,1,0,60,67.4,-7.4
2023-11-10,S005,P0012,Furniture,North,Autumn,1,0,78,88.1,-10.1
2023-11-11,S005,P0012,Furniture,North,Autumn,0,0,73,68.2,4.8
2023-11-12,S005,P0012,Furniture,North,Autumn,0,0,42,43.4,-1.4
2023-11-13,S005,P0012,Furniture,North,Autumn,0,0,48,46.4,1.6
2023-11-14,S005,P0012,Furniture,North,Autumn,1,0,100,98.7,1.3
2023-11-15,S005,P0012,Furniture,North,Autumn,0,0,37,36.7,0.3
2023-11-16,S005,P0012,Furniture,North,Autumn,0,0,75,69.8,5.2
2023-11-17,S005,P0012,Furniture,North,Autumn,0,0,79,82.8,-3.8
2023-11-18,S005,P0012,Furniture,North,Autumn,1,0,134,121.7,12.3
2023-11-19,S005,P0012,Furniture,North,Autumn,1,0,130,120.0,10.0
2023-11-20,S005,P0012,Furniture,North,Autumn,0,0,86,83.4,2.6
2023-11-21,S005,P0012,Furniture,North,Autumn,0,0,148,110.2,37.8
2023-11-22,S005,P0012,Furniture,North,Autumn,0,0,151,101.5,49.5
2023-11-23,S005,P0012,Furniture,North,Autumn,1,0,133,99.2,33.8
2023-11-24,S005,P0012,Furniture,North,Autumn,1,0,108,111.2,-3.2
2023-11-25,S005,P0012,Furniture,North,Autumn,0,0,90,99.0,-9.0
2023-11-26,S005,P0012,Furniture,North,Autumn,1,0,93,120.3,-27.3
2023-11-27,S005,P0012,Furniture,North,Autumn,0,0,98,84.8,13.2
2023-11-28,S005,P0012,Furniture,North,Autumn,0,0,55,60.7,-5.7
2023-11-29,S005,P0012,Furniture,North,Autumn,0,0,111,88.4,22.6
2023-11-30,S005,P0012,Furniture,North,Autumn,0,0,119,83.3,35.7
2023-12-01,S005,P0012,Furniture,North,Winter,0,0,72,79.2,-7.2
2023-12-02,S005,P0012,Furniture,North,Winter,1,0,151,127.4,23.6
2023-12-03,S005,P0012,Furniture,North,Winter,1,0,103,82.1,20.9
2023-12-04,S005,P0012,Furniture,North,Winter,0,0,101,72.6,28.4
2023-12-05,S005,P0012,Furniture,North,Winter,0,0,57,60.3,-3.3
2023-12-06,S005,P0012,Furniture,North,Winter,0,0,83,81.0,2.0
2023-12-07,S005,P0012,Furniture,North,Winter,0,0,92,65.2,26.8
2023-12-08,S005,P0012,Furniture,North,Winter,0,0,58,56.8,1.2
2023-12-09,S005,P0012,Furniture,North,Winter,1,0,82,79.5,2.5
2023-12-10,S005,P0012,Furniture,North,Winter,1,0,82,91.7,-9.7
2023-12-11,S005,P0012,Furniture,North,Winter,1,0,140,129.0,11.0
2023-12-12,S005,P0012,Furniture,North,Winter,0,0,92,84.9,7.1
2023-12-13,S005,P0012,Furniture,North,Winter,0,0,95,85.2,9.8
2023-12-14,S005,P0012,Furniture,North,Winter,0,0,56,70.0,-14.0
2023-12-15,S005,P0012,Furniture,North,Winter,1,0,77,74.6,2.4
2023-12-16,S005,P0012,Furniture,North,Winter,0,0,53,50.6,2.4
2023-12-17,S005,P0012,Furniture,North,Winter,1,0,121,121.9,-0.9
2023-12-18,S005,P0012,Furniture,North,Winter,0,0,86,78.5,7.5
2023-12-19,S005,P0012,Furniture,North,Winter,1,0,94,102.3,-8.3
2023-12-20,S005,P0012,Furniture,North,Winter,0,0,69,65.3,3.7
2023-12-21,S005,P0012,Furniture,North,Winter,0,0,65,76.3,-11.3
2023-12-22,S005,P0012,Furniture,North,Winter,1,0,91,95.4,-4.4
2023-12-23,S005,P0012,Furniture,North,Winter,0,0,96,85.1,10.9
2023-12-24,S005,P0012,Furniture,North,Winter,0,0,62,67.0,-5.0
2023-12-25,S005,P0012,Furniture,North,Winter,1,0,67,68.7,-1.7
2023-12-26,S005,P0012,Furniture,North,Winter,0,0,85,82.5,2.5
2023-12-27,S005,P0012,Furniture,North,Winter,0,1,44,35.8,8.2
2023-12-28,S005,P0012,Furniture,North,Winter,0,1,41,33.5,7.5
2023-12-29,S005,P0012,Furniture,North,Winter,0,1,51,38.8,12.2
2023-12-30,S005,P0012,Furniture,North,Winter,0,1,15,29.7,-14.7
2023-12-31,S005,P0012,Furniture,North,Winter,0,1,32,34.1,-2.1
2024-01-01,S005,P0012,Furniture,North,Winter,0,1,19,31.6,-12.6
2024-01-02,S005,P0012,Furniture,North,Winter,0,1,22,33.6,-11.6
2024-01-03,S005,P0012,Furniture,North,Winter,0,1,18,31.9,-13.9
2024-01-04,S005,P0012,Furniture,North,Winter,0,1,38,31.3,6.7
2024-01-05,S005,P0012,Furniture,North,Winter,0,1,49,38.7,10.3
2024-01-06,S005,P0012,Furniture,North,Winter,0,1,46,33.4,12.6
2024-01-07,S005,P0012,Furniture,North,Winter,1,1,61,43.1,17.9
2024-01-08,S005,P0012,Furniture,North,Winter,0,1,54,37.9,16.1
2024-01-09,S005,P0012,Furniture,North,Winter,1,0,91,90.9,0.1
2024-01-10,S005,P0012,Furniture,North,Winter,0,0,96,85.7,10.3
2024-01-11,S005,P0012,Furniture,North,Winter,1,0,73,72.1,0.9
2024-01-12,S005,P0012,Furniture,North,Winter,1,0,83,82.2,0.8
2024-01-13,S005,P0012,Furniture,North,Winter,1,0,102,98.8,3.2
2024-01-14,S005,P0012,Furniture,North,Winter,0,0,57,57.2,-0.2
2024-01-15,S005,P0012,Furniture,North,Winter,0,0,132,116.9,15.1
2024-01-16,S005,P0012,Furniture,North,Winter,0,0,72,69.6,2.4
2024-01-17,S005,P0012,Furniture,North,Winter,1,0,112,109.0,3.0
2024-01-18,S005,P0012,Furniture,North,Winter,1,0,123,112.4,10.6
2024-01-19,S005,P0012,Furniture,North,Winter,0,0,63,59.1,3.9
2024-01-20,S005,P0012,Furniture,North,Winter,0,0,105,86.5,18.5
2024-01-21,S005,P0012,Furniture,North,Winter,0,0,96,84.4,11.6
2024-01-22,S005,P0012,Furniture,North,Winter,1,0,123,138.6,-15.6
2024-01-23,S005,P0012,Furniture,North,Winter,1,0,110,105.5,4.5
2024-01-24,S005,P0012,Furniture,North,Winter,0,0,60,59.4,0.6
2024-01-25,S005,P0012,Furniture,North,Winter,1,0,4,82.0,-78.0
2024-01-26,S005,P0012,Furniture,North,Winter,0,0,65,69.1,-4.1
2024-01-27,S005,P0012,Furniture,North,Winter,0,0,66,72.4,-6.4
2024-01-28,S005,P0012,Furniture,North,Winter,0,0,96,90.5,5.5
2024-01-29,S005,P0012,Furniture,North,Winter,0,0,71,76.9,-5.9
2024-01-30,S005,P0012,Furniture,North,Winter,0,0,54,46.1,7.9
2023-09-07,S005,P0013,Groceries,North,Autumn,0,0,96,107.4,-11.4
2023-09-08,S005,P0013,Groceries,North,Autumn,0,0,111,109.3,1.7
2023-09-09,S005,P0013,Groceries,North,Autumn,1,0,129,139.2,-10.2
2023-09-10,S005,P0013,Groceries,North,Autumn,1,0,157,144.4,12.6
2023-09-11,S005,P0013,Groceries,North,Autumn,0,0,139,133.5,5.5
2023-09-12,S005,P0013,Groceries,North,Autumn,0,0,74,107.7,-33.7
2023-09-13,S005,P0013,Groceries,North,Autumn,0,0,91,100.7,-9.7
2023-09-14,S005,P0013,Groceries,North,Autumn,1,0,155,169.1,-14.1
2023-09-15,S005,P0013,Groceries,North,Autumn,1,0,102,135.9,-33.9
2023-09-16,S005,P0013,Groceries,North,Autumn,1,0,123,134.3,-11.3
2023-09-17,S005,P0013,Groceries,North,Autumn,0,0,154,127.2,26.8
2023-09-18,S005,P0013,Groceries,North,Autumn,0,0,155,129.9,25.1
2023-09-19,S005,P0013,Groceries,North,Autumn,0,0,164,112.1,51.9
2023-09-20,S005,P0013,Groceries,North,Autumn,0,0,57,121.4,-64.4
2023-09-21,S005,P0013,Groceries,North,Autumn,0,0,134,110.1,23.9
2023-09-22,S005,P0013,Groceries,North,Autumn,1,0,92,129.8,-37.8
2023-09-23,S005,P0013,Groceries,North,Autumn,0,0,108,132.7,-24.7
2023-09-24,S005,P0013,Groceries,North,Autumn,1,0,106,134.5,-28.5
2023-09-25,S005,P0013,Groceries,North,Autumn,0,0,152,120.3,31.7
2023-09-26,S005,P0013,Groceries,North,Autumn,1,0,226,175.0,51.0
2023-09-27,S005,P0013,Groceries,North,Autumn,0,0,209,137.2,71.8
2023-09-28,S005,P0013,Groceries,North,Autumn,0,0,103,112.7,-9.7
2023-09-29,S005,P0013,Groceries,North,Autumn,0,0,173,146.5,26.5
2023-09-30,S005,P0013,Groceries,North,Autumn,0,0,96,112.4,-16.4
2023-10-01,S005,P0013,Groceries,North,Autumn,0,0,92,110.7,-18.7
2023-10-02,S005,P0013,Groceries,North,Autumn,1,0,207,189.4,17.6
2023-10-03,S005,P0013,Groceries,North,Autumn,1,0,208,183.5,24.5
2023-10-04,S005,P0013,Groceries,North,Autumn,0,0,131,113.1,17.9
2023-10-05,S005,P0013,Groceries,North,Autumn,0,0,114,112.3,1.7
2023-10-06,S005,P0013,Groceries,North,Autumn,0,0,126,113.7,12.3
2023-10-07,S005,P0013,Groceries,North,Autumn,0,1,95,104.5,-9.5
2023-10-08,S005,P0013,Groceries,North,Autumn,0,1,75,105.9,-30.9
2023-10-09,S005,P0013,Groceries,North,Autumn,0,1,57,99.2,-42.2
2023-10-10,S005,P0013,Groceries,North,Autumn,1,1,38,102.1,-64.1
2023-10-11,S005,P0013,Groceries,North,Autumn,0,1,74,104.0,-30.0
2023-10-12,S005,P0013,Groceries,North,Autumn,1,1,129,105.9,23.1
2023-10-13,S005,P0013,Groceries,North,Autumn,0,1,95,79.0,16.0
2023-10-14,S005,P0013,Groceries,North,Autumn,0,1,79,79.7,-0.7
2023-10-15,S005,P0013,Groceries,North,Autumn,0,1,27,76.0,-49.0
2023-10-16,S005,P0013,Groceries,North,Autumn,1,1,112,91.8,20.2
2023-10-17,S005,P0013,Groceries,North,Autumn,1,1,173,118.6,54.4
2023-10-18,S005,P0013,Groceries,North,Autumn,0,1,73,92.0,-19.0
2023-10-19,S005,P0013,Groceries,North,Autumn,0,1,90,95.7,-5.7
2023-10-20,S005,P0013,Groceries,North,Autumn,1,1,102,114.8,-12.8
2023-10-21,S005,P0013,Groceries,North,Autumn,0,1,84,100.7,-16.7
2023-10-22,S005,P0013,Groceries,North,Autumn,1,1,81,111.3,-30.3
2023-10-23,S005,P0013,Groceries,North,Autumn,1,1,108,127.7,-19.7
2023-10-24,S005,P0013,Groceries,North,Autumn,0,1,65,80.6,-15.6
2023-10-25,S005,P0013,Groceries,North,Autumn,1,0,159,131.7,27.3
2023-10-26,S005,P0013,Groceries,North,Autumn,0,0,43,103.6,-60.6
2023-10-27,S005,P0013,Groceries,North,Autumn,0,0,138,126.8,11.2
2023-10-28,S005,P0013,Groceries,North,Autumn,0,0,71,112.4,-41.4
2023-10-29,S005,P0013,Groceries,North,Autumn,0,0,88,121.4,-33.4
2023-10-30,S005,P0013,Groceries,North,Autumn,0,0,138,109.9,28.1
2023-10-31,S005,P0013,Groceries,North,Autumn,0,0,138,115.8,22.2
2023-11-01,S005,P0013,Groceries,North,Autumn,1,0,140,146.0,-6.0
2023-11-02,S005,P0013,Groceries,North,Autumn,0,0,146,132.2,13.8
2023-11-03,S005,P0013,Groceries,North,Autumn,0,0,120,110.6,9.3
2023-11-04,S005,P0013,Groceries,North,Autumn,0,0,100,107.6,-7.7
2023-11-05,S005,P0013,Groceries,North,Autumn,1,0,167,138.7,28.3
2023-11-06,S005,P0013,Groceries,North,Autumn,0,0,109,107.8,1.2
2023-11-07,S005,P0013,Groceries,North,Autumn,0,0,81,105.8,-24.8
2023-11-08,S005,P0013,Groceries,North,Autumn,1,0,42,141.6,-99.6
2023-11-09,S005,P0013,Groceries,North,Autumn,0,0,101,107.0,-6.0
2023-11-10,S005,P0013,Groceries,North,Autumn,0,0,148,111.3,36.7
2023-11-11,S005,P0013,Groceries,North,Autumn,0,0,140,111.3,28.7
2023-11-12,S005,P0013,Groceries,North,Autumn,0,0,85,103.2,-18.2
2023-11-13,S005,P0013,Groceries,North,Autumn,0,0,89,111.1,-22.1
2023-11-14,S005,P0013,Groceries,North,Autumn,1,0,150,144.4,5.6
2023-11-15,S005,P0013,Groceries,North,Autumn,0,0,96,105.8,-9.8
2023-11-16,S005,P0013,Groceries,North,Autumn,1,0,134,142.9,-8.9
2023-11-17,S005,P0013,Groceries,North,Autumn,0,0,30,77.2,-47.2
2023-11-18,S005,P0013,Groceries,North,Autumn,1,0,95,124.4,-29.4
2023-11-19,S005,P0013,Groceries,North,Autumn,0,0,39,113.8,-74.8
2023-11-20,S005,P0013,Groceries,North,Autumn,1,0,74,127.2,-53.2
2023-11-21,S005,P0013,Groceries,North,Autumn,1,0,102,161.1,-59.1
2023-11-22,S005,P0013,Groceries,North,Autumn,0,0,66,114.4,-48.3
2023-11-23,S005,P0013,Groceries,North,Autumn,1,0,116,139.5,-23.5
2023-11-24,S005,P0013,Groceries,North,Autumn,0,0,59,107.8,-48.8
2023-11-25,S005,P0013,Groceries,North,Autumn,1,0,72,123.7,-51.7
2023-11-26,S005,P0013,Groceries,North,Autumn,0,0,116,111.0,5.0
2023-11-27,S005,P0013,Groceries,North,Autumn,0,0,125,123.5,1.5
2023-11-28,S005,P0013,Groceries,North,Autumn,0,0,122,114.4,7.6
2023-11-29,S005,P0013,Groceries,North,Autumn,0,0,118,128.4,-10.4
2023-11-30,S005,P0013,Groceries,North,Autumn,0,0,161,112.5,48.5
2023-12-01,S005,P0013,Groceries,North,Winter,1,0,160,171.1,-11.1
2023-12-02,S005,P0013,Groceries,North,Winter,1,0,258,154.9,103.1
2023-12-03,S005,P0013,Groceries,North,Winter,0,0,104,114.1,-10.1
2023-12-04,S005,P0013,Groceries,North,Winter,1,0,127,138.6,-11.6
2023-12-05,S005,P0013,Groceries,North,Winter,1,0,161,155.6,5.4
2023-12-06,S005,P0013,Groceries,North,Winter,1,0,122,182.2,-60.2
2023-12-07,S005,P0013,Groceries,North,Winter,0,0,96,113.1,-17.1
2023-12-08,S005,P0013,Groceries,North,Winter,0,0,122,115.1,6.9
2023-12-09,S005,P0013,Groceries,North,Winter,0,0,123,115.1,7.9
2023-12-10,S005,P0013,Groceries,North,Winter,0,0,119,108.6,10.4
2023-12-11,S005,P0013,Groceries,North,Winter,0,0,134,109.6,24.4
2023-12-12,S005,P0013,Groceries,North,Winter,0,0,89,124.9,-35.9
2023-12-13,S005,P0013,Groceries,North,Winter,1,0,128,159.5,-31.5
2023-12-14,S005,P0013,Groceries,North,Winter,0,0,175,136.6,38.4
2023-12-15,S005,P0013,Groceries,North,Winter,0,0,104,109.2,-5.2
2023-12-16,S005,P0013,Groceries,North,Winter,0,0,35,86.7,-51.7
2023-12-17,S005,P0013,Groceries,North,Winter,1,0,208,182.7,25.3
2023-12-18,S005,P0013,Groceries,North,Winter,0,0,134,112.7,21.3
2023-12-19,S005,P0013,Groceries,North,Winter,0,0,199,172.7,26.3
2023-12-20,S005,P0013,Groceries,North,Winter,1,0,134,139.7,-5.7
2023-12-21,S005,P0013,Groceries,North,Winter,0,0,129,138.9,-9.9
2023-12-22,S005,P0013,Groceries,North,Winter,1,0,157,169.1,-12.1
2023-12-23,S005,P0013,Groceries,North,Winter,0,0,133,120.0,13.0
2023-12-24,S005,P0013,Groceries,North,Winter,0,0,115,137.1,-22.1
2023-12-25,S005,P0013,Groceries,North,Winter,0,0,103,111.5,-8.5
2023-12-26,S005,P0013,Groceries,North,Winter,0,0,145,118.4,26.6
2023-12-27,S005,P0013,Groceries,North,Winter,1,1,47,115.2,-68.2
2023-12-28,S005,P0013,Groceries,North,Winter,0,1,49,99.6,-50.6
2023-12-29,S005,P0013,Groceries,North,Winter,0,1,92,98.8,-6.8
2023-12-30,S005,P0013,Groceries,North,Winter,0,1,36,82.9,-46.9
2023-12-31,S005,P0013,Groceries,North,Winter,0,1,89,79.6,9.4
2024-01-01,S005,P0013,Groceries,North,Winter,0,1,38,66.5,-28.5
2024-01-02,S005,P0013,Groceries,North,Winter,1,1,84,89.6,-5.6
2024-01-03,S005,P0013,Groceries,North,Winter,0,1,100,81.9,18.1
2024-01-04,S005,P0013,Groceries,North,Winter,0,1,64,66.3,-2.3
2024-01-05,S005,P0013,Groceries,North,Winter,1,1,92,107.0,-15.0
2024-01-06,S005,P0013,Groceries,North,Winter,0,1,77,68.7,8.3
2024-01-07,S005,P0013,Groceries,North,Winter,1,1,63,89.0,-26.0
2024-01-08,S005,P0013,Groceries,North,Winter,0,1,85,71.0,14.0
2024-01-09,S005,P0013,Groceries,North,Winter,1,0,59,122.9,-63.9
2024-01-10,S005,P0013,Groceries,North,Winter,1,0,121,130.2,-9.2
2024-01-11,S005,P0013,Groceries,North,Winter,0,0,121,97.3,23.7
2024-01-12,S005,P0013,Groceries,North,Winter,0,0,87,104.7,-17.7
2024-01-13,S005,P0013,Groceries,North,Winter,0,0,49,111.6,-62.6
2024-01-14,S005,P0013,Groceries,North,Winter,0,0,112,94.3,17.7
2024-01-15,S005,P0013,Groceries,North,Winter,0,0,97,109.0,-12.0
2024-01-16,S005,P0013,Groceries,North,Winter,1,0,104,127.1,-23.1
2024-01-17,S005,P0013,Groceries,North,Winter,1,0,229,153.6,75.4
2024-01-18,S005,P0013,Groceries,North,Winter,0,0,155,137.8,17.2
2024-01-19,S005,P0013,Groceries,North,Winter,0,0,92,108.6,-16.5
2024-01-20,S005,P0013,Groceries,North,Winter,0,0,205,176.8,28.2
2024-01-21,S005,P0013,Groceries,North,Winter,0,0,107,112.8,-5.8
2024-01-22,S005,P0013,Groceries,North,Winter,0,0,143,139.7,3.3
2024-01-23,S005,P0013,Groceries,North,Winter,1,0,101,135.1,-34.1
2024-01-24,S005,P0013,Groceries,North,Winter,0,0,163,114.7,48.3
2024-01-25,S005,P0013,Groceries,North,Winter,1,0,151,172.5,-21.5
2024-01-26,S005,P0013,Groceries,North,Winter,0,0,127,114.1,12.9
2024-01-27,S005,P0013,Groceries,North,Winter,1,0,175,148.1,26.9
2024-01-28,S005,P0013,Groceries,North,Winter,0,0,116,114.2,1.8
2024-01-29,S005,P0013,Groceries,North,Winter,0,0,142,111.7,30.3
2024-01-30,S005,P0013,Groceries,North,Winter,0,0,97,108.9,-11.9
2023-09-07,S005,P0014,Furniture,North,Autumn,0,0,55,56.1,-1.1
2023-09-08,S005,P0014,Furniture,North,Autumn,0,0,19,27.6,-8.6
2023-09-09,S005,P0014,Furniture,North,Autumn,0,0,88,92.2,-4.2
2023-09-10,S005,P0014,Furniture,North,Autumn,0,0,71,64.8,6.2
2023-09-11,S005,P0014,Furniture,North,Autumn,1,0,122,138.8,-16.8
2023-09-12,S005,P0014,Furniture,North,Autumn,0,0,62,59.5,2.5
2023-09-13,S005,P0014,Furniture,North,Autumn,1,0,79,90.0,-11.0
2023-09-14,S005,P0014,Furniture,North,Autumn,0,0,99,98.3,0.7
2023-09-15,S005,P0014,Furniture,North,Autumn,1,0,109,106.8,2.2
2023-09-16,S005,P0014,Furniture,North,Autumn,0,0,77,74.0,3.0
2023-09-17,S005,P0014,Furniture,North,Autumn,0,0,55,49.4,5.6
2023-09-18,S005,P0014,Furniture,North,Autumn,1,0,93,88.4,4.5
2023-09-19,S005,P0014,Furniture,North,Autumn,0,0,84,81.4,2.7
2023-09-20,S005,P0014,Furniture,North,Autumn,0,0,61,61.8,-0.9
2023-09-21,S005,P0014,Furniture,North,Autumn,0,0,78,81.0,-3.0
2023-09-22,S005,P0014,Furniture,North,Autumn,0,0,58,58.4,-0.4
2023-09-23,S005,P0014,Furniture,North,Autumn,0,0,56,55.7,0.3
2023-09-24,S005,P0014,Furniture,North,Autumn,0,0,77,71.4,5.6
2023-09-25,S005,P0014,Furniture,North,Autumn,0,0,81,85.4,-4.4
2023-09-26,S005,P0014,Furniture,North,Autumn,1,0,84,68.3,15.7
2023-09-27,S005,P0014,Furniture,North,Autumn,1,0,103,104.0,-1.0
2023-09-28,S005,P0014,Furniture,North,Autumn,1,0,93,92.6,0.4
2023-09-29,S005,P0014,Furniture,North,Autumn,0,0,139,116.0,23.0
2023-09-30,S005,P0014,Furniture,North,Autumn,0,0,57,51.8,5.2
2023-10-01,S005,P0014,Furniture,North,Autumn,0,0,71,75.8,-4.8
2023-10-02,S005,P0014,Furniture,North,Autumn,0,0,104,97.4,6.6
2023-10-03,S005,P0014,Furniture,North,Autumn,0,0,58,58.4,-0.4
2023-10-04,S005,P0014,Furniture,North,Autumn,0,0,99,97.1,1.9
2023-10-05,S005,P0014,Furniture,North,Autumn,0,0,51,49.5,1.5
2023-10-06,S005,P0014,Furniture,North,Autumn,0,0,103,104.0,-1.0
2023-10-07,S005,P0014,Furniture,North,Autumn,0,1,37,33.0,4.0
2023-10-08,S005,P0014,Furniture,North,Autumn,1,1,62,51.7,10.3
2023-10-09,S005,P0014,Furniture,North,Autumn,1,1,65,53.0,12.0
2023-10-10,S005,P0014,Furniture,North,Autumn,0,1,46,36.7,9.3
2023-10-11,S005,P0014,Furniture,North,Autumn,1,1,37,51.5,-14.5
2023-10-12,S005,P0014,Furniture,North,Autumn,1,1,45,50.0,-5.0
2023-10-13,S005,P0014,Furniture,North,Autumn,0,1,37,33.5,3.5
2023-10-14,S005,P0014,Furniture,North,Autumn,1,1,36,42.9,-6.9
2023-10-15,S005,P0014,Furniture,North,Autumn,1,1,23,39.2,-16.2
2023-10-16,S005,P0014,Furniture,North,Autumn,0,1,28,31.3,-3.3
2023-10-17,S005,P0014,Furniture,North,Autumn,1,1,63,51.1,11.9
2023-10-18,S005,P0014,Furniture,North,Autumn,1,1,54,51.3,2.7
2023-10-19,S005,P0014,Furniture,North,Autumn,1,1,82,54.6,27.4
2023-10-20,S005,P0014,Furniture,North,Autumn,0,1,38,46.1,-8.1
2023-10-21,S005,P0014,Furniture,North,Autumn,0,1,24,32.2,-8.2
2023-10-22,S005,P0014,Furniture,North,Autumn,1,1,55,50.5,4.5
2023-10-23,S005,P0014,Furniture,North,Autumn,0,1,46,35.9,10.1
2023-10-24,S005,P0014,Furniture,North,Autumn,0,1,25,33.0,-8.0
2023-10-25,S005,P0014,Furniture,North,Autumn,0,0,66,74.4,-8.4
2023-10-26,S005,P0014,Furniture,North,Autumn,0,0,72,70.9,1.1
2023-10-27,S005,P0014,Furniture,North,Autumn,0,0,117,109.1,7.9
2023-10-28,S005,P0014,Furniture,North,Autumn,0,0,104,102.3,1.7
2023-10-29,S005,P0014,Furniture,North,Autumn,0,0,72,63.6,8.4
2023-10-30,S005,P0014,Furniture,North,Autumn,0,0,76,84.0,-8.0
2023-10-31,S005,P0014,Furniture,North,Autumn,0,0,66,63.6,2.4
2023-11-01,S005,P0014,Furniture,North,Autumn,0,0,54,56.1,-2.1
2023-11-02,S005,P0014,Furniture,North,Autumn,1,0,134,121.2,12.8
2023-11-03,S005,P0014,Furniture,North,Autumn,1,0,57,63.0,-6.0
2023-11-04,S005,P0014,Furniture,North,Autumn,1,0,62,68.4,-6.4
2023-11-05,S005,P0014,Furniture,North,Autumn,1,0,99,110.9,-11.9
2023-11-06,S005,P0014,Furniture,North,Autumn,0,0,83,74.8,8.2
2023-11-07,S005,P0014,Furniture,North,Autumn,0,0,59,52.4,6.6
2023-11-08,S005,P0014,Furniture,North,Autumn,1,0,95,102.8,-7.8
2023-11-09,S005,P0014,Furniture,North,Autumn,0,0,73,77.6,-4.7
2023-11-10,S005,P0014,Furniture,North,Autumn,1,0,154,144.1,9.9
2023-11-11,S005,P0014,Furniture,North,Autumn,1,0,112,106.4,5.6
2023-11-12,S005,P0014,Furniture,North,Autumn,1,0,105,97.1,7.9
2023-11-13,S005,P0014,Furniture,North,Autumn,0,0,50,57.6,-7.5
2023-11-14,S005,P0014,Furniture,North,Autumn,1,0,78,79.9,-1.9
2023-11-15,S005,P0014,Furniture,North,Autumn,1,0,91,105.7,-14.7
2023-11-16,S005,P0014,Furniture,North,Autumn,0,0,106,110.8,-4.8
2023-11-17,S005,P0014,Furniture,North,Autumn,0,0,80,73.0,7.0
2023-11-18,S005,P0014,Furniture,North,Autumn,0,0,81,74.8,6.2
2023-11-19,S005,P0014,Furniture,North,Autumn,0,0,82,82.7,-0.7
2023-11-20,S005,P0014,Furniture,North,Autumn,0,0,77,77.7,-0.7
2023-11-21,S005,P0014,Furniture,North,Autumn,0,0,94,96.5,-2.5
2023-11-22,S005,P0014,Furniture,North,Autumn,0,0,82,78.4,3.5
2023-11-23,S005,P0014,Furniture,North,Autumn,0,0,72,72.3,-0.3
2023-11-24,S005,P0014,Furniture,North,Autumn,0,0,62,59.7,2.3
2023-11-25,S005,P0014,Furniture,North,Autumn,0,0,30,33.2,-3.2
2023-11-26,S005,P0014,Furniture,North,Autumn,0,0,66,66.4,-0.3
2023-11-27,S005,P0014,Furniture,North,Autumn,0,0,116,112.8,3.2
2023-11-28,S005,P0014,Furniture,North,Autumn,0,0,84,85.3,-1.3
2023-11-29,S005,P0014,Furniture,North,Autumn,0,0,76,79.6,-3.5
2023-11-30,S005,P0014,Furniture,North,Autumn,0,0,95,98.4,-3.4
2023-12-01,S005,P0014,Furniture,North,Winter,0,0,35,40.3,-5.3
2023-12-02,S005,P0014,Furniture,North,Winter,0,0,84,80.8,3.2
2023-12-03,S005,P0014,Furniture,North,Winter,1,0,52,58.9,-6.9
2023-12-04,S005,P0014,Furniture,North,Winter,0,0,97,98.2,-1.2
2023-12-05,S005,P0014,Furniture,North,Winter,0,0,99,95.6,3.5
2023-12-06,S005,P0014,Furniture,North,Winter,0,0,126,113.5,12.5
2023-12-07,S005,P0014,Furniture,North,Winter,0,0,92,91.7,0.3
2023-12-08,S005,P0014,Furniture,North,Winter,0,0,96,99.3,-3.3
2023-12-09,S005,P0014,Furniture,North,Winter,1,0,117,106.2,10.8
2023-12-10,S005,P0014,Furniture,North,Winter,1,0,101,90.6,10.4
2023-12-11,S005,P0014,Furniture,North,Winter,1,0,119,116.0,3.0
2023-12-12,S005,P0014,Furniture,North,Winter,1,0,102,132.4,-30.4
2023-12-13,S005,P0014,Furniture,North,Winter,0,0,94,92.6,1.4
2023-12-14,S005,P0014,Furniture,North,Winter,1,0,142,138.4,3.6
2023-12-15,S005,P0014,Furniture,North,Winter,0,0,52,54.0,-2.0
2023-12-16,S005,P0014,Furniture,North,Winter,1,0,36,65.7,-29.7
2023-12-17,S005,P0014,Furniture,North,Winter,0,0,71,67.8,3.2
2023-12-18,S005,P0014,Furniture,North,Winter,0,0,56,57.1,-1.1
2023-12-19,S005,P0014,Furniture,North,Winter,0,0,68,63.6,4.4
2023-12-20,S005,P0014,Furniture,North,Winter,0,0,84,84.4,-0.4
2023-12-21,S005,P0014,Furniture,North,Winter,1,0,117,111.8,5.2
2023-12-22,S005,P0014,Furniture,North,Winter,0,0,83,85.0,-2.0
2023-12-23,S005,P0014,Furniture,North,Winter,1,0,40,53.1,-13.1
2023-12-24,S005,P0014,Furniture,North,Winter,1,0,136,142.2,-6.2
2023-12-25,S005,P0014,Furniture,North,Winter,0,0,77,74.8,2.2
2023-12-26,S005,P0014,Furniture,North,Winter,0,0,73,71.7,1.3
2023-12-27,S005,P0014,Furniture,North,Winter,0,1,16,34.4,-18.4
2023-12-28,S005,P0014,Furniture,North,Winter,0,1,29,49.9,-20.9
2023-12-29,S005,P0014,Furniture,North,Winter,0,1,34,38.8,-4.8
2023-12-30,S005,P0014,Furniture,North,Winter,0,1,33,38.4,-5.4
2023-12-31,S005,P0014,Furniture,North,Winter,0,1,59,53.3,5.7
2024-01-01,S005,P0014,Furniture,North,Winter,1,1,62,65.4,-3.4
2024-01-02,S005,P0014,Furniture,North,Winter,0,1,34,32.2,1.9
2024-01-03,S005,P0014,Furniture,North,Winter,0,1,33,33.4,-0.4
2024-01-04,S005,P0014,Furniture,North,Winter,0,1,33,32.3,0.7
2024-01-05,S005,P0014,Furniture,North,Winter,1,1,52,48.7,3.3
2024-01-06,S005,P0014,Furniture,North,Winter,0,1,28,31.0,-3.0
2024-01-07,S005,P0014,Furniture,North,Winter,0,1,15,29.4,-14.4
2024-01-08,S005,P0014,Furniture,North,Winter,0,1,36,32.9,3.1
2024-01-09,S005,P0014,Furniture,North,Winter,1,0,65,94.5,-29.5
2024-01-10,S005,P0014,Furniture,North,Winter,0,0,95,87.8,7.2
2024-01-11,S005,P0014,Furniture,North,Winter,0,0,46,78.6,-32.6
2024-01-12,S005,P0014,Furniture,North,Winter,0,0,124,100.3,23.7
2024-01-13,S005,P0014,Furniture,North,Winter,0,0,37,51.3,-14.3
2024-01-14,S005,P0014,Furniture,North,Winter,0,0,66,63.9,2.1
2024-01-15,S005,P0014,Furniture,North,Winter,0,0,114,112.6,1.4
2024-01-16,S005,P0014,Furniture,North,Winter,1,0,86,101.1,-15.1
2024-01-17,S005,P0014,Furniture,North,Winter,0,0,36,41.1,-5.1
2024-01-18,S005,P0014,Furniture,North,Winter,1,0,107,104.1,2.9
2024-01-19,S005,P0014,Furniture,North,Winter,1,0,78,62.5,15.5
2024-01-20,S005,P0014,Furniture,North,Winter,1,0,112,121.0,-9.0
2024-01-21,S005,P0014,Furniture,North,Winter,1,0,98,102.4,-4.4
2024-01-22,S005,P0014,Furniture,North,Winter,1,0,63,74.4,-11.4
2024-01-23,S005,P0014,Furniture,North,Winter,0,0,51,52.7,-1.7
2024-01-24,S005,P0014,Furniture,North,Winter,0,0,111,106.3,4.7
2024-01-25,S005,P0014,Furniture,North,Winter,0,0,66,63.2,2.8
2024-01-26,S005,P0014,Furniture,North,Winter,0,0,65,57.0,8.0
2024-01-27,S005,P0014,Furniture,North,Winter,1,0,67,80.4,-13.4
2024-01-28,S005,P0014,Furniture,North,Winter,0,0,85,88.2,-3.2
2024-01-29,S005,P0014,Furniture,North,Winter,0,0,90,91.3,-1.3
2024-01-30,S005,P0014,Furniture,North,Winter,0,0,120,111.8,8.2
2023-09-07,S005,P0015,Groceries,North,Autumn,1,0,133,130.8,2.2
2023-09-08,S005,P0015,Groceries,North,Autumn,0,0,137,97.8,39.2
2023-09-09,S005,P0015,Groceries,North,Autumn,1,0,235,135.2,99.8
2023-09-10,S005,P0015,Groceries,North,Autumn,0,0,24,104.5,-80.5
2023-09-11,S005,P0015,Groceries,North,Autumn,0,0,92,122.5,-30.5
2023-09-12,S005,P0015,Groceries,North,Autumn,0,0,99,96.4,2.6
2023-09-13,S005,P0015,Groceries,North,Autumn,0,0,123,95.3,27.7
2023-09-14,S005,P0015,Groceries,North,Autumn,1,0,110,141.1,-31.1
2023-09-15,S005,P0015,Groceries,North,Autumn,0,0,46,91.9,-45.9
2023-09-16,S005,P0015,Groceries,North,Autumn,0,0,84,88.6,-4.6
2023-09-17,S005,P0015,Groceries,North,Autumn,0,0,116,120.2,-4.2
2023-09-18,S005,P0015,Groceries,North,Autumn,1,0,163,126.5,36.5
2023-09-19,S005,P0015,Groceries,North,Autumn,0,0,100,95.9,4.1
2023-09-20,S005,P0015,Groceries,North,Autumn,0,0,163,124.2,38.8
2023-09-21,S005,P0015,Groceries,North,Autumn,0,0,44,83.9,-39.9
2023-09-22,S005,P0015,Groceries,North,Autumn,1,0,134,129.8,4.2
2023-09-23,S005,P0015,Groceries,North,Autumn,1,0,146,141.8,4.2
2023-09-24,S005,P0015,Groceries,North,Autumn,0,0,94,92.2,1.8
2023-09-25,S005,P0015,Groceries,North,Autumn,0,0,170,107.3,62.7
2023-09-26,S005,P0015,Groceries,North,Autumn,0,0,126,102.8,23.2
2023-09-27,S005,P0015,Groceries,North,Autumn,1,0,226,137.6,88.4
2023-09-28,S005,P0015,Groceries,North,Autumn,1,0,205,140.6,64.4
2023-09-29,S005,P0015,Groceries,North,Autumn,0,0,207,134.1,72.9
2023-09-30,S005,P0015,Groceries,North,Autumn,0,0,82,109.1,-27.1
2023-10-01,S005,P0015,Groceries,North,Autumn,1,0,153,131.5,21.5
2023-10-02,S005,P0015,Groceries,North,Autumn,0,0,95,125.6,-30.6
2023-10-03,S005,P0015,Groceries,North,Autumn,0,0,96,98.4,-2.5
2023-10-04,S005,P0015,Groceries,North,Autumn,0,0,109,94.3,14.7
2023-10-05,S005,P0015,Groceries,North,Autumn,0,0,93,88.9,4.1
2023-10-06,S005,P0015,Groceries,North,Autumn,1,0,249,131.2,117.8
2023-10-07,S005,P0015,Groceries,North,Autumn,1,1,73,116.9,-43.9
2023-10-08,S005,P0015,Groceries,North,Autumn,1,1,130,110.5,19.5
2023-10-09,S005,P0015,Groceries,North,Autumn,1,1,64,108.5,-44.5
2023-10-10,S005,P0015,Groceries,North,Autumn,0,1,73,68.2,4.8
2023-10-11,S005,P0015,Groceries,North,Autumn,0,1,124,83.8,40.2
2023-10-12,S005,P0015,Groceries,North,Autumn,0,1,124,70.8,53.2
2023-10-13,S005,P0015,Groceries,North,Autumn,0,1,123,83.2,39.8
2023-10-14,S005,P0015,Groceries,North,Autumn,0,1,100,73.1,26.9
2023-10-15,S005,P0015,Groceries,North,Autumn,1,1,104,98.2,5.8
2023-10-16,S005,P0015,Groceries,North,Autumn,0,1,69,71.4,-2.4
2023-10-17,S005,P0015,Groceries,North,Autumn,0,1,137,88.1,48.9
2023-10-18,S005,P0015,Groceries,North,Autumn,0,1,43,77.5,-34.5
2023-10-19,S005,P0015,Groceries,North,Autumn,0,1,111,73.9,37.1
2023-10-20,S005,P0015,Groceries,North,Autumn,0,1,79,74.2,4.8
2023-10-21,S005,P0015,Groceries,North,Autumn,0,1,91,95.8,-4.8
2023-10-22,S005,P0015,Groceries,North,Autumn,1,1,83,94.6,-11.6
2023-10-23,S005,P0015,Groceries,North,Autumn,0,1,39,81.3,-42.3
2023-10-24,S005,P0015,Groceries,North,Autumn,1,1,48,91.5,-43.5
2023-10-25,S005,P0015,Groceries,North,Autumn,0,0,73,114.3,-41.3
2023-10-26,S005,P0015,Groceries,North,Autumn,1,0,237,131.2,105.8
2023-10-27,S005,P0015,Groceries,North,Autumn,0,0,104,116.4,-12.4
2023-10-28,S005,P0015,Groceries,North,Autumn,1,0,208,150.1,57.9
2023-10-29,S005,P0015,Groceries,North,Autumn,0,0,64,114.8,-50.8
2023-10-30,S005,P0015,Groceries,North,Autumn,0,0,82,90.9,-8.9
2023-10-31,S005,P0015,Groceries,North,Autumn,0,0,110,97.0,13.0
2023-11-01,S005,P0015,Groceries,North,Autumn,1,0,156,132.0,24.0
2023-11-02,S005,P0015,Groceries,North,Autumn,1,0,132,142.5,-10.5
2023-11-03,S005,P0015,Groceries,North,Autumn,0,0,111,95.8,15.2
2023-11-04,S005,P0015,Groceries,North,Autumn,0,0,124,102.0,22.0
2023-11-05,S005,P0015,Groceries,North,Autumn,0,0,127,95.6,31.4
2023-11-06,S005,P0015,Groceries,North,Autumn,0,0,139,101.6,37.4
2023-11-07,S005,P0015,Groceries,North,Autumn,0,0,125,92.3,32.7
2023-11-08,S005,P0015,Groceries,North,Autumn,0,0,90,116.3,-26.3
2023-11-09,S005,P0015,Groceries,North,Autumn,0,0,76,94.0,-18.0
2023-11-10,S005,P0015,Groceries,North,Autumn,0,0,125,94.5,30.5
2023-11-11,S005,P0015,Groceries,North,Autumn,1,0,126,132.4,-6.4
2023-11-12,S005,P0015,Groceries,North,Autumn,0,0,85,94.0,-9.0
2023-11-13,S005,P0015,Groceries,North,Autumn,0,0,91,95.7,-4.7
2023-11-14,S005,P0015,Groceries,North,Autumn,0,0,83,91.7,-8.7
2023-11-15,S005,P0015,Groceries,North,Autumn,0,0,115,91.6,23.4
2023-11-16,S005,P0015,Groceries,North,Autumn,0,0,196,112.2,83.8
2023-11-17,S005,P0015,Groceries,North,Autumn,0,0,99,91.2,7.8
2023-11-18,S005,P0015,Groceries,North,Autumn,0,0,118,98.3,19.7
2023-11-19,S005,P0015,Groceries,North,Autumn,0,0,93,116.6,-23.6
2023-11-20,S005,P0015,Groceries,North,Autumn,1,0,129,128.3,0.7
2023-11-21,S005,P0015,Groceries,North,Autumn,1,0,203,144.0,59.1
2023-11-22,S005,P0015,Groceries,North,Autumn,1,0,172,136.7,35.3
2023-11-23,S005,P0015,Groceries,North,Autumn,1,0,167,123.4,43.6
2023-11-24,S005,P0015,Groceries,North,Autumn,0,0,102,92.8,9.2
2023-11-25,S005,P0015,Groceries,North,Autumn,0,0,50,100.7,-50.7
2023-11-26,S005,P0015,Groceries,North,Autumn,1,0,110,158.5,-48.5
2023-11-27,S005,P0015,Groceries,North,Autumn,1,0,237,152.7,84.3
2023-11-28,S005,P0015,Groceries,North,Autumn,1,0,102,121.6,-19.6
2023-11-29,S005,P0015,Groceries,North,Autumn,0,0,158,123.0,35.0
2023-11-30,S005,P0015,Groceries,North,Autumn,0,0,95,100.0,-5.0
2023-12-01,S005,P0015,Groceries,North,Winter,0,0,135,115.8,19.2
2023-12-02,S005,P0015,Groceries,North,Winter,1,0,180,137.3,42.7
2023-12-03,S005,P0015,Groceries,North,Winter,1,0,69,134.3,-65.3
2023-12-04,S005,P0015,Groceries,North,Winter,0,0,105,103.8,1.2
2023-12-05,S005,P0015,Groceries,North,Winter,0,0,75,98.1,-23.1
2023-12-06,S005,P0015,Groceries,North,Winter,1,0,132,141.7,-9.7
2023-12-07,S005,P0015,Groceries,North,Winter,0,0,78,95.8,-17.8
2023-12-08,S005,P0015,Groceries,North,Winter,0,0,77,93.0,-16.0
2023-12-09,S005,P0015,Groceries,North,Winter,0,0,67,89.2,-22.2
2023-12-10,S005,P0015,Groceries,North,Winter,0,0,57,87.6,-30.6
2023-12-11,S005,P0015,Groceries,North,Winter,0,0,50,88.3,-38.3
2023-12-12,S005,P0015,Groceries,North,Winter,0,0,99,97.9,1.1
2023-12-13,S005,P0015,Groceries,North,Winter,1,0,48,162.6,-114.6
2023-12-14,S005,P0015,Groceries,North,Winter,1,0,121,134.9,-13.9
2023-12-15,S005,P0015,Groceries,North,Winter,0,0,93,87.0,6.0
2023-12-16,S005,P0015,Groceries,North,Winter,1,0,137,120.1,16.9
2023-12-17,S005,P0015,Groceries,North,Winter,1,0,87,116.9,-29.9
2023-12-18,S005,P0015,Groceries,North,Winter,0,0,100,104.1,-4.1
2023-12-19,S005,P0015,Groceries,North,Winter,0,0,178,119.4,58.6
2023-12-20,S005,P0015,Groceries,North,Winter,0,0,44,86.8,-42.8
2023-12-21,S005,P0015,Groceries,North,Winter,0,0,144,119.5,24.5
2023-12-22,S005,P0015,Groceries,North,Winter,0,0,179,121.1,57.9
2023-12-23,S005,P0015,Groceries,North,Winter,0,0,144,103.1,40.9
2023-12-24,S005,P0015,Groceries,North,Winter,0,0,86,113.5,-27.5
2023-12-25,S005,P0015,Groceries,North,Winter,1,0,190,129.4,60.6
2023-12-26,S005,P0015,Groceries,North,Winter,0,0,103,95.1,7.9
2023-12-27,S005,P0015,Groceries,North,Winter,1,1,84,110.4,-26.4
2023-12-28,S005,P0015,Groceries,North,Winter,1,1,106,133.0,-27.0
2023-12-29,S005,P0015,Groceries,North,Winter,0,1,91,75.1,15.9
2023-12-30,S005,P0015,Groceries,North,Winter,0,1,65,69.2,-4.2
2023-12-31,S005,P0015,Groceries,North,Winter,0,1,64,71.1,-7.1
2024-01-01,S005,P0015,Groceries,North,Winter,1,1,164,97.8,66.2
2024-01-02,S005,P0015,Groceries,North,Winter,0,1,105,73.5,31.5
2024-01-03,S005,P0015,Groceries,North,Winter,1,1,69,92.6,-23.6
2024-01-04,S005,P0015,Groceries,North,Winter,0,1,75,65.5,9.5
2024-01-05,S005,P0015,Groceries,North,Winter,0,1,103,74.3,28.7
2024-01-06,S005,P0015,Groceries,North,Winter,0,1,71,66.2,4.8
2024-01-07,S005,P0015,Groceries,North,Winter,1,1,66,88.9,-22.9
2024-01-08,S005,P0015,Groceries,North,Winter,0,1,55,68.2,-13.2
2024-01-09,S005,P0015,Groceries,North,Winter,1,0,101,122.1,-21.1
2024-01-10,S005,P0015,Groceries,North,Winter,0,0,43,89.8,-46.8
2024-01-11,S005,P0015,Groceries,North,Winter,0,0,109,86.4,22.6
2024-01-12,S005,P0015,Groceries,North,Winter,1,0,180,125.6,54.4
2024-01-13,S005,P0015,Groceries,North,Winter,1,0,111,149.5,-38.5
2024-01-14,S005,P0015,Groceries,North,Winter,0,0,109,95.0,14.0
2024-01-15,S005,P0015,Groceries,North,Winter,0,0,94,95.6,-1.6
2024-01-16,S005,P0015,Groceries,North,Winter,0,0,111,90.5,20.5
2024-01-17,S005,P0015,Groceries,North,Winter,0,0,76,94.8,-18.8
2024-01-18,S005,P0015,Groceries,North,Winter,0,0,109,117.4,-8.4
2024-01-19,S005,P0015,Groceries,North,Winter,0,0,126,91.9,34.1
2024-01-20,S005,P0015,Groceries,North,Winter,1,0,140,143.6,-3.6
2024-01-21,S005,P0015,Groceries,North,Winter,0,0,159,112.7,46.3
2024-01-22,S005,P0015,Groceries,North,Winter,0,0,86,110.7,-24.7
2024-01-23,S005,P0015,Groceries,North,Winter,0,0,104,92.0,12.0
2024-01-24,S005,P0015,Groceries,North,Winter,0,0,136,106.0,30.0
2024-01-25,S005,P0015,Groceries,North,Winter,0,0,103,109.7,-6.7
2024-01-26,S005,P0015,Groceries,North,Winter,1,0,151,134.2,16.8
2024-01-27,S005,P0015,Groceries,North,Winter,1,0,120,128.7,-8.7
2024-01-28,S005,P0015,Groceries,North,Winter,1,0,193,140.1,52.9
2024-01-29,S005,P0015,Groceries,North,Winter,0,0,94,95.9,-1.9
2024-01-30,S005,P0015,Groceries,North,Winter,0,0,122,90.2,31.8
2023-09-07,S005,P0016,Toys,North,Autumn,0,0,71,87.7,-16.7
2023-09-08,S005,P0016,Toys,North,Autumn,0,0,77,86.7,-9.7
2023-09-09,S005,P0016,Toys,North,Autumn,1,0,81,102.7,-21.7
2023-09-10,S005,P0016,Toys,North,Autumn,1,0,129,115.6,13.4
2023-09-11,S005,P0016,Toys,North,Autumn,0,0,112,110.8,1.2
2023-09-12,S005,P0016,Toys,North,Autumn,1,0,99,120.2,-21.2
2023-09-13,S005,P0016,Toys,North,Autumn,0,0,121,94.8,26.2
2023-09-14,S005,P0016,Toys,North,Autumn,0,0,161,125.7,35.3
2023-09-15,S005,P0016,Toys,North,Autumn,0,0,89,96.0,-7.0
2023-09-16,S005,P0016,Toys,North,Autumn,1,0,142,126.7,15.3
2023-09-17,S005,P0016,Toys,North,Autumn,0,0,82,98.6,-16.6
2023-09-18,S005,P0016,Toys,North,Autumn,0,0,105,88.7,16.3
2023-09-19,S005,P0016,Toys,North,Autumn,0,0,120,99.2,20.8
2023-09-20,S005,P0016,Toys,North,Autumn,0,0,113,105.5,7.5
2023-09-21,S005,P0016,Toys,North,Autumn,0,0,79,87.5,-8.5
2023-09-22,S005,P0016,Toys,North,Autumn,1,0,121,126.3,-5.3
2023-09-23,S005,P0016,Toys,North,Autumn,0,0,97,108.8,-11.8
2023-09-24,S005,P0016,Toys,North,Autumn,1,0,141,127.6,13.4
2023-09-25,S005,P0016,Toys,North,Autumn,0,0,116,95.4,20.6
2023-09-26,S005,P0016,Toys,North,Autumn,0,0,110,97.9,12.1
2023-09-27,S005,P0016,Toys,North,Autumn,1,0,131,134.8,-3.8
2023-09-28,S005,P0016,Toys,North,Autumn,1,0,130,128.2,1.8
2023-09-29,S005,P0016,Toys,North,Autumn,0,0,120,111.5,8.5
2023-09-30,S005,P0016,Toys,North,Autumn,0,0,102,95.7,6.3
2023-10-01,S005,P0016,Toys,North,Autumn,0,0,124,93.4,30.6
2023-10-02,S005,P0016,Toys,North,Autumn,1,0,173,144.9,28.1
2023-10-03,S005,P0016,Toys,North,Autumn,0,0,83,106.4,-23.4
2023-10-04,S005,P0016,Toys,North,Autumn,1,0,151,139.5,11.5
2023-10-05,S005,P0016,Toys,North,Autumn,1,0,82,125.1,-43.1
2023-10-06,S005,P0016,Toys,North,Autumn,1,0,144,128.3,15.7
2023-10-07,S005,P0016,Toys,North,Autumn,1,1,22,100.3,-78.3
2023-10-08,S005,P0016,Toys,North,Autumn,0,1,57,60.7,-3.7
2023-10-09,S005,P0016,Toys,North,Autumn,1,1,50,95.5,-45.5
2023-10-10,S005,P0016,Toys,North,Autumn,0,1,23,17.5,5.5
2023-10-11,S005,P0016,Toys,North,Autumn,0,1,21,22.4,-1.4
2023-10-12,S005,P0016,Toys,North,Autumn,0,1,19,30.5,-11.5
2023-10-13,S005,P0016,Toys,North,Autumn,1,1,17,30.9,-13.9
2023-10-14,S005,P0016,Toys,North,Autumn,0,1,25,35.7,-10.7
2023-10-15,S005,P0016,Toys,North,Autumn,0,1,27,26.0,1.0
2023-10-16,S005,P0016,Toys,North,Autumn,0,1,17,26.4,-9.4
2023-10-17,S005,P0016,Toys,North,Autumn,0,1,11,33.8,-22.8
2023-10-18,S005,P0016,Toys,North,Autumn,1,1,54,41.9,12.1
2023-10-19,S005,P0016,Toys,North,Autumn,0,1,20,35.1,-15.1
2023-10-20,S005,P0016,Toys,North,Autumn,0,1,9,23.6,-14.6
2023-10-21,S005,P0016,Toys,North,Autumn,0,1,23,34.9,-11.9
2023-10-22,S005,P0016,Toys,North,Autumn,0,1,32,31.8,0.2
2023-10-23,S005,P0016,Toys,North,Autumn,1,1,30,33.4,-3.4
2023-10-24,S005,P0016,Toys,North,Autumn,0,1,21,32.7,-11.7
2023-10-25,S005,P0016,Toys,North,Autumn,0,0,93,104.5,-11.5
2023-10-26,S005,P0016,Toys,North,Autumn,0,0,77,106.2,-29.2
2023-10-27,S005,P0016,Toys,North,Autumn,0,0,81,101.9,-20.9
2023-10-28,S005,P0016,Toys,North,Autumn,1,0,248,132.6,115.4
2023-10-29,S005,P0016,Toys,North,Autumn,0,0,75,105.2,-30.2
2023-10-30,S005,P0016,Toys,North,Autumn,0,0,83,90.3,-7.3
2023-10-31,S005,P0016,Toys,North,Autumn,0,0,72,98.4,-26.4
2023-11-01,S005,P0016,Toys,North,Autumn,1,0,160,132.6,27.4
2023-11-02,S005,P0016,Toys,North,Autumn,0,0,115,104.0,11.0
2023-11-03,S005,P0016,Toys,North,Autumn,1,0,69,109.5,-40.5
2023-11-04,S005,P0016,Toys,North,Autumn,0,0,128,120.1,7.9
2023-11-05,S005,P0016,Toys,North,Autumn,1,0,151,123.0,28.0
2023-11-06,S005,P0016,Toys,North,Autumn,0,0,51,94.1,-43.1
2023-11-07,S005,P0016,Toys,North,Autumn,0,0,90,94.3,-4.3
2023-11-08,S005,P0016,Toys,North,Autumn,0,0,65,104.3,-39.3
2023-11-09,S005,P0016,Toys,North,Autumn,1,0,67,112.3,-45.3
2023-11-10,S005,P0016,Toys,North,Autumn,0,0,80,92.3,-12.3
2023-11-11,S005,P0016,Toys,North,Autumn,0,0,112,91.8,20.2
2023-11-12,S005,P0016,Toys,North,Autumn,1,0,128,115.6,12.4
2023-11-13,S005,P0016,Toys,North,Autumn,1,0,121,108.3,12.7
2023-11-14,S005,P0016,Toys,North,Autumn,0,0,124,91.8,32.2
2023-11-15,S005,P0016,Toys,North,Autumn,0,0,56,89.8,-33.8
2023-11-16,S005,P0016,Toys,North,Autumn,0,0,124,98.2,25.8
2023-11-17,S005,P0016,Toys,North,Autumn,1,0,98,107.2,-9.2
2023-11-18,S005,P0016,Toys,North,Autumn,0,0,128,96.8,31.2
2023-11-19,S005,P0016,Toys,North,Autumn,1,0,108,132.0,-23.9
2023-11-20,S005,P0016,Toys,North,Autumn,0,0,75,88.3,-13.3
2023-11-21,S005,P0016,Toys,North,Autumn,1,0,151,149.2,1.8
2023-11-22,S005,P0016,Toys,North,Autumn,0,0,98,96.7,1.3
2023-11-23,S005,P0016,Toys,North,Autumn,1,0,128,126.6,1.4
2023-11-24,S005,P0016,Toys,North,Autumn,0,0,84,95.0,-11.0
2023-11-25,S005,P0016,Toys,North,Autumn,0,0,162,97.7,64.3
2023-11-26,S005,P0016,Toys,North,Autumn,0,0,140,122.8,17.2
2023-11-27,S005,P0016,Toys,North,Autumn,0,0,142,113.1,28.9
2023-11-28,S005,P0016,Toys,North,Autumn,0,0,79,99.7,-20.7
2023-11-29,S005,P0016,Toys,North,Autumn,0,0,66,99.8,-33.8
2023-11-30,S005,P0016,Toys,North,Autumn,0,0,74,94.6,-20.6
2023-12-01,S005,P0016,Toys,North,Winter,1,0,156,133.6,22.4
2023-12-02,S005,P0016,Toys,North,Winter,0,0,118,99.2,18.8
2023-12-03,S005,P0016,Toys,North,Winter,1,0,145,144.8,0.2
2023-12-04,S005,P0016,Toys,North,Winter,1,0,83,121.4,-38.4
2023-12-05,S005,P0016,Toys,North,Winter,1,0,87,112.6,-25.6
2023-12-06,S005,P0016,Toys,North,Winter,0,0,76,100.4,-24.5
2023-12-07,S005,P0016,Toys,North,Winter,1,0,96,122.7,-26.7
2023-12-08,S005,P0016,Toys,North,Winter,1,0,133,122.6,10.4
2023-12-09,S005,P0016,Toys,North,Winter,0,0,59,91.1,-32.1
2023-12-10,S005,P0016,Toys,North,Winter,0,0,88,93.6,-5.6
2023-12-11,S005,P0016,Toys,North,Winter,0,0,78,86.4,-8.4
2023-12-12,S005,P0016,Toys,North,Winter,0,0,122,105.7,16.3
2023-12-13,S005,P0016,Toys,North,Winter,0,0,118,113.6,4.4
2023-12-14,S005,P0016,Toys,North,Winter,0,0,159,128.6,30.4
2023-12-15,S005,P0016,Toys,North,Winter,0,0,25,90.0,-65.0
2023-12-16,S005,P0016,Toys,North,Winter,0,0,154,99.8,54.2
2023-12-17,S005,P0016,Toys,North,Winter,0,0,111,99.0,12.0
2023-12-18,S005,P0016,Toys,North,Winter,1,0,115,124.3,-9.3
2023-12-19,S005,P0016,Toys,North,Winter,0,0,185,123.6,61.4
2023-12-20,S005,P0016,Toys,North,Winter,0,0,97,97.6,-0.6
2023-12-21,S005,P0016,Toys,North,Winter,0,0,115,108.2,6.8
2023-12-22,S005,P0016,Toys,North,Winter,1,0,151,144.1,6.9
2023-12-23,S005,P0016,Toys,North,Winter,1,0,131,127.6,3.4
2023-12-24,S005,P0016,Toys,North,Winter,0,0,62,117.0,-55.0
2023-12-25,S005,P0016,Toys,North,Winter,0,0,96,96.8,-0.8
2023-12-26,S005,P0016,Toys,North,Winter,1,0,159,124.6,34.4
2023-12-27,S005,P0016,Toys,North,Winter,0,1,18,52.3,-34.3
2023-12-28,S005,P0016,Toys,North,Winter,0,1,8,53.5,-45.5
2023-12-29,S005,P0016,Toys,North,Winter,0,1,11,28.3,-17.3
2023-12-30,S005,P0016,Toys,North,Winter,0,1,35,32.6,2.4
2023-12-31,S005,P0016,Toys,North,Winter,0,1,25,31.4,-6.4
2024-01-01,S005,P0016,Toys,North,Winter,0,1,22,27.1,-5.1
2024-01-02,S005,P0016,Toys,North,Winter,0,1,14,33.6,-19.6
2024-01-03,S005,P0016,Toys,North,Winter,0,1,37,37.0,0.0
2024-01-04,S005,P0016,Toys,North,Winter,0,1,40,37.2,2.8
2024-01-05,S005,P0016,Toys,North,Winter,0,1,14,25.9,-11.9
2024-01-06,S005,P0016,Toys,North,Winter,0,1,30,29.5,0.5
2024-01-07,S005,P0016,Toys,North,Winter,1,1,33,37.4,-4.4
2024-01-08,S005,P0016,Toys,North,Winter,1,1,18,35.0,-17.0
2024-01-09,S005,P0016,Toys,North,Winter,1,0,106,127.6,-21.6
2024-01-10,S005,P0016,Toys,North,Winter,1,0,154,137.9,16.1
2024-01-11,S005,P0016,Toys,North,Winter,0,0,97,100.4,-3.5
2024-01-12,S005,P0016,Toys,North,Winter,0,0,111,97.7,13.3
2024-01-13,S005,P0016,Toys,North,Winter,1,0,164,137.2,26.8
2024-01-14,S005,P0016,Toys,North,Winter,1,0,106,111.8,-5.8
2024-01-15,S005,P0016,Toys,North,Winter,1,0,103,124.0,-21.0
2024-01-16,S005,P0016,Toys,North,Winter,1,0,148,119.6,28.4
2024-01-17,S005,P0016,Toys,North,Winter,0,0,101,104.8,-3.8
2024-01-18,S005,P0016,Toys,North,Winter,1,0,138,132.4,5.6
2024-01-19,S005,P0016,Toys,North,Winter,0,0,33,96.1,-63.1
2024-01-20,S005,P0016,Toys,North,Winter,0,0,122,122.5,-0.5
2024-01-21,S005,P0016,Toys,North,Winter,0,0,112,99.1,12.9
2024-01-22,S005,P0016,Toys,North,Winter,0,0,126,106.9,19.1
2024-01-23,S005,P0016,Toys,North,Winter,1,0,149,117.6,31.4
2024-01-24,S005,P0016,Toys,North,Winter,0,0,83,100.5,-17.5
2024-01-25,S005,P0016,Toys,North,Winter,0,0,98,107.1,-9.1
2024-01-26,S005,P0016,Toys,North,Winter,0,0,69,96.0,-27.0
2024-01-27,S005,P0016,Toys,North,Winter,0,0,48,91.2,-43.2
2024-01-28,S005,P0016,Toys,North,Winter,0,0,65,94.8,-29.8
2024-01-29,S005,P0016,Toys,North,Winter,0,0,109,95.4,13.6
2024-01-30,S005,P0016,Toys,North,Winter,0,0,64,86.5,-22.5
2023-09-07,S005,P0017,Toys,North,Autumn,0,0,106,99.2,6.8
2023-09-08,S005,P0017,Toys,North,Autumn,0,0,69,92.7,-23.7
2023-09-09,S005,P0017,Toys,North,Autumn,1,0,83,109.0,-26.0
2023-09-10,S005,P0017,Toys,North,Autumn,1,0,124,121.0,3.0
2023-09-11,S005,P0017,Toys,North,Autumn,1,0,118,148.3,-30.3
2023-09-12,S005,P0017,Toys,North,Autumn,0,0,137,103.1,33.9
2023-09-13,S005,P0017,Toys,North,Autumn,0,0,58,91.8,-33.8
2023-09-14,S005,P0017,Toys,North,Autumn,0,0,120,119.8,0.2
2023-09-15,S005,P0017,Toys,North,Autumn,0,0,69,95.8,-26.8
2023-09-16,S005,P0017,Toys,North,Autumn,1,0,121,131.2,-10.2
2023-09-17,S005,P0017,Toys,North,Autumn,1,0,218,155.3,62.7
2023-09-18,S005,P0017,Toys,North,Autumn,0,0,92,93.3,-1.3
2023-09-19,S005,P0017,Toys,North,Autumn,1,0,98,132.4,-34.4
2023-09-20,S005,P0017,Toys,North,Autumn,0,0,99,111.4,-12.4
2023-09-21,S005,P0017,Toys,North,Autumn,1,0,124,122.1,1.9
2023-09-22,S005,P0017,Toys,North,Autumn,1,0,97,116.2,-19.2
2023-09-23,S005,P0017,Toys,North,Autumn,0,0,117,120.9,-3.9
2023-09-24,S005,P0017,Toys,North,Autumn,0,0,79,93.4,-14.4
2023-09-25,S005,P0017,Toys,North,Autumn,1,0,126,127.6,-1.6
2023-09-26,S005,P0017,Toys,North,Autumn,1,0,147,138.3,8.7
2023-09-27,S005,P0017,Toys,North,Autumn,0,0,74,96.4,-22.3
2023-09-28,S005,P0017,Toys,North,Autumn,0,0,130,101.6,28.3
2023-09-29,S005,P0017,Toys,North,Autumn,0,0,124,114.0,10.0
2023-09-30,S005,P0017,Toys,North,Autumn,0,0,94,95.1,-1.1
2023-10-01,S005,P0017,Toys,North,Autumn,0,0,108,95.4,12.6
2023-10-02,S005,P0017,Toys,North,Autumn,0,0,129,118.6,10.4
2023-10-03,S005,P0017,Toys,North,Autumn,0,0,79,97.2,-18.2
2023-10-04,S005,P0017,Toys,North,Autumn,0,0,121,99.3,21.7
2023-10-05,S005,P0017,Toys,North,Autumn,0,0,44,91.4,-47.4
2023-10-06,S005,P0017,Toys,North,Autumn,0,0,46,93.3,-47.3
2023-10-07,S005,P0017,Toys,North,Autumn,0,1,37,24.8,12.2
2023-10-08,S005,P0017,Toys,North,Autumn,1,1,15,28.6,-13.6
2023-10-09,S005,P0017,Toys,North,Autumn,0,1,9,26.0,-17.0
2023-10-10,S005,P0017,Toys,North,Autumn,1,1,63,42.3,20.7
2023-10-11,S005,P0017,Toys,North,Autumn,0,1,37,37.2,-0.2
2023-10-12,S005,P0017,Toys,North,Autumn,1,1,45,38.8,6.2
2023-10-13,S005,P0017,Toys,North,Autumn,0,1,18,29.9,-11.9
2023-10-14,S005,P0017,Toys,North,Autumn,0,1,19,29.1,-10.1
2023-10-15,S005,P0017,Toys,North,Autumn,0,1,17,32.8,-15.8
2023-10-16,S005,P0017,Toys,North,Autumn,0,1,17,30.5,-13.5
2023-10-17,S005,P0017,Toys,North,Autumn,1,1,39,38.6,0.4
2023-10-18,S005,P0017,Toys,North,Autumn,1,1,8,35.1,-27.1
2023-10-19,S005,P0017,Toys,North,Autumn,1,1,10,45.2,-35.2
2023-10-20,S005,P0017,Toys,North,Autumn,1,1,34,38.9,-4.9
2023-10-21,S005,P0017,Toys,North,Autumn,0,1,29,36.7,-7.7
2023-10-22,S005,P0017,Toys,North,Autumn,0,1,18,32.5,-14.5
2023-10-23,S005,P0017,Toys,North,Autumn,0,1,38,33.5,4.5
2023-10-24,S005,P0017,Toys,North,Autumn,1,1,27,39.7,-12.7
2023-10-25,S005,P0017,Toys,North,Autumn,0,0,105,95.2,9.8
2023-10-26,S005,P0017,Toys,North,Autumn,1,0,105,124.2,-19.2
2023-10-27,S005,P0017,Toys,North,Autumn,0,0,94,106.4,-12.4
2023-10-28,S005,P0017,Toys,North,Autumn,1,0,127,148.7,-21.7
2023-10-29,S005,P0017,Toys,North,Autumn,0,0,99,109.6,-10.6
2023-10-30,S005,P0017,Toys,North,Autumn,0,0,94,97.6,-3.6
2023-10-31,S005,P0017,Toys,North,Autumn,0,0,63,95.8,-32.8
2023-11-01,S005,P0017,Toys,North,Autumn,0,0,130,108.7,21.3
2023-11-02,S005,P0017,Toys,North,Autumn,1,0,146,169.2,-23.2
2023-11-03,S005,P0017,Toys,North,Autumn,0,0,77,98.0,-21.0
2023-11-04,S005,P0017,Toys,North,Autumn,1,0,81,113.9,-32.9
2023-11-05,S005,P0017,Toys,North,Autumn,0,0,97,116.8,-19.8
2023-11-06,S005,P0017,Toys,North,Autumn,0,0,76,103.0,-27.0
2023-11-07,S005,P0017,Toys,North,Autumn,1,0,131,124.6,6.4
2023-11-08,S005,P0017,Toys,North,Autumn,1,0,72,134.7,-62.7
2023-11-09,S005,P0017,Toys,North,Autumn,1,0,87,114.5,-27.5
2023-11-10,S005,P0017,Toys,North,Autumn,0,0,104,98.9,5.1
2023-11-11,S005,P0017,Toys,North,Autumn,0,0,72,96.2,-24.2
2023-11-12,S005,P0017,Toys,North,Autumn,0,0,71,93.9,-22.9
2023-11-13,S005,P0017,Toys,North,Autumn,0,0,121,98.8,22.2
2023-11-14,S005,P0017,Toys,North,Autumn,1,0,71,113.8,-42.8
2023-11-15,S005,P0017,Toys,North,Autumn,1,0,67,112.0,-45.0
2023-11-16,S005,P0017,Toys,North,Autumn,0,0,152,104.0,48.0
2023-11-17,S005,P0017,Toys,North,Autumn,0,0,42,90.0,-48.0
2023-11-18,S005,P0017,Toys,North,Autumn,0,0,129,93.6,35.4
2023-11-19,S005,P0017,Toys,North,Autumn,0,0,84,106.2,-22.2
2023-11-20,S005,P0017,Toys,North,Autumn,0,0,101,90.0,11.0
2023-11-21,S005,P0017,Toys,North,Autumn,0,0,112,108.8,3.2
2023-11-22,S005,P0017,Toys,North,Autumn,1,0,141,133.6,7.4
2023-11-23,S005,P0017,Toys,North,Autumn,1,0,179,136.7,42.3
2023-11-24,S005,P0017,Toys,North,Autumn,0,0,132,103.2,28.8
2023-11-25,S005,P0017,Toys,North,Autumn,0,0,97,97.6,-0.6
2023-11-26,S005,P0017,Toys,North,Autumn,1,0,206,169.4,36.6
2023-11-27,S005,P0017,Toys,North,Autumn,0,0,78,126.0,-48.0
2023-11-28,S005,P0017,Toys,North,Autumn,0,0,120,109.7,10.3
2023-11-29,S005,P0017,Toys,North,Autumn,0,0,95,124.8,-29.8
2023-11-30,S005,P0017,Toys,North,Autumn,0,0,112,115.6,-3.5
2023-12-01,S005,P0017,Toys,North,Winter,0,0,156,123.4,32.6
2023-12-02,S005,P0017,Toys,North,Winter,0,0,89,104.6,-15.6
2023-12-03,S005,P0017,Toys,North,Winter,0,0,118,102.5,15.5
2023-12-04,S005,P0017,Toys,North,Winter,0,0,112,98.6,13.4
2023-12-05,S005,P0017,Toys,North,Winter,0,0,92,97.8,-5.8
2023-12-06,S005,P0017,Toys,North,Winter,1,0,117,148.7,-31.7
2023-12-07,S005,P0017,Toys,North,Winter,0,0,84,99.1,-15.1
2023-12-08,S005,P0017,Toys,North,Winter,1,0,51,112.5,-61.5
2023-12-09,S005,P0017,Toys,North,Winter,0,0,36,88.4,-52.4
2023-12-10,S005,P0017,Toys,North,Winter,0,0,57,86.8,-29.8
2023-12-11,S005,P0017,Toys,North,Winter,1,0,69,112.5,-43.5
2023-12-12,S005,P0017,Toys,North,Winter,1,0,203,139.3,63.7
2023-12-13,S005,P0017,Toys,North,Winter,0,0,155,111.6,43.4
2023-12-14,S005,P0017,Toys,North,Winter,0,0,144,116.0,28.0
2023-12-15,S005,P0017,Toys,North,Winter,1,0,55,108.3,-53.3
2023-12-16,S005,P0017,Toys,North,Winter,1,0,114,125.1,-11.1
2023-12-17,S005,P0017,Toys,North,Winter,0,0,100,98.0,2.0
2023-12-18,S005,P0017,Toys,North,Winter,0,0,78,99.1,-21.1
2023-12-19,S005,P0017,Toys,North,Winter,0,0,138,127.8,10.2
2023-12-20,S005,P0017,Toys,North,Winter,1,0,122,134.8,-12.8
2023-12-21,S005,P0017,Toys,North,Winter,0,0,75,102.0,-27.0
2023-12-22,S005,P0017,Toys,North,Winter,1,0,114,156.3,-42.3
2023-12-23,S005,P0017,Toys,North,Winter,0,0,129,94.9,34.1
2023-12-24,S005,P0017,Toys,North,Winter,1,0,105,157.0,-52.0
2023-12-25,S005,P0017,Toys,North,Winter,0,0,107,94.5,12.5
2023-12-26,S005,P0017,Toys,North,Winter,0,0,70,93.2,-23.2
2023-12-27,S005,P0017,Toys,North,Winter,1,1,25,96.5,-71.5
2023-12-28,S005,P0017,Toys,North,Winter,0,1,12,28.7,-16.7
2023-12-29,S005,P0017,Toys,North,Winter,0,1,25,30.8,-5.8
2023-12-30,S005,P0017,Toys,North,Winter,0,1,27,34.8,-7.8
2023-12-31,S005,P0017,Toys,North,Winter,0,1,14,27.8,-13.8
2024-01-01,S005,P0017,Toys,North,Winter,0,1,33,30.3,2.7
2024-01-02,S005,P0017,Toys,North,Winter,0,1,16,28.1,-12.1
2024-01-03,S005,P0017,Toys,North,Winter,0,1,28,33.8,-5.8
2024-01-04,S005,P0017,Toys,North,Winter,0,1,17,28.6,-11.6
2024-01-05,S005,P0017,Toys,North,Winter,1,1,18,42.2,-24.2
2024-01-06,S005,P0017,Toys,North,Winter,0,1,8,28.7,-20.7
2024-01-07,S005,P0017,Toys,North,Winter,0,1,11,25.8,-14.8
2024-01-08,S005,P0017,Toys,North,Winter,1,1,7,35.4,-28.4
2024-01-09,S005,P0017,Toys,North,Winter,0,0,75,93.1,-18.1
2024-01-10,S005,P0017,Toys,North,Winter,1,0,82,119.1,-37.1
2024-01-11,S005,P0017,Toys,North,Winter,0,0,92,106.6,-14.6
2024-01-12,S005,P0017,Toys,North,Winter,0,0,60,105.0,-45.0
2024-01-13,S005,P0017,Toys,North,Winter,1,0,146,135.6,10.4
2024-01-14,S005,P0017,Toys,North,Winter,0,0,87,98.4,-11.4
2024-01-15,S005,P0017,Toys,North,Winter,0,0,101,96.5,4.5
2024-01-16,S005,P0017,Toys,North,Winter,0,0,59,92.2,-33.2
2024-01-17,S005,P0017,Toys,North,Winter,0,0,83,97.7,-14.7
2024-01-18,S005,P0017,Toys,North,Winter,0,0,149,114.1,34.9
2024-01-19,S005,P0017,Toys,North,Winter,0,0,99,105.3,-6.3
2024-01-20,S005,P0017,Toys,North,Winter,1,0,156,163.1,-7.1
2024-01-21,S005,P0017,Toys,North,Winter,1,0,118,145.9,-27.9
2024-01-22,S005,P0017,Toys,North,Winter,1,0,124,140.0,-16.0
2024-01-23,S005,P0017,Toys,North,Winter,0,0,30,92.6,-62.6
2024-01-24,S005,P0017,Toys,North,Winter,1,0,93,123.6,-30.6
2024-01-25,S005,P0017,Toys,North,Winter,0,0,117,123.1,-6.1
2024-01-26,S005,P0017,Toys,North,Winter,0,0,75,101.2,-26.2
2024-01-27,S005,P0017,Toys,North,Winter,1,0,111,121.9,-10.9
2024-01-28,S005,P0017,Toys,North,Winter,1,0,106,134.2,-28.2
2024-01-29,S005,P0017,Toys,North,Winter,0,0,132,104.5,27.5
2024-01-30,S005,P0017,Toys,North,Winter,0,0,137,98.2,38.8
2023-09-07,S005,P0018,Clothing,North,Autumn,0,0,93,90.9,2.1
2023-09-08,S005,P0018,Clothing,North,Autumn,1,0,182,139.3,42.7
2023-09-09,S005,P0018,Clothing,North,Autumn,0,0,98,98.6,-0.6
2023-09-10,S005,P0018,Clothing,North,Autumn,0,0,105,96.6,8.4
2023-09-11,S005,P0018,Clothing,North,Autumn,0,0,101,119.2,-18.2
2023-09-12,S005,P0018,Clothing,North,Autumn,0,0,96,101.8,-5.8
2023-09-13,S005,P0018,Clothing,North,Autumn,0,0,58,85.6,-27.7
2023-09-14,S005,P0018,Clothing,North,Autumn,1,0,156,156.5,-0.5
2023-09-15,S005,P0018,Clothing,North,Autumn,0,0,122,109.6,12.4
2023-09-16,S005,P0018,Clothing,North,Autumn,1,0,33,99.2,-66.2
2023-09-17,S005,P0018,Clothing,North,Autumn,1,0,43,99.1,-56.1
2023-09-18,S005,P0018,Clothing,North,Autumn,0,0,106,79.1,26.9
2023-09-19,S005,P0018,Clothing,North,Autumn,0,0,67,83.0,-16.0
2023-09-20,S005,P0018,Clothing,North,Autumn,0,0,182,100.0,82.0
2023-09-21,S005,P0018,Clothing,North,Autumn,0,0,94,87.8,6.2
2023-09-22,S005,P0018,Clothing,North,Autumn,1,0,153,107.7,45.3
2023-09-23,S005,P0018,Clothing,North,Autumn,1,0,198,154.5,43.5
2023-09-24,S005,P0018,Clothing,North,Autumn,1,0,47,105.3,-58.3
2023-09-25,S005,P0018,Clothing,North,Autumn,0,0,116,97.6,18.4
2023-09-26,S005,P0018,Clothing,North,Autumn,0,0,93,105.0,-12.0
2023-09-27,S005,P0018,Clothing,North,Autumn,0,0,126,109.7,16.3
2023-09-28,S005,P0018,Clothing,North,Autumn,1,0,63,112.4,-49.4
2023-09-29,S005,P0018,Clothing,North,Autumn,0,0,105,106.0,-1.0
2023-09-30,S005,P0018,Clothing,North,Autumn,0,0,34,72.3,-38.3
2023-10-01,S005,P0018,Clothing,North,Autumn,0,0,63,77.2,-14.2
2023-10-02,S005,P0018,Clothing,North,Autumn,1,0,134,127.6,6.3
2023-10-03,S005,P0018,Clothing,North,Autumn,0,0,214,89.2,124.8
2023-10-04,S005,P0018,Clothing,North,Autumn,0,0,91,93.5,-2.5
2023-10-05,S005,P0018,Clothing,North,Autumn,1,0,30,91.2,-61.2
2023-10-06,S005,P0018,Clothing,North,Autumn,0,0,122,94.4,27.6
2023-10-07,S005,P0018,Clothing,North,Autumn,1,1,109,107.4,1.6
2023-10-08,S005,P0018,Clothing,North,Autumn,1,1,150,119.4,30.6
2023-10-09,S005,P0018,Clothing,North,Autumn,0,1,160,97.4,62.6
2023-10-10,S005,P0018,Clothing,North,Autumn,0,1,190,96.4,93.6
2023-10-11,S005,P0018,Clothing,North,Autumn,0,1,139,104.1,34.9
2023-10-12,S005,P0018,Clothing,North,Autumn,1,1,98,105.4,-7.3
2023-10-13,S005,P0018,Clothing,North,Autumn,1,1,192,132.7,59.3
2023-10-14,S005,P0018,Clothing,North,Autumn,0,1,189,100.8,88.2
2023-10-15,S005,P0018,Clothing,North,Autumn,1,1,209,151.2,57.8
2023-10-16,S005,P0018,Clothing,North,Autumn,0,1,134,101.3,32.7
2023-10-17,S005,P0018,Clothing,North,Autumn,0,1,72,88.5,-16.5
2023-10-18,S005,P0018,Clothing,North,Autumn,0,1,139,101.2,37.8
2023-10-19,S005,P0018,Clothing,North,Autumn,1,1,260,166.3,93.7
2023-10-20,S005,P0018,Clothing,North,Autumn,1,1,170,146.9,23.1
2023-10-21,S005,P0018,Clothing,North,Autumn,0,1,75,79.2,-4.2
2023-10-22,S005,P0018,Clothing,North,Autumn,0,1,133,103.5,29.5
2023-10-23,S005,P0018,Clothing,North,Autumn,0,1,88,93.4,-5.4
2023-10-24,S005,P0018,Clothing,North,Autumn,0,1,115,100.6,14.4
2023-10-25,S005,P0018,Clothing,North,Autumn,0,0,73,98.4,-25.4
2023-10-26,S005,P0018,Clothing,North,Autumn,0,0,141,113.6,27.4
2023-10-27,S005,P0018,Clothing,North,Autumn,0,0,79,101.2,-22.2
2023-10-28,S005,P0018,Clothing,North,Autumn,1,0,136,146.8,-10.8
2023-10-29,S005,P0018,Clothing,North,Autumn,0,0,146,115.2,30.8
2023-10-30,S005,P0018,Clothing,North,Autumn,0,0,74,86.1,-12.1
2023-10-31,S005,P0018,Clothing,North,Autumn,0,0,109,97.4,11.5
2023-11-01,S005,P0018,Clothing,North,Autumn,0,0,79,84.9,-5.9
2023-11-02,S005,P0018,Clothing,North,Autumn,1,0,142,145.9,-3.9
2023-11-03,S005,P0018,Clothing,North,Autumn,1,0,172,132.9,39.1
2023-11-04,S005,P0018,Clothing,North,Autumn,0,0,79,88.0,-9.0
2023-11-05,S005,P0018,Clothing,North,Autumn,1,0,103,112.0,-9.0
2023-11-06,S005,P0018,Clothing,North,Autumn,0,0,91,89.2,1.8
2023-11-07,S005,P0018,Clothing,North,Autumn,0,0,105,95.8,9.2
2023-11-08,S005,P0018,Clothing,North,Autumn,1,0,191,164.2,26.8
2023-11-09,S005,P0018,Clothing,North,Autumn,1,0,166,137.0,29.0
2023-11-10,S005,P0018,Clothing,North,Autumn,0,0,110,104.3,5.7
2023-11-11,S005,P0018,Clothing,North,Autumn,0,0,159,101.9,57.1
2023-11-12,S005,P0018,Clothing,North,Autumn,1,0,74,97.5,-23.5
2023-11-13,S005,P0018,Clothing,North,Autumn,0,0,169,119.7,49.3
2023-11-14,S005,P0018,Clothing,North,Autumn,0,0,62,84.6,-22.7
2023-11-15,S005,P0018,Clothing,North,Autumn,1,0,101,132.5,-31.5
2023-11-16,S005,P0018,Clothing,North,Autumn,0,0,101,105.8,-4.8
2023-11-17,S005,P0018,Clothing,North,Autumn,0,0,132,104.4,27.6
2023-11-18,S005,P0018,Clothing,North,Autumn,0,0,49,79.9,-30.9
2023-11-19,S005,P0018,Clothing,North,Autumn,1,0,152,153.4,-1.4
2023-11-20,S005,P0018,Clothing,North,Autumn,0,0,144,89.9,54.1
2023-11-21,S005,P0018,Clothing,North,Autumn,0,0,140,113.0,27.0
2023-11-22,S005,P0018,Clothing,North,Autumn,1,0,162,136.1,25.9
2023-11-23,S005,P0018,Clothing,North,Autumn,0,0,146,106.9,39.1
2023-11-24,S005,P0018,Clothing,North,Autumn,0,0,86,93.2,-7.2
2023-11-25,S005,P0018,Clothing,North,Autumn,1,0,89,102.7,-13.7
2023-11-26,S005,P0018,Clothing,North,Autumn,0,0,86,107.1,-21.1
2023-11-27,S005,P0018,Clothing,North,Autumn,0,0,103,108.0,-5.0
2023-11-28,S005,P0018,Clothing,North,Autumn,0,0,122,92.6,29.4
2023-11-29,S005,P0018,Clothing,North,Autumn,0,0,103,104.0,-1.0
2023-11-30,S005,P0018,Clothing,North,Autumn,0,0,87,100.4,-13.4
2023-12-01,S005,P0018,Clothing,North,Winter,0,0,144,109.5,34.5
2023-12-02,S005,P0018,Clothing,North,Winter,1,0,193,142.3,50.7
2023-12-03,S005,P0018,Clothing,North,Winter,0,0,122,109.8,12.2
2023-12-04,S005,P0018,Clothing,North,Winter,0,0,68,94.5,-26.5
2023-12-05,S005,P0018,Clothing,North,Winter,1,0,176,138.6,37.4
2023-12-06,S005,P0018,Clothing,North,Winter,0,0,118,122.7,-4.7
2023-12-07,S005,P0018,Clothing,North,Winter,0,0,131,117.4,13.6
2023-12-08,S005,P0018,Clothing,North,Winter,0,0,176,119.6,56.4
2023-12-09,S005,P0018,Clothing,North,Winter,0,0,108,104.2,3.8
2023-12-10,S005,P0018,Clothing,North,Winter,1,0,106,114.2,-8.2
2023-12-11,S005,P0018,Clothing,North,Winter,0,0,74,88.4,-14.5
2023-12-12,S005,P0018,Clothing,North,Winter,0,0,82,113.1,-31.1
2023-12-13,S005,P0018,Clothing,North,Winter,1,0,145,128.3,16.7
2023-12-14,S005,P0018,Clothing,North,Winter,0,0,175,115.8,59.2
2023-12-15,S005,P0018,Clothing,North,Winter,1,0,171,133.8,37.2
2023-12-16,S005,P0018,Clothing,North,Winter,0,0,121,104.1,16.9
2023-12-17,S005,P0018,Clothing,North,Winter,1,0,47,99.7,-52.7
2023-12-18,S005,P0018,Clothing,North,Winter,0,0,77,92.3,-15.3
2023-12-19,S005,P0018,Clothing,North,Winter,1,0,82,126.1,-44.1
2023-12-20,S005,P0018,Clothing,North,Winter,0,0,150,104.0,46.0
2023-12-21,S005,P0018,Clothing,North,Winter,1,0,87,113.8,-26.8
2023-12-22,S005,P0018,Clothing,North,Winter,0,0,197,113.1,83.9
2023-12-23,S005,P0018,Clothing,North,Winter,1,0,130,125.0,5.0
2023-12-24,S005,P0018,Clothing,North,Winter,0,0,174,120.4,53.6
2023-12-25,S005,P0018,Clothing,North,Winter,0,0,101,98.0,3.0
2023-12-26,S005,P0018,Clothing,North,Winter,0,0,68,88.3,-20.3
2023-12-27,S005,P0018,Clothing,North,Winter,0,1,60,86.2,-26.2
2023-12-28,S005,P0018,Clothing,North,Winter,1,1,193,162.1,30.9
2023-12-29,S005,P0018,Clothing,North,Winter,0,1,194,111.5,82.5
2023-12-30,S005,P0018,Clothing,North,Winter,0,1,138,109.1,28.9
2023-12-31,S005,P0018,Clothing,North,Winter,0,1,197,113.3,83.7
2024-01-01,S005,P0018,Clothing,North,Winter,1,1,172,152.4,19.6
2024-01-02,S005,P0018,Clothing,North,Winter,0,1,128,99.8,28.2
2024-01-03,S005,P0018,Clothing,North,Winter,0,1,83,91.8,-8.8
2024-01-04,S005,P0018,Clothing,North,Winter,1,1,168,148.0,20.0
2024-01-05,S005,P0018,Clothing,North,Winter,1,1,217,164.4,52.6
2024-01-06,S005,P0018,Clothing,North,Winter,0,1,155,106.5,48.5
2024-01-07,S005,P0018,Clothing,North,Winter,0,1,86,93.3,-7.3
2024-01-08,S005,P0018,Clothing,North,Winter,0,1,79,87.7,-8.7
2024-01-09,S005,P0018,Clothing,North,Winter,0,0,61,90.9,-29.9
2024-01-10,S005,P0018,Clothing,North,Winter,0,0,83,99.1,-16.1
2024-01-11,S005,P0018,Clothing,North,Winter,1,0,78,99.9,-21.9
2024-01-12,S005,P0018,Clothing,North,Winter,1,0,72,105.7,-33.7
2024-01-13,S005,P0018,Clothing,North,Winter,0,0,123,105.8,17.2
2024-01-14,S005,P0018,Clothing,North,Winter,0,0,83,87.5,-4.5
2024-01-15,S005,P0018,Clothing,North,Winter,0,0,96,89.8,6.2
2024-01-16,S005,P0018,Clothing,North,Winter,0,0,115,88.8,26.2
2024-01-17,S005,P0018,Clothing,North,Winter,0,0,184,94.6,89.4
2024-01-18,S005,P0018,Clothing,North,Winter,0,0,146,115.7,30.3
2024-01-19,S005,P0018,Clothing,North,Winter,1,0,151,131.1,19.9
2024-01-20,S005,P0018,Clothing,North,Winter,0,0,135,124.8,10.2
2024-01-21,S005,P0018,Clothing,North,Winter,0,0,121,104.4,16.6
2024-01-22,S005,P0018,Clothing,North,Winter,1,0,260,167.6,92.4
2024-01-23,S005,P0018,Clothing,North,Winter,0,0,144,117.8,26.2
2024-01-24,S005,P0018,Clothing,North,Winter,0,0,139,113.6,25.4
2024-01-25,S005,P0018,Clothing,North,Winter,0,0,175,132.5,42.5
2024-01-26,S005,P0018,Clothing,North,Winter,1,0,135,133.3,1.7
2024-01-27,S005,P0018,Clothing,North,Winter,1,0,136,143.7,-7.7
2024-01-28,S005,P0018,Clothing,North,Winter,1,0,115,135.4,-20.4
2024-01-29,S005,P0018,Clothing,North,Winter,0,0,202,123.1,78.9
2024-01-30,S005,P0018,Clothing,North,Winter,0,0,68,86.3,-18.3
2023-09-07,S005,P0019,Furniture,North,Autumn,1,0,91,102.1,-11.1
2023-09-08,S005,P0019,Furniture,North,Autumn,0,0,81,77.6,3.4
2023-09-09,S005,P0019,Furniture,North,Autumn,0,0,57,78.2,-21.2
2023-09-10,S005,P0019,Furniture,North,Autumn,0,0,77,84.6,-7.7
2023-09-11,S005,P0019,Furniture,North,Autumn,0,0,67,82.1,-15.1
2023-09-12,S005,P0019,Furniture,North,Autumn,0,0,108,114.8,-6.8
2023-09-13,S005,P0019,Furniture,North,Autumn,0,0,90,91.5,-1.5
2023-09-14,S005,P0019,Furniture,North,Autumn,1,0,166,141.8,24.2
2023-09-15,S005,P0019,Furniture,North,Autumn,0,0,96,97.8,-1.8
2023-09-16,S005,P0019,Furniture,North,Autumn,0,0,77,94.6,-17.6
2023-09-17,S005,P0019,Furniture,North,Autumn,0,0,83,93.2,-10.2
2023-09-18,S005,P0019,Furniture,North,Autumn,0,0,79,93.0,-14.0
2023-09-19,S005,P0019,Furniture,North,Autumn,1,0,65,93.1,-28.1
2023-09-20,S005,P0019,Furniture,North,Autumn,1,0,51,101.6,-50.7
2023-09-21,S005,P0019,Furniture,North,Autumn,0,0,66,79.8,-13.8
2023-09-22,S005,P0019,Furniture,North,Autumn,1,0,104,113.5,-9.5
2023-09-23,S005,P0019,Furniture,North,Autumn,1,0,54,86.8,-32.8
2023-09-24,S005,P0019,Furniture,North,Autumn,0,0,94,92.2,1.8
2023-09-25,S005,P0019,Furniture,North,Autumn,0,0,119,105.0,14.0
2023-09-26,S005,P0019,Furniture,North,Autumn,0,0,74,88.8,-14.8
2023-09-27,S005,P0019,Furniture,North,Autumn,0,0,88,95.6,-7.6
2023-09-28,S005,P0019,Furniture,North,Autumn,1,0,115,111.8,3.2
2023-09-29,S005,P0019,Furniture,North,Autumn,0,0,83,88.5,-5.5
2023-09-30,S005,P0019,Furniture,North,Autumn,0,0,46,52.5,-6.5
2023-10-01,S005,P0019,Furniture,North,Autumn,0,0,70,78.5,-8.5
2023-10-02,S005,P0019,Furniture,North,Autumn,0,0,83,95.1,-12.1
2023-10-03,S005,P0019,Furniture,North,Autumn,0,0,82,89.8,-7.8
2023-10-04,S005,P0019,Furniture,North,Autumn,0,0,89,99.2,-10.2
2023-10-05,S005,P0019,Furniture,North,Autumn,0,0,48,75.2,-27.2
2023-10-06,S005,P0019,Furniture,North,Autumn,0,0,75,76.5,-1.5
2023-10-07,S005,P0019,Furniture,North,Autumn,1,1,31,46.5,-15.5
2023-10-08,S005,P0019,Furniture,North,Autumn,1,1,34,42.7,-8.7
2023-10-09,S005,P0019,Furniture,North,Autumn,1,1,48,42.2,5.8
2023-10-10,S005,P0019,Furniture,North,Autumn,0,1,20,33.2,-13.2
2023-10-11,S005,P0019,Furniture,North,Autumn,0,1,48,43.4,4.6
2023-10-12,S005,P0019,Furniture,North,Autumn,1,1,51,45.5,5.5
2023-10-13,S005,P0019,Furniture,North,Autumn,1,1,31,41.0,-10.0
2023-10-14,S005,P0019,Furniture,North,Autumn,0,1,22,33.0,-11.0
2023-10-15,S005,P0019,Furniture,North,Autumn,0,1,9,33.0,-24.0
2023-10-16,S005,P0019,Furniture,North,Autumn,0,1,46,34.9,11.1
2023-10-17,S005,P0019,Furniture,North,Autumn,1,1,53,51.0,2.0
2023-10-18,S005,P0019,Furniture,North,Autumn,0,1,46,33.2,12.8
2023-10-19,S005,P0019,Furniture,North,Autumn,1,1,32,51.3,-19.3
2023-10-20,S005,P0019,Furniture,North,Autumn,0,1,41,37.7,3.3
2023-10-21,S005,P0019,Furniture,North,Autumn,1,1,59,51.1,7.9
2023-10-22,S005,P0019,Furniture,North,Autumn,0,1,39,34.8,4.2
2023-10-23,S005,P0019,Furniture,North,Autumn,0,1,26,34.2,-8.1
2023-10-24,S005,P0019,Furniture,North,Autumn,0,1,32,33.6,-1.6
2023-10-25,S005,P0019,Furniture,North,Autumn,0,0,70,74.0,-4.0
2023-10-26,S005,P0019,Furniture,North,Autumn,1,0,47,79.7,-32.7
2023-10-27,S005,P0019,Furniture,North,Autumn,0,0,132,97.0,35.0
2023-10-28,S005,P0019,Furniture,North,Autumn,1,0,124,112.5,11.5
2023-10-29,S005,P0019,Furniture,North,Autumn,0,0,75,83.4,-8.4
2023-10-30,S005,P0019,Furniture,North,Autumn,0,0,57,79.3,-22.3
2023-10-31,S005,P0019,Furniture,North,Autumn,0,0,59,73.8,-14.8
2023-11-01,S005,P0019,Furniture,North,Autumn,1,0,146,133.5,12.5
2023-11-02,S005,P0019,Furniture,North,Autumn,1,0,61,94.0,-33.0
2023-11-03,S005,P0019,Furniture,North,Autumn,0,0,54,64.8,-10.8
2023-11-04,S005,P0019,Furniture,North,Autumn,1,0,74,90.8,-16.8
2023-11-05,S005,P0019,Furniture,North,Autumn,0,0,73,72.7,0.3
2023-11-06,S005,P0019,Furniture,North,Autumn,0,0,77,89.4,-12.4
2023-11-07,S005,P0019,Furniture,North,Autumn,0,0,80,90.8,-10.8
2023-11-08,S005,P0019,Furniture,North,Autumn,0,0,73,86.2,-13.2
2023-11-09,S005,P0019,Furniture,North,Autumn,0,0,46,65.1,-19.1
2023-11-10,S005,P0019,Furniture,North,Autumn,1,0,70,95.7,-25.7
2023-11-11,S005,P0019,Furniture,North,Autumn,0,0,51,63.7,-12.7
2023-11-12,S005,P0019,Furniture,North,Autumn,0,0,93,101.4,-8.4
2023-11-13,S005,P0019,Furniture,North,Autumn,0,0,73,73.1,-0.1
2023-11-14,S005,P0019,Furniture,North,Autumn,0,0,41,59.4,-18.4
2023-11-15,S005,P0019,Furniture,North,Autumn,1,0,114,118.8,-4.8
2023-11-16,S005,P0019,Furniture,North,Autumn,0,0,72,81.3,-9.3
2023-11-17,S005,P0019,Furniture,North,Autumn,0,0,87,93.4,-6.4
2023-11-18,S005,P0019,Furniture,North,Autumn,1,0,90,111.3,-21.3
2023-11-19,S005,P0019,Furniture,North,Autumn,0,0,96,115.4,-19.4
2023-11-20,S005,P0019,Furniture,North,Autumn,0,0,85,94.2,-9.2
2023-11-21,S005,P0019,Furniture,North,Autumn,1,0,95,108.6,-13.6
2023-11-22,S005,P0019,Furniture,North,Autumn,1,0,112,118.0,-6.0
2023-11-23,S005,P0019,Furniture,North,Autumn,0,0,84,87.8,-3.8
2023-11-24,S005,P0019,Furniture,North,Autumn,0,0,76,81.9,-5.9
2023-11-25,S005,P0019,Furniture,North,Autumn,0,0,85,80.3,4.7
2023-11-26,S005,P0019,Furniture,North,Autumn,1,0,135,142.7,-7.7
2023-11-27,S005,P0019,Furniture,North,Autumn,1,0,101,141.8,-40.8
2023-11-28,S005,P0019,Furniture,North,Autumn,0,0,47,67.2,-20.2
2023-11-29,S005,P0019,Furniture,North,Autumn,0,0,70,70.3,-0.3
2023-11-30,S005,P0019,Furniture,North,Autumn,0,0,56,75.9,-19.9
2023-12-01,S005,P0019,Furniture,North,Winter,0,0,83,93.2,-10.2
2023-12-02,S005,P0019,Furniture,North,Winter,1,0,96,105.9,-9.9
2023-12-03,S005,P0019,Furniture,North,Winter,1,0,41,71.0,-30.0
2023-12-04,S005,P0019,Furniture,North,Winter,0,0,77,89.9,-12.9
2023-12-05,S005,P0019,Furniture,North,Winter,0,0,86,92.9,-6.9
2023-12-06,S005,P0019,Furniture,North,Winter,1,0,128,132.2,-4.2
2023-12-07,S005,P0019,Furniture,North,Winter,0,0,51,71.3,-20.3
2023-12-08,S005,P0019,Furniture,North,Winter,0,0,60,75.1,-15.1
2023-12-09,S005,P0019,Furniture,North,Winter,0,0,44,72.7,-28.7
2023-12-10,S005,P0019,Furniture,North,Winter,0,0,111,118.7,-7.7
2023-12-11,S005,P0019,Furniture,North,Winter,0,0,94,114.4,-20.4
2023-12-12,S005,P0019,Furniture,North,Winter,1,0,86,109.4,-23.4
2023-12-13,S005,P0019,Furniture,North,Winter,1,0,126,131.1,-5.1
2023-12-14,S005,P0019,Furniture,North,Winter,0,0,63,82.3,-19.3
2023-12-15,S005,P0019,Furniture,North,Winter,0,0,112,103.9,8.1
2023-12-16,S005,P0019,Furniture,North,Winter,0,0,95,92.3,2.7
2023-12-17,S005,P0019,Furniture,North,Winter,1,0,135,106.9,28.1
2023-12-18,S005,P0019,Furniture,North,Winter,1,0,85,109.9,-24.9
2023-12-19,S005,P0019,Furniture,North,Winter,0,0,86,87.9,-1.9
2023-12-20,S005,P0019,Furniture,North,Winter,0,0,41,55.4,-14.4
2023-12-21,S005,P0019,Furniture,North,Winter,1,0,103,112.7,-9.7
2023-12-22,S005,P0019,Furniture,North,Winter,0,0,52,74.8,-22.8
2023-12-23,S005,P0019,Furniture,North,Winter,1,0,80,98.0,-18.0
2023-12-24,S005,P0019,Furniture,North,Winter,0,0,88,92.6,-4.6
2023-12-25,S005,P0019,Furniture,North,Winter,0,0,66,82.7,-16.7
2023-12-26,S005,P0019,Furniture,North,Winter,0,0,66,75.6,-9.5
2023-12-27,S005,P0019,Furniture,North,Winter,1,1,32,45.0,-13.0
2023-12-28,S005,P0019,Furniture,North,Winter,0,1,16,35.0,-19.0
2023-12-29,S005,P0019,Furniture,North,Winter,0,1,37,40.9,-3.9
2023-12-30,S005,P0019,Furniture,North,Winter,0,1,50,35.6,14.4
2023-12-31,S005,P0019,Furniture,North,Winter,0,1,37,34.7,2.3
2024-01-01,S005,P0019,Furniture,North,Winter,0,1,40,34.1,5.9
2024-01-02,S005,P0019,Furniture,North,Winter,0,1,32,34.3,-2.3
2024-01-03,S005,P0019,Furniture,North,Winter,0,1,17,33.7,-16.7
2024-01-04,S005,P0019,Furniture,North,Winter,0,1,7,33.6,-26.6
2024-01-05,S005,P0019,Furniture,North,Winter,1,1,25,42.8,-17.8
2024-01-06,S005,P0019,Furniture,North,Winter,0,1,42,34.0,8.0
2024-01-07,S005,P0019,Furniture,North,Winter,1,1,37,44.6,-7.6
2024-01-08,S005,P0019,Furniture,North,Winter,1,1,52,46.8,5.1
2024-01-09,S005,P0019,Furniture,North,Winter,1,0,129,111.4,17.5
2024-01-10,S005,P0019,Furniture,North,Winter,0,0,39,66.6,-27.6
2024-01-11,S005,P0019,Furniture,North,Winter,0,0,84,81.3,2.7
2024-01-12,S005,P0019,Furniture,North,Winter,0,0,82,85.8,-3.8
2024-01-13,S005,P0019,Furniture,North,Winter,1,0,113,116.0,-3.0
2024-01-14,S005,P0019,Furniture,North,Winter,0,0,71,88.3,-17.3
2024-01-15,S005,P0019,Furniture,North,Winter,0,0,25,48.2,-23.2
2024-01-16,S005,P0019,Furniture,North,Winter,0,0,64,79.3,-15.3
2024-01-17,S005,P0019,Furniture,North,Winter,0,0,69,87.5,-18.5
2024-01-18,S005,P0019,Furniture,North,Winter,1,0,143,141.5,1.5
2024-01-19,S005,P0019,Furniture,North,Winter,0,0,88,91.4,-3.4
2024-01-20,S005,P0019,Furniture,North,Winter,0,0,72,86.4,-14.4
2024-01-21,S005,P0019,Furniture,North,Winter,0,0,114,120.1,-6.1
2024-01-22,S005,P0019,Furniture,North,Winter,1,0,149,134.9,14.1
2024-01-23,S005,P0019,Furniture,North,Winter,0,0,51,61.1,-10.1
2024-01-24,S005,P0019,Furniture,North,Winter,1,0,89,104.5,-15.5
2024-01-25,S005,P0019,Furniture,North,Winter,1,0,97,123.7,-26.7
2024-01-26,S005,P0019,Furniture,North,Winter,1,0,89,109.4,-20.3
2024-01-27,S005,P0019,Furniture,North,Winter,0,0,63,71.0,-8.0
2024-01-28,S005,P0019,Furniture,North,Winter,0,0,77,89.1,-12.1
2024-01-29,S005,P0019,Furniture,North,Winter,0,0,63,66.7,-3.7
2024-01-30,S005,P0019,Furniture,North,Winter,0,0,84,94.2,-10.2
2023-09-07,S005,P0020,Toys,North,Autumn,1,0,125,114.1,10.9
2023-09-08,S005,P0020,Toys,North,Autumn,0,0,98,86.7,11.3
2023-09-09,S005,P0020,Toys,North,Autumn,1,0,125,106.9,18.1
2023-09-10,S005,P0020,Toys,North,Autumn,1,0,123,114.6,8.4
2023-09-11,S005,P0020,Toys,North,Autumn,0,0,119,100.4,18.6
2023-09-12,S005,P0020,Toys,North,Autumn,0,0,73,93.0,-20.0
2023-09-13,S005,P0020,Toys,North,Autumn,1,0,112,109.7,2.3
2023-09-14,S005,P0020,Toys,North,Autumn,0,0,51,100.1,-49.1
2023-09-15,S005,P0020,Toys,North,Autumn,1,0,165,126.0,39.0
2023-09-16,S005,P0020,Toys,North,Autumn,0,0,108,88.4,19.6
2023-09-17,S005,P0020,Toys,North,Autumn,0,0,100,93.2,6.8
2023-09-18,S005,P0020,Toys,North,Autumn,0,0,109,87.9,21.1
2023-09-19,S005,P0020,Toys,North,Autumn,0,0,75,93.2,-18.2
2023-09-20,S005,P0020,Toys,North,Autumn,1,0,123,130.6,-7.6
2023-09-21,S005,P0020,Toys,North,Autumn,0,0,126,87.2,38.8
2023-09-22,S005,P0020,Toys,North,Autumn,1,0,127,107.3,19.7
2023-09-23,S005,P0020,Toys,North,Autumn,0,0,102,103.1,-1.1
2023-09-24,S005,P0020,Toys,North,Autumn,1,0,154,116.2,37.8
2023-09-25,S005,P0020,Toys,North,Autumn,1,0,77,105.1,-28.1
2023-09-26,S005,P0020,Toys,North,Autumn,0,0,108,96.5,11.5
2023-09-27,S005,P0020,Toys,North,Autumn,0,0,108,94.9,13.1
2023-09-28,S005,P0020,Toys,North,Autumn,0,0,95,93.2,1.8
2023-09-29,S005,P0020,Toys,North,Autumn,0,0,74,101.4,-27.4
2023-09-30,S005,P0020,Toys,North,Autumn,0,0,71,89.6,-18.6
2023-10-01,S005,P0020,Toys,North,Autumn,0,0,92,87.0,5.0
2023-10-02,S005,P0020,Toys,North,Autumn,0,0,90,101.5,-11.5
2023-10-03,S005,P0020,Toys,North,Autumn,0,0,114,90.7,23.3
2023-10-04,S005,P0020,Toys,North,Autumn,0,0,120,91.8,28.2
2023-10-05,S005,P0020,Toys,North,Autumn,1,0,96,110.9,-14.9
2023-10-06,S005,P0020,Toys,North,Autumn,1,0,66,112.6,-46.6
2023-10-07,S005,P0020,Toys,North,Autumn,0,1,37,26.6,10.4
2023-10-08,S005,P0020,Toys,North,Autumn,0,1,22,17.1,4.9
2023-10-09,S005,P0020,Toys,North,Autumn,0,1,47,22.1,24.9
2023-10-10,S005,P0020,Toys,North,Autumn,0,1,25,17.8,7.2
2023-10-11,S005,P0020,Toys,North,Autumn,0,1,26,25.6,0.4
2023-10-12,S005,P0020,Toys,North,Autumn,0,1,42,26.4,15.6
2023-10-13,S005,P0020,Toys,North,Autumn,1,1,49,31.8,17.2
2023-10-14,S005,P0020,Toys,North,Autumn,0,1,10,22.8,-12.8
2023-10-15,S005,P0020,Toys,North,Autumn,0,1,32,27.0,4.9
2023-10-16,S005,P0020,Toys,North,Autumn,1,1,37,32.5,4.5
2023-10-17,S005,P0020,Toys,North,Autumn,0,1,52,28.0,24.0
2023-10-18,S005,P0020,Toys,North,Autumn,1,1,18,33.0,-15.0
2023-10-19,S005,P0020,Toys,North,Autumn,0,1,35,30.3,4.7
2023-10-20,S005,P0020,Toys,North,Autumn,0,1,15,21.4,-6.4
2023-10-21,S005,P0020,Toys,North,Autumn,1,1,43,37.0,6.0
2023-10-22,S005,P0020,Toys,North,Autumn,0,1,32,26.0,6.0
2023-10-23,S005,P0020,Toys,North,Autumn,1,1,40,34.9,5.1
2023-10-24,S005,P0020,Toys,North,Autumn,0,1,14,20.8,-6.9
2023-10-25,S005,P0020,Toys,North,Autumn,1,0,156,130.5,25.5
2023-10-26,S005,P0020,Toys,North,Autumn,1,0,141,127.8,13.2
2023-10-27,S005,P0020,Toys,North,Autumn,1,0,116,145.9,-29.9
2023-10-28,S005,P0020,Toys,North,Autumn,0,0,107,104.4,2.6
2023-10-29,S005,P0020,Toys,North,Autumn,0,0,31,101.7,-70.7
2023-10-30,S005,P0020,Toys,North,Autumn,0,0,67,86.5,-19.5
2023-10-31,S005,P0020,Toys,North,Autumn,0,0,36,84.5,-48.5
2023-11-01,S005,P0020,Toys,North,Autumn,0,0,36,89.2,-53.2
2023-11-02,S005,P0020,Toys,North,Autumn,1,0,72,132.3,-60.3
2023-11-03,S005,P0020,Toys,North,Autumn,1,0,111,105.9,5.1
2023-11-04,S005,P0020,Toys,North,Autumn,0,0,101,102.2,-1.2
2023-11-05,S005,P0020,Toys,North,Autumn,0,0,88,91.6,-3.6
2023-11-06,S005,P0020,Toys,North,Autumn,0,0,75,87.2,-12.2
2023-11-07,S005,P0020,Toys,North,Autumn,0,0,136,91.6,44.4
2023-11-08,S005,P0020,Toys,North,Autumn,0,0,110,105.0,5.0
2023-11-09,S005,P0020,Toys,North,Autumn,0,0,91,88.2,2.8
2023-11-10,S005,P0020,Toys,North,Autumn,1,0,86,110.7,-24.7
2023-11-11,S005,P0020,Toys,North,Autumn,0,0,83,87.8,-4.8
2023-11-12,S005,P0020,Toys,North,Autumn,0,0,98,87.6,10.4
2023-11-13,S005,P0020,Toys,North,Autumn,0,0,85,94.2,-9.2
2023-11-14,S005,P0020,Toys,North,Autumn,0,0,76,87.2,-11.2
2023-11-15,S005,P0020,Toys,North,Autumn,1,0,59,103.4,-44.4
2023-11-16,S005,P0020,Toys,North,Autumn,0,0,98,91.7,6.3
2023-11-17,S005,P0020,Toys,North,Autumn,1,0,134,109.4,24.6
2023-11-18,S005,P0020,Toys,North,Autumn,0,0,47,87.8,-40.8
2023-11-19,S005,P0020,Toys,North,Autumn,0,0,39,104.9,-65.9
2023-11-20,S005,P0020,Toys,North,Autumn,0,0,68,80.7,-12.7
2023-11-21,S005,P0020,Toys,North,Autumn,1,0,80,125.1,-45.1
2023-11-22,S005,P0020,Toys,North,Autumn,0,0,68,86.9,-18.9
2023-11-23,S005,P0020,Toys,North,Autumn,0,0,83,83.6,-0.6
2023-11-24,S005,P0020,Toys,North,Autumn,0,0,124,95.8,28.2
2023-11-25,S005,P0020,Toys,North,Autumn,1,0,76,102.4,-26.4
2023-11-26,S005,P0020,Toys,North,Autumn,1,0,95,128.3,-33.3
2023-11-27,S005,P0020,Toys,North,Autumn,1,0,40,131.7,-91.7
2023-11-28,S005,P0020,Toys,North,Autumn,1,0,75,104.2,-29.2
2023-11-29,S005,P0020,Toys,North,Autumn,0,0,65,100.0,-35.0
2023-11-30,S005,P0020,Toys,North,Autumn,0,0,70,90.4,-20.4
2023-12-01,S005,P0020,Toys,North,Winter,0,0,35,101.5,-66.5
2023-12-02,S005,P0020,Toys,North,Winter,1,0,103,103.0,0.0
2023-12-03,S005,P0020,Toys,North,Winter,0,0,80,92.2,-12.2
2023-12-04,S005,P0020,Toys,North,Winter,1,0,85,107.4,-22.4
2023-12-05,S005,P0020,Toys,North,Winter,1,0,151,116.4,34.6
2023-12-06,S005,P0020,Toys,North,Winter,1,0,48,131.8,-83.8
2023-12-07,S005,P0020,Toys,North,Winter,0,0,69,91.8,-22.8
2023-12-08,S005,P0020,Toys,North,Winter,1,0,116,106.5,9.5
2023-12-09,S005,P0020,Toys,North,Winter,1,0,48,104.2,-56.2
2023-12-10,S005,P0020,Toys,North,Winter,0,0,77,87.0,-10.0
2023-12-11,S005,P0020,Toys,North,Winter,1,0,67,103.0,-36.0
2023-12-12,S005,P0020,Toys,North,Winter,0,0,62,99.4,-37.4
2023-12-13,S005,P0020,Toys,North,Winter,0,0,96,102.2,-6.2
2023-12-14,S005,P0020,Toys,North,Winter,0,0,85,100.5,-15.5
2023-12-15,S005,P0020,Toys,North,Winter,0,0,116,90.2,25.8
2023-12-16,S005,P0020,Toys,North,Winter,0,0,149,97.8,51.2
2023-12-17,S005,P0020,Toys,North,Winter,0,0,93,96.7,-3.7
2023-12-18,S005,P0020,Toys,North,Winter,1,0,157,132.8,24.2
2023-12-19,S005,P0020,Toys,North,Winter,0,0,91,100.3,-9.3
2023-12-20,S005,P0020,Toys,North,Winter,0,0,117,92.4,24.6
2023-12-21,S005,P0020,Toys,North,Winter,0,0,77,100.8,-23.8
2023-12-22,S005,P0020,Toys,North,Winter,1,0,115,136.2,-21.2
2023-12-23,S005,P0020,Toys,North,Winter,1,0,129,119.6,9.4
2023-12-24,S005,P0020,Toys,North,Winter,0,0,84,102.6,-18.6
2023-12-25,S005,P0020,Toys,North,Winter,0,0,95,91.4,3.6
2023-12-26,S005,P0020,Toys,North,Winter,0,0,93,90.7,2.3
2023-12-27,S005,P0020,Toys,North,Winter,0,1,40,52.4,-12.4
2023-12-28,S005,P0020,Toys,North,Winter,0,1,28,25.8,2.2
2023-12-29,S005,P0020,Toys,North,Winter,0,1,10,25.8,-15.8
2023-12-30,S005,P0020,Toys,North,Winter,0,1,35,25.3,9.7
2023-12-31,S005,P0020,Toys,North,Winter,0,1,18,24.4,-6.4
2024-01-01,S005,P0020,Toys,North,Winter,0,1,16,25.4,-9.4
2024-01-02,S005,P0020,Toys,North,Winter,1,1,53,39.9,13.1
2024-01-03,S005,P0020,Toys,North,Winter,0,1,25,26.3,-1.3
2024-01-04,S005,P0020,Toys,North,Winter,0,1,10,22.6,-12.6
2024-01-05,S005,P0020,Toys,North,Winter,1,1,39,37.2,1.8
2024-01-06,S005,P0020,Toys,North,Winter,1,1,59,43.3,15.7
2024-01-07,S005,P0020,Toys,North,Winter,0,1,34,26.6,7.4
2024-01-08,S005,P0020,Toys,North,Winter,1,1,14,35.0,-21.0
2024-01-09,S005,P0020,Toys,North,Winter,0,0,125,98.2,26.8
2024-01-10,S005,P0020,Toys,North,Winter,0,0,83,99.6,-16.6
2024-01-11,S005,P0020,Toys,North,Winter,0,0,80,96.5,-16.5
2024-01-12,S005,P0020,Toys,North,Winter,0,0,79,89.8,-10.8
2024-01-13,S005,P0020,Toys,North,Winter,0,0,116,101.8,14.2
2024-01-14,S005,P0020,Toys,North,Winter,1,0,116,111.8,4.2
2024-01-15,S005,P0020,Toys,North,Winter,0,0,73,89.0,-16.0
2024-01-16,S005,P0020,Toys,North,Winter,0,0,89,91.9,-2.9
2024-01-17,S005,P0020,Toys,North,Winter,0,0,108,93.5,14.5
2024-01-18,S005,P0020,Toys,North,Winter,1,0,169,141.3,27.7
2024-01-19,S005,P0020,Toys,North,Winter,0,0,68,92.1,-24.1
2024-01-20,S005,P0020,Toys,North,Winter,0,0,117,103.4,13.6
2024-01-21,S005,P0020,Toys,North,Winter,1,0,68,112.7,-44.7
2024-01-22,S005,P0020,Toys,North,Winter,1,0,112,135.2,-23.2
2024-01-23,S005,P0020,Toys,North,Winter,0,0,97,92.3,4.7
2024-01-24,S005,P0020,Toys,North,Winter,1,0,121,114.3,6.7
2024-01-25,S005,P0020,Toys,North,Winter,0,0,63,101.1,-38.1
2024-01-26,S005,P0020,Toys,North,Winter,0,0,134,100.4,33.6
2024-01-27,S005,P0020,Toys,North,Winter,0,0,38,89.7,-51.7
2024-01-28,S005,P0020,Toys,North,Winter,1,0,130,122.0,8.0
2024-01-29,S005,P0020,Toys,North,Winter,0,0,105,95.2,9.8
2024-01-30,S005,P0020,Toys,North,Winter,0,0,73,88.4,-15.4
